Kategori_Cyberbullying,Text_Preprocessed,Text_Tweet
Umpatan Kasar & Binatang,lu yg tolol rika ngaca bodoh lu aja bela oshi kayak bela negara,lu yg tolol Rika ngaca bodoh lu juga sama aja bela oshi kayak bela negara
Umpatan Kasar & Binatang,nyata tolol bodoh,Pernyataan tolol dari orang bodoh 
Umpatan Kasar & Binatang,tolol satpam pke ngelindungi lu jg ush sok nasehat lakiny jg seret eh kl mah rmah bsa tnggal ksh minyak sm api,"tolol satpamnya pke ngelindungi, lu jg g ush sok nasehati harusnya lakiny jg diseret. eh kl itu mah d rmah bsa tnggal di ksh minyak sm api"
Umpatan Kasar & Binatang,lu prime time aj ga tau ck ck ck sgl prime time tv fans bencong tolol,Lu prime time aj ga tau artinya ck ck ck sgl prime time tv fans bencong  tolol
Umpatan Kasar & Binatang,bahasa indonesia aja udah berani komen tolol,"Bahasa Indonesia aja belum bisa, udah berani komen tolol."
Umpatan Kasar & Binatang,loh fakta main bijak supporternya tolol ga bedain timnas klub tolol nama,"Loh, padahal fakta. Pemainnya bijak, tapi supporternya TOLOL. Ga bisa bedain mana Timnas mana Klub. Kalau bukan tolol apa dong namanya?"
Umpatan Kasar & Binatang,pln bangsat lampu mati udah jam yg bener napa si ujan uda renti bangke tolol,"Pln bangsat, lampu mati udah setengah jam, kerja yg bener napa si, ujan uda berenti juga, bangke tolol"
Umpatan Kasar & Binatang,tolol kayak lu habis lebaran pinter baek idiot,"Kok ada orang tolol kayak lu, habis lebaran bukannya tambah pinter, baek, malah idiot!"
Umpatan Kasar & Binatang,pantes hamil nikah heran ga cancel culture tolol,"pantes hamil d luar nikah, herannya ga d cancel culture. tolol"
Umpatan Kasar & Binatang,lu tolol banget sih,Kok lu tolol banget sih?
Umpatan Kasar & Binatang,tolol indonesia gandeng usaha usa udah percaya teknologi nuklir udah riset teknologi tinggi udah uji layak dihandle usaha usa banding vietnam otoriter tutup komunis salah pikir,"Tolol, makanya Indonesia gandeng perusahaan USA, karena udah terpercaya diteknologi nuklir, udah riset, punya teknologi tinggi, udah uji kelayakan, & semuanya dihandle perusahaan USA tersebut, kok dibandingkan dengan Vietnam yang otoriter tertutup dan komunis, kesalahan berpikir"
Umpatan Kasar & Binatang,lg kotor neng tolol,Lg kotor neng? Kok tolol?
Umpatan Kasar & Binatang,tolol kampung,Tolol kampungan
Umpatan Kasar & Binatang,yakan gue aku ganteng sih tp kyk tolol tolol gampang manipulasi,"YAKAN, gue akui ganteng sih tp kyk tolol tolol gampang dimanipulasi"
Umpatan Kasar & Binatang,bot dongo kalo uda tolol tolol aja borong goblok jga,"boti dongo, lain kali kalo uda tolol, tolol aja jangan diborong sama goblok nya jga "
Umpatan Kasar & Binatang,kalo tolol liatin bro malu wkwkw ajar ngetik yg bener,Kalo tolol jangan di liatin bro. Malu wkwkw. Belajar dulu cara ngetik yg bener
Umpatan Kasar & Binatang,lu tolol cenblu bego,"lu juga tolol, cenblu bego"
Umpatan Kasar & Binatang,kesel bgt sll gatau lu goblok,"kesel bgt ditanya apa jawabnya sll gatau, lu goblok ya"
Umpatan Kasar & Binatang,na goblok kuadrat,Na ini goblok kuadrat ...
Umpatan Kasar & Binatang,goblok lo nanya anak cewe lo deket mesum naruto mesum pahlawan bego,"Ya itu masih kecil goblok. Kan Lo nanya ""mau anak cewe Lo Deket sama orang mesum"" ya Naruto mesum juga jadi pahlawan bego"
Umpatan Kasar & Binatang,emang goblok,Ya emang goblok
Umpatan Kasar & Binatang,goblok bgt fandom bikin emosi,goblok bgt itu fandom bikin orang emosi terus
Umpatan Kasar & Binatang,ajg goblok autofill pea bikin akun soundcloud pake email himpun,ajg goblok autofill pea hampir bikin akun soundcloud pake email himpunan
Umpatan Kasar & Binatang,ye goblok itumah muasin ego lu doang najis gua dapet istricewe perawan nih keren bgt gua kalo gitumah cewe nuntut laki laki perjaka ngga iya demen cap celup mau yg perawan ga banding bray,"ye goblok itumah cuma buat muasin ego lu doang najis, 'gua dapet istri/cewe masih perawan nih keren bgt gua' kalo gitumah cewe juga boleh dong nuntut laki laki masih perjaka atau ngga, masa iya demen celap celup maunya yg perawan ga sebanding bray"
Umpatan Kasar & Binatang,goblok logika lo sih ampun dah gak yg nyuruh lo buru eramodern tolol gue analogi bawah emak lo cari nafkah lo cuman mokondo emang lo,"goblok kenapa logika lo pada ke sini sih, ampun dah, gak ada yg nyuruh lo berburu di era-modern tolol. 

makanya gue ada pertanyaan analogi dibawahnya, ""kalau emak lo kerja cari nafkah, terus bapak lo cuman jadi mokondo, emang lo mau?"""
Umpatan Kasar & Binatang,guuuoooblookkk tugas elu tolol jabat goblok tolol,Guuuoooblookkk!! Itu harusnya tugas elu tolol. Pejabat goblok dan tolol
Umpatan Kasar & Binatang,gak ngikutin tweetnya awalgoblok bener,Berarti kamu gak ngikutin tweetnya dari awal.Goblok bener...
Umpatan Kasar & Binatang,goblok lu gtin aja kak sebel anj,"goblok lu, gtin aja kak sebel anj"
Umpatan Kasar & Binatang,ai jahat fitnah pake video ai gak benar goblok gak bedain video asli video buat ai gw aja kalo suruh nginjek badan bokap gw kalo gel pegang tembok biar gak jatoh mikir napah,"Ai ini, walau mereka jahat tapi fitnah pake video Ai gak bisa dibenarkan juga.
pada goblok apa gak ada yang bisa bedain Video asli sama video buatan Ai!
gw aja dulu kalo disuruh nginjek² badan bokap gw, kalo lagi pegel² harus pegangan tembok biar gak jatoh. mikir napah."
Umpatan Kasar & Binatang,dihhh zionist goblok sepong noh israhell sayang lu wkwkwkwk met neraka dah,DIHHH ZIONIST GOBLOK SEPONG TERUS NOH ISRAHELL KESAYANGAN LU WKWKWKWK MET MASUK NERAKA DAH YA 
Umpatan Kasar & Binatang,udh bener ungu anjing goblok mobil bapuk anjing malas,TADI UDH BENER S1 UNGU ANJING GOBLOK MOBIL BAPUK ANJING MALAS
Umpatan Kasar & Binatang,dasar goblok qasem solemani jilat saudi goblok kah goblok,Dasar goblok . Itu bukan qasem solemani. Apakah menjilat saudi membuat anda jadi goblok. Sudah kah anda goblok hari ini?
Umpatan Kasar & Binatang,goblok banget yaaa,Wah goblok banget yaaa
Umpatan Kasar & Binatang,mikir goblok,mikir goblok
Umpatan Kasar & Binatang,max maki aja nih tim lo yg tolol goblok bikin emosi aja dasar rb gembrot,"MAX MAKI AJA NIH TIM LO YG TOLOL GOBLOK INI BIKIN EMOSI AJA DASAR RB22 GEMBROT 
@redbullracing"
Umpatan Kasar & Binatang,malu bangga goblok,"Harus malu, bukan malah bangga. Goblok."
Umpatan Kasar & Binatang,lbe go emang susah gue aja yg bego kli,Lbe GO emang susah atau guenya aja yg bego kli ya
Umpatan Kasar & Binatang,bego bgtt ajgg slh jam,bego bgtt ajgg slh jam
Umpatan Kasar & Binatang,ni kasihan kaum bego bilang gak asli aja nyerahkorbannya lanjur bego,"Ini ni kasihan kaum bego, yang bilang gak asli aja nyerah..korbannya terlanjur bego"
Umpatan Kasar & Binatang,bego ga ajar,bego terus ga belajar
Umpatan Kasar & Binatang,begoin orng,"di bego""in sama orng"
Umpatan Kasar & Binatang,bener bupati kalu pikir rakyat gak nuntut gak ngurus gak bawa adil nunggu berita gerus waktu simpul rakyat emang bego,"Bener pak bupatinya kalu berpikir rakyat gak bakal nuntut gak bakal ngurus gak bakal bawa kasus ini ke pengadilan dan nunggu beritanya tergerus waktu dengan sendirinya.

Kesimpulan : Rakyat emang bego"
Umpatan Kasar & Binatang,oh belio arti bego pelihara,Oh belio dalam artian orang bego dipelihara
Umpatan Kasar & Binatang,alesan aja duit gak kepake ntar kalo udah pinjemin purapura bego,alesan aja itu supaya duitnya gak kepake. ntar kalo udah kamu pinjemin dia pura-pura bego.
Umpatan Kasar & Binatang,liat komenan beneran norak bjir wkwkwk ga takut war suruh bego tren unpopular opinion kek gin aja war,"setelah liat komenan lain, beneran norak bjir wkwkwk
ga boleh lah, takut jadi war lah. suruh siapa bego,  masa tren unpopular opinion kek gini aja jadi war"
Umpatan Kasar & Binatang,jgn bego ajh,jgn bego ajh
Umpatan Kasar & Binatang,sampe bego,jangan sampe bego
Umpatan Kasar & Binatang,bego nama,Bego namanya
Umpatan Kasar & Binatang,rakya bego hmm kek nganggep gitu apa yg mreka laku gapernasudah males protes agree percaya,"""Dikira rakya bego?"" Hmm, kek nya mereka selalu nganggep kita gitu.
Karena apapun yg ""mreka"" lakukan kita gaperna/sudah males protes. Seolah kita agree dan percaya saja sama ""mereka""."
Umpatan Kasar & Binatang,next jd pura bego aja,next jd pura2 bego aja 
Umpatan Kasar & Binatang,bego piara,Bego kok dipiara
Umpatan Kasar & Binatang,sok sok ngoreksi emang gak koreksi emang komunikasi ama anggap emang susah sekian aja gua gak terima udahan btw maaf cuy lu gak idiot idiot prabowo,"sok sok-an ngoreksi, emang anda gak perlu dikoreksi. tapi emang komunikasi ama orang yang menganggap diri sendiri benar itu emang susah. jadi cukup sekian aja. walaupun gua yakin anda gak akan terima udahan disini. btw maaf ya cuy, lu gak idiot kok. yang idiot itu prabowo."
Umpatan Kasar & Binatang,bro inkosari ma boss joliki ravodhu boss chudu,"Bro inkosari ma boss joliki ravodhu

Boss 
@KChiruTweets
 itu chudu"
Umpatan Kasar & Binatang,edition kooda cheyyi,F1 edition kooda cheyyi
Umpatan Kasar & Binatang,banding buruk satu idiot,"membandingkan 2 hal buruk, tidak akan membuat yang satunya lebih baik, idiot."
Umpatan Kasar & Binatang,si tahan ngomong sm idiot nder,kok bisa si tahan ngomong sm orang idiot nder
Umpatan Kasar & Binatang,idiot uda chama maubwa na malaya,Idiot UDA chama ya maubwa na malaya
Umpatan Kasar & Binatang,bro inkosari maa boss joliki vasthey bagodhu,Bro inkosari maa Boss Joliki vasthey Bagodhu 
Umpatan Kasar & Binatang,just saw an idiot on tiktok say east africans are only pretty bc they have european features oggikggjngjgjfjdnjdjdkdkddkfkkfmgkgkgkgmgm,"just  saw  an  idiot  on  tiktok  say  east  africans  are  only  pretty  bc  they  have  european  features  

OGGIKGGJNGJGJFJDNJDJDKDKDDKFKKFMGKGKGKGMGM"
Umpatan Kasar & Binatang,koreksi ngatain idiot tipikal indons batas singkat details tau engga ketemu engga tahun engga tetangga or warga,"Dikoreksi malah ngatain idiot. Tipikal Indons. Dibatasi pun masih bisa disingkat tanpa harus details. Nah tau kan, engga ketemu bukan berarti engga ada. Lima tahun di sini apa engga pernah tanya tetangga or warga sekitar?"
Umpatan Kasar & Binatang,contoh mahluk idiot yg negara indonesia si halid min,Contoh mahluk idiot yg ada di negara indonesia ya itu dia si Halid min 
Umpatan Kasar & Binatang,goblok gak ketemu mie ayam gak gak mie ayam primitif saking idiot timbang ngetik batas pikir ngetik idiot pelihara,"gobloknya kamu. gak ketemu mie ayam bukan berarti gak ada, dan gak ada mie ayam bukan berarti primitif. dan saking idiotnya kamu, kamu bahkan tidak mempertimbangkan ngetik di X itu dibatasi. jadi kamu pikir kita bisa ngetik selalu jelas dan panjang. idiot kok dipelihara "
Umpatan Kasar & Binatang,look at this beautiful idiot in shaallah my father will never involve himself into politics ballantana yaje irin wannan wurin shi allah saka wadatar zuci ba kamar naku iyayen ba da suka daura ku hanyar kaskanci da maula,Look at this beautiful idiot. In sha'Allah my father will never involve himself into politics ballantana yaje irin wannan wurin shi Allah ya saka masa wadatar zuci ba kamar naku iyayen ba da suka daura ku a hanyar kaskanci da maula
Umpatan Kasar & Binatang,dengar riset nikah darah sebab rusa genetik turun idiot,"Saya pernah dengar, belum ada riset pernikahan sedarah menyebabkan kerusakan genetik dan keturunan idiot."
Umpatan Kasar & Binatang,harga tanah murah ratio gaji bagus klo dicompare butuh hari harga emas cenblue idiot mah paham hitung analisis simpel gin asbun ae udah,"Dulu kan harga tanah masih murah, ratio gaji juga bagus klo dicompare dengan kebutuhan harian dan harga emas. Ya cenblue idiot mah mana paham hitungan analisis simpel gini. Asbun ae udah"
Umpatan Kasar & Binatang,hehhh botol akut injil rasul udahlah idiot eh nambahin lg dungu lu sorry to say hrs kasar sih org sok pinter kaya elu slammm baca kitab dl yg ehem,Hehhh BOTOL AKUT!! INJIL BUKAN RASUL.. UDAHLAH IDIOT EH MASIH NAMBAHIN LG KEDUNGUAN LU.. SORRY TO SAY HRS KASAR SIH SAMA ORG SOK PINTER KAYA ELU SLAMMM... MAKANYA BACA KITABMU DL YG KATANYA EHEM ITU..
Umpatan Kasar & Binatang,akun lu akun sampah goblok gausah sok sok an cari bela idiot,akun lu akun sampah goblok gausah sok sok an cari pembelaan idiot
Umpatan Kasar & Binatang,idiot yg komen disni,idiot semua yg komen disni
Umpatan Kasar & Binatang,ikpu nnegu idiot ode,IKPU NNEGU idiot ODE 
Umpatan Kasar & Binatang,fetish normal fetish sndiri aja udah lain pake ngomong fetish normal gk bikin perilaku aneh idiot gila lo jd normal deh emg dasar lo sakit aja open your book ajar lg nyet,"""fetish seperti ini normal""?? fetish itu sndiri aja udah kelainan, pake segala ngomong fetish normal. gk usah bikin perilaku aneh idiot gila lo jd normal deh. emg dasarnya lo SAKIT aja. open your book, belajar lg ya nyet"
Umpatan Kasar & Binatang,cape banget anjing,cape banget anjing
Umpatan Kasar & Binatang,lupa banget switch ekspedisi kirim lanjur pakai jnt cargo jelek banget anjir lho barang gue hari gajalan deket surabaya gresik bisa hari ga nyampe anjing,"lupa banget switch ekspedisi pengiriman, terlanjur pakai jnt cargo, jelek banget anjir 2x lho barang gue seharian gajalan, padahal deket dari surabaya ke gresik, bisa bisanya 4 harian ga nyampe anjing."
Umpatan Kasar & Binatang,anjing cwrita rakyat,ANJING 11L BUKAN CWRITA RAKYAT TERNYATA
Umpatan Kasar & Binatang,gue lg gakuad banget sma ril gue anjing,gue lg gakuad banget sma ril gue ini anjing
Umpatan Kasar & Binatang,emang ngerti ama solat istikharah era anak cucu bani saud udha liberal liat aja princessnya arab melihara anjing pake baju seksi cap islami perkara raja aja kalo tau gaya hidupnyavdi eropa mahh geleng geleng,Emang masih ngerti dia ama solat istikharah era anak cucu bani saud kan udha pada liberal liat aja princessnya di luar arab melihara anjing pake baju seksi pula ...dia dicap islami perkara mau jadi raja aja ..kalo ketauan gaya hidupnyavdi eropa mahh yakin pada geleng geleng 
Umpatan Kasar & Binatang,untung anjing klo gk jg,"untung aku anjing, klo gk ya aku mau jg"
Umpatan Kasar & Binatang,asu bgt anjing,asu bgt anjing
Umpatan Kasar & Binatang,ken tpi gapengen aneh bgt anjing gasuka jdi yg asa ga gin,"pengen sendiri tpi gapengen sendirian aneh bgt anjing gasuka juga jdi orang yg begini 
perasaan dulu ga gini"
Umpatan Kasar & Binatang,gtw gtw gtw lu gw tampar lama anjing gitu gw balesnya kak trus udh blok aja males org kek ga ajar ngomong,"Gtw gtw gtw, lu gw tampar lama² anjing

Gitu gw balesnya kak. Trus udh blok aja, males sama org kek ga pernah belajar ngomong"
Umpatan Kasar & Binatang,anjing ga worth it psikolog nunggu telat anjj gw nunggu jam rumah mahal gila rbjam judgemental lg kwkw ramahh mending temen gua serius ga ngasih saransolusi apa jirr,"anjing ga worth it psikolog mana nunggu lama telat anjj gw nunggu hampir 1 jam di depan rumahnya, mana mahal gila 300rb/jam

judgemental lg KWKW tidak ramahh, mending temen gua

karena seriusan ga ngasih saran/solusi apapun jirr "
Umpatan Kasar & Binatang,aduh ngentot bacot anjing nanya tai,aduh ngentot bacot anjing banyak nanya tai
Umpatan Kasar & Binatang,gue diutakngin alesan ibuk beli beras dll gatega gue kasih rb udh th ga blik tuh duit kalo tagih iya nnti hri inibulan jam anjing ujung smpe skrng ga tf udh ckls sumaph dunia akhirat ga ikhlas gue mntain pertnggu jwbn jg ibuy,"Gue juga diutakngin alesan buat ibuk nya buat beli beras dll ya gatega gue kasih 500rb udh 4th ga blik2 tuh duit kalo ditagih iya nnti hri ini,bulan ini jam ini kan anjing ujung2 smpe skrng ga tf2 mana udh ckls 1 ,sumaph dunia akhirat ga ikhlas gue mntain pertnggu jwbn jg ke ibuy"
Umpatan Kasar & Binatang,goyang narasi mu stelah dukung ganjar tuduh fetish mu anjing banget kau pakai istilah seksual mmbentuk jebincian mu anis yg rakyat pmerintah sya dukung anis prabowo ganjar ratap dg lonjak harga,"Mulai goyang narasi mu stelah d sebut pendukung ganjar. Tuduhan ""FETISH"" mu anjing banget, kau memakai istilah seksual demi mmbentuk jebincian mu ke Anis. Sekarang yg ada itu rakyat & pmerintah, sya melihat kok pendukung Anis, prabowo & ganjar  meratap dg lonjakan harga."
Umpatan Kasar & Binatang,capek gue anjing anak,capek gue anjing jadi anak pertama
Umpatan Kasar & Binatang,lu harap main caps timnas entot tahan korsel jepang ah anjing lu,lu berharap sama pemain yang baru punya 5 caps Timnas buat mengentot pertahanan Korsel & Jepang? ah anjing juga lu.
Umpatan Kasar & Binatang,haha gendong anak babi ga haram mutlak kak babi najis mayoritas ulama syafii hanbali dll cuci sentuh pake air najis berat aman hindar kecuali ustadz biar,"Haha, gendong anak babi ga haram mutlak kak, tapi babi najis menurut mayoritas ulama (Syafi'i, Hanbali dll). Kalau kena, cukup cuci bagian yang disentuh pake air (sekali atau 7x kalau najis berat). Lebih aman hindari kecuali perlu, tanya ustadz biar pasti ya! "
Umpatan Kasar & Binatang,biadab korup dana kuota haji ormas haramin makan babi doang,Sebiadab korup dana dan kuota haji dari ormas yang cuma haramin makan babi doang? 
Umpatan Kasar & Binatang,ga tau kak coba gendong anak babi haram gak,"Ga Tau kak, 
Coba kita Tanya ke 
@grok
 gendong anak babi Haram gak"
Umpatan Kasar & Binatang,ga udah kali babi,"ga sekali dua kali ini udah berkali kali ya babi 
@MercedesAMGF1"
Umpatan Kasar & Binatang,kalo babi haram gak kak kemarin mang yad gendong anak,"Kalo babi haram gak kak....

Kemarin mang Yadi gendong anak nya..."
Umpatan Kasar & Binatang,redbull ganti nama pigbull aja dah susah belok kek babi,"Redbull ganti nama jadi pigbull aja dah, susah belok kek babi"
Umpatan Kasar & Binatang,ubah jd babi bantal,katanya berubah jd babi bantal
Umpatan Kasar & Binatang,mercy babi pulak mobil ge,mercy babi kenapa pulak mobilnya ge ini
Umpatan Kasar & Binatang,babi guling kayak gimana,Babi guling rasanya kayak gimana
Umpatan Kasar & Binatang,si babi,kenapa si babi
Umpatan Kasar & Binatang,luat layar media sosial akaun lelaki perempuan single dok promote mingle konon cari jodoh tahun tahun posting kerja cari jodoh lagi musim raya kalah sembang babi korang main jiwa dah sakit jiwa,"Meluat juga melayari media sosial apabila lalu akaun lelaki perempuan 'single' dok promote 'mingle' konon mencari jodoh. Dari setahun ke setahun posting sama itulah kerjanya; 'masih mencari jodoh', lagi² musim raya. Kalah sembang babi sebab korang main jiwa dah serupa sakit jiwa!"
Umpatan Kasar & Binatang,kayak sd elalu ong ok,KAYAK SD S elalU D ong ok 
Umpatan Kasar & Binatang,kayak anak tk lol kanak kanak,   KAYAK anak TK Toh LOL Kanak kanak
Umpatan Kasar & Binatang,first time masak babi kecap pas nyicip turns out bgt jirrrrssss,first time masak babi kecap. Pas nyicip turns out enak bgt jirrrrssss
Umpatan Kasar & Binatang,dikirimin kepala babi bangkai ayam rumah makan opor,"Enggak dikirimin kepala babi, bangkai ayam di rumah malah makan opor dia"
Umpatan Kasar & Binatang,tunggu mak kau la babi dasar scammer anjing,"Tunggu mak kau la babi, dasar scammer anjing"
Umpatan Kasar & Binatang,scamer babi mcmtu je gone,"Scamer Babi, mcmtu je gone 250 aku"
Umpatan Kasar & Binatang,jembut celup santen redmbull kek jembut benci banget gue bangsat,"Jembut kecelup santen
Redmbull kek jembut

Benci banget gue bangsat"
Umpatan Kasar & Binatang,bangsat kwkwkw,bangsat kwkwkw
Umpatan Kasar & Binatang,tim bangsat,tim bangsat
Umpatan Kasar & Binatang,bangsat gua ngakak,Bangsat gua ngakak 
Umpatan Kasar & Binatang,ujan dikit mati lampu bangsat,tiap ujan dikit mati lampu bangsat lah
Umpatan Kasar & Binatang,gua ga ngetik kasar bangsat,"Gua ga mau ngetik kasar, tapi ini bangsat"
Umpatan Kasar & Binatang,lu les kumon deh bangsat kalo ga ngerti bahasa inggris,lu les kumon deh bangsat kalo ga ngerti bahasa inggris
Umpatan Kasar & Binatang,bangsat anjing gw harap palsu,BANGSAT ANJING SUDAH MEMBERI GW HARAPAN PALSU
Umpatan Kasar & Binatang,bangsat ferrari,BANGSAT YA FERRARI
Umpatan Kasar & Binatang,kasi adekku diboongin aplikasi hasil uang dri nonton video bangsat klo snack video tuhhh beneran ga si,"Kasian adekku diboongin sama aplikasi penghasil uang dri nonton video, bangsat kalian ini. Klo snack video tuhhh beneran bisa ga si???"
Umpatan Kasar & Binatang,tim wedhus asu jancok bangsat bajing,"Tim wedhus asu jancok bangsat bajingan 
@redbullracing"
Umpatan Kasar & Binatang,bajing negara jadi bajing rumah bangsat bangsat,Bajingan negara dijadikan bajingan rumah. Bangsat bangsat 
Umpatan Kasar & Binatang,awokawokawok bangsat,Awokawokawok bangsat
Umpatan Kasar & Binatang,ford fiesta kontol jelek memek anjing titit jembut bangsat ngga late braking tai,"FORD FIESTA KONTOL JELEK MEMEK ANJING TITIT JEMBUT BANGSAT NGGA BISA LATE BRAKING TAI
@redbullracing"
Umpatan Kasar & Binatang,bangsat kek gin bebesin aja,Bangsat kek gini bebesin aja .
Umpatan Kasar & Binatang,trims sosok bangsat yg bikin gwejh spt enih,trims. ada sosok bangsat yg bikin gwejh menjadi spt enih
Umpatan Kasar & Binatang,indon negara terroris bajing israel lolos indon,Bisa bisa nanti indon jadi Negara terroris jika para bajingan Israel Di loloskan ke indon.
Umpatan Kasar & Binatang,bajing,bajingan
Umpatan Kasar & Binatang,bajing kecut moga rudal irak or yaman,Kamu bajingan pengecut! Semoga kamu kena rudal dari Irak or Yaman
Umpatan Kasar & Binatang,moga si bajing diare,Semoga si bajingan diare terus tiap hari
Umpatan Kasar & Binatang,gue benci bajing keparat baik mreka neraka untung ku temu dengan sempit hidup,gue benci x bajingan keparat baiknya mreka masuk neraka untungnya ku bertemu denganmu di sela sempit hidup ini
Umpatan Kasar & Binatang,bajing ga tenang nonton quali ga tenang kalo russell pole mercy anjjng toto wolff anjrit gua gasuka russell sampw gua mau russell,"bajingan ga tenang amat nonton quali, ga tenang kalo bukan russell yang pole. mercy anjjng, toto wolff anjrit, gua gasuka russell p2 p3 sampw p20, gua maunya russell p1."
Umpatan Kasar & Binatang,bajing ga pit wtf williams mobil jelek,Bajingan ternyata dia ga keluar dari pit? wtf Williams mobil jelek
Umpatan Kasar & Binatang,bajing wache bajing redmbull gue gak nonton race besok,BAJINGAN WACHE BAJINGAN REDMBULL gue gak akan nonton race besok
Umpatan Kasar & Binatang,bajing banget nih israel,Bajingan banget nih israel
Umpatan Kasar & Binatang,gak peduli gue kontol suzuka gp mutus streak banget bajing,Gak peduli gue kontol sama Suzuka GP. Terlalu mutus streak banget bajingan
Umpatan Kasar & Binatang,emang asu bajing banget si redbull redbull,emang asu ya bajingan banget si redbull redbull itu
Umpatan Kasar & Binatang,antek pki jokojing bajing kihat wajah susah dn lapar mreka sm percis sperti,Antek² PKI jokoJING sama bajingan nya..! Kihat2 wajah² susah dn lapar mreka sm percis sperti B2..!!
Umpatan Kasar & Binatang,putus streak gin banget bajing redmbull gue benci banget,Putus streak nya gini banget bajingan redmbull gue benci banget
Umpatan Kasar & Binatang,btw adminnya malas bangettt ga direspon lg chatku hikss bajing sekaliii,"btw adminnya memalaskan bangettt, ga direspon lg chatku hikss bajingan sekaliii"
Umpatan Kasar & Binatang,taut nadin relate bcs hidup bajing hancur ku sayang ku juara,"bertaut - nadin 
tidak relate dengan diri ini, bcs hidup sudah seperti bajingan, namun sudah pasti saat hancur ku tak disayang apalagi saat ku jadi juara"
Umpatan Kasar & Binatang,bajing wache,Bajingan wache
Umpatan Kasar & Binatang,eyi gue tuju bngtt yakan kayak lu dua aja kampang ken ikeh ikeh,"EYI?? GUE SETUJU BNGTT, YAKAN SELAMA INI KAYAK.. LU BERDUA SAMA AJA KAMPANG PENGEN IKEH IKEH"
Umpatan Kasar & Binatang,bahlil kampang jelek muka jelek ahlak jelek otak makan tai yah gk pikir,"Bahlil kampang. Jelek muka, jelek ahlak, jelek otak. Makannya tai kali yah ini orang. Gk pernah ada pikiran."
Umpatan Kasar & Binatang,tau rugi anggurin si centil wintil ituuuuuu tauuu emang kampang tu jejak si gundul,"Karena dia tau, RUGI KALI ANGGURIN SI CENTIL WINTIL ITUUUUUU DIA TAUUU!! EMANG KAMPANG TU JEJAK SI GUNDUL 

#OnlyFriendsDreamOnEP5"
Umpatan Kasar & Binatang,apasih beli netflix sharing pake smart tv ga henti henti nonton anjirr kemarin pagi sampe sekar woyy lahh guee nonton kampang emang gin yaa netflix sharing,"demi apasih beli netflix sharing ini orang yang pake smart tv dia ga berhenti berhenti nonton anjirr dari kemarin pagi sampe sekaran, woyy lahh guee juga mau nonton kampang memang. Emang gini semua yaa netflix sharing?"
Umpatan Kasar & Binatang,trs gimana atuh kampang drpd ngemis numpang hidup mending cari klo alas susah cari salah lu jir nikah tp siap matang depan laki nganggur cewe ngutang kyk gin yg rugi ga yg dimintain utang jir gila ah,"""trs aku gimana atuh""

Ya kerja kampang, drpd ngemis dan 'numpang hidup' ya mending cari kerja, klo alasannya 'susah cari kerja' ya salah lu jir, nikah tp belum persiapan matang buat kedepannya, laki nganggur cewe ngutang, kyk gini yg rugi ga cuma yg dimintain utang jir, gila ah"
Umpatan Kasar & Binatang,emak kampang dah jauhin aja,Emak kampang itu dah jauhin aja
Umpatan Kasar & Binatang,tau kau liat akun kau baca akun identitas kau tau aplagi move on laahhh kau liat kau sakit ganggu aja kampang,"aku tau kau juga pasti pernah liat akun ini, aku mau kau baca ini! semua akunku, semua identitasku pun pasti kau tau kan? nah cukup lah, buat aplagi? move on laahhh! makin kau liat nanti makin kau sakit! ganggu aja kampang!"
Umpatan Kasar & Binatang,kkkkkkkopik kampang,Kkkkkkkopik kampang
Umpatan Kasar & Binatang,sekironyo men punyo akal tuh dipakek bengak wasweswos poligami otak kau tu selangkang bae isinyo kampang wowkwowkwok,sekironyo men punyo akal tuh dipakek bengak wasweswos poligami otak kau tu nah selangkangan bae isinyo kampang wowkwowkwok
Umpatan Kasar & Binatang,lo spesifik nyebut jawa kampang plas plis plas plis bacot,lo spesifik nyebut jawa ya kampang. plas plis plas plis bacot
Umpatan Kasar & Binatang,aelah kampang kau,Aelah kampang kau ya 
Umpatan Kasar & Binatang,ngga lu ikutin kampang lu kalo kaga tau minimal googling,"ngga semua hal bisa lu ikutin ya kampang, lu kalo kaga tau minimal googling"
Umpatan Kasar & Binatang,ngurus diplomasi negeri lu kampang gibran sowan gak negara ketar tir,"Bukannya ngurus diplomasi luar negeri lu kampang gibran
Malah sowan2 gak jelas

Negara lagi ketar ketir"
Umpatan Kasar & Binatang,haters seyoung dc tuh kocak yah gak nyari celah jelek sey kemanamana nuduh oplas gak bukti karna aja nuduh edit foto banget aja kek kalo edit artis foto edit kampang,"Haters nya seyoung di dc tuh kocak yah, gak bisa nyari celah jeleknya sey jadinya kemana-mana. Dulu nuduh oplas tapi gak kebukti karna dari dulu juga sama aja sekarang nuduh edit fotonya kebangetan padahal sama aja  kek kalo editan juga semua artis juga fotonya diedit, kampang"
Umpatan Kasar & Binatang,ngomong kau kampang,Jangan asal ngomong kau kampang
Umpatan Kasar & Binatang,pajak jadi kampang,"Pajak jadian dong, kampang"
Umpatan Kasar & Binatang,jujur mls bgt kalo gaada info gin ken rodi tp fee ga sesuai ama kerja kampang,jujur mls bgt kalo gaada info gini. pengennya kerja rodi tp fee ga sesuai ama kerjaan kampang
Umpatan Kasar & Binatang,reinkarnasi tayang jg anime kampang,2 reinkarnasi belum tayang jg itu anime kampang
Umpatan Kasar & Binatang,biar kicback makan ijo kampang korup,ya biar ada kicback buat makanan ijo2 kampang korup lah
Umpatan Kasar & Binatang,lu aje bot ama kampang,"Lu aje boti, tanya ama diri sendiri lah kenapa, kampang."
Umpatan Kasar & Binatang,halah ngentot emang lu hetero gak normal tuh temen lu tuh monyet nyebarin sakit anak perempuan goblok mati aja lu anjing hetero salah idiot anak anjing,"halah ngentot, emang lu hetero juga pada gak normal kok, tuh temen lu tuh monyet, nyebarin penyakit ke anak kecil sama perempuan, goblok, mati aja lu anjing hetero itu salah, idiot anak anjing."
Umpatan Kasar & Binatang,ngentot wkwkkwk,ngentot lah wkwkkwk
Umpatan Kasar & Binatang,ngentot beli pod zonk mulu skrg ct gua gak detect device,"Ngentot, beli pod zonk mulu  skrg ct gua gak ke detect sama device"
Umpatan Kasar & Binatang,lu yg cari gara gara temen gua ngentot bot anjing wujud knjt mulut kya betina gblk tolol anjing ih mikir dek kalo mw viralin org beking bener bocah dongo kya lu pantes musnah hama dunia tau ga peler puncak komedi bgt sial,"lu kali yg cari gara gara sama temen gua ngentot, boti anjing wujud knjt tapi mulut kya betina gblk tolol anjing ih. mikir dulu dek kalo mw viralin org bekingan dia banyak, bener ya bocah dongo kya lu lebih pantes dimusnahkan hama dunia tau ga peler puncak komedi bgt sialan"
Umpatan Kasar & Binatang,aaowkaowk lu aja bodoh solusi jaman jebot nikah ngentot doang,"aaowkaowk lu sama aja bodohnya, solusi dari jaman jebot, nikah buat ngentot doang"
Umpatan Kasar & Binatang,ngentot,ngentot lah
Umpatan Kasar & Binatang,ngentot lu anjing adu domba fans gr aka,Ngentot lu anjing yang adu domba fans GR sama AKA
Umpatan Kasar & Binatang,gak tau ngentot,Gak tau lah ngentot
Umpatan Kasar & Binatang,benerin sistem coretax lu jing bayar pake pajak rakyat nyusahin bangsat inget akhirat anjing yg bener ngentot,"benerin sistem coretax lu dong jing! dibayar pake pajak rakyat jangan nyusahin bangsat 
@DitjenPajakRI
 inget akhirat anjing kerja yg bener ngentot"
Umpatan Kasar & Binatang,lu ngentot wkwkwk ga suka abai wkwk,Lu yang ngentot wkwkwk. Ga suka bisa diabaikan wkwk
Umpatan Kasar & Binatang,pedofil sih an tahun ngentot bocil ingus ehm,Pedofil itu apa sih? Orang 50an tahun yang ngentot bocil ingusan kan? Ehm
Umpatan Kasar & Binatang,oh pantesan otak lg mampet banget dah thn gk ngentot,Oh pantesan otakku lg mampet banget dah 3 thn gk ngentot 
Umpatan Kasar & Binatang,istril kontol mati aja binatang,istril kontol mati aja sana binatang
Umpatan Kasar & Binatang,kontol ny sgtu kg,Kontol ny kecil kali sgtu 65 kg
Umpatan Kasar & Binatang,kontol,kontol
Umpatan Kasar & Binatang,ahli lunbisa bhasa arab coba lu tunjukn bukti asli manuskrip ga mending gereja sono nyepong kontol pendeta hahahaa,"Ahli apa, lunbisa bhasa arab? Coba lu tunjuk8n bukti asli manuskripnya bisa ga? Mending ke gereja Sono nyepong kontol pendeta hahahaa"
Umpatan Kasar & Binatang,lu ga oke ituu kontol wkwkwkw,lu ga se oke ituu kontol wkwkwkw
Umpatan Kasar & Binatang,taun rugi bgt aspek kontol,Taun ini rugi besar bgt dari semua aspek kontol
Umpatan Kasar & Binatang,boomu dimasukin kontol,boomu dimasukin 2 kontol
Umpatan Kasar & Binatang,akgae kontol,akgae kontol
Umpatan Kasar & Binatang,jevan kontol lu,jevan kontol lu
Umpatan Kasar & Binatang,ga sadar kontol,Ga sadar diri kontol
Umpatan Kasar & Binatang,akwkw bunga kontol,akwkw bunga kontol
Umpatan Kasar & Binatang,pln dongo kontol,pln dongo kontol
Umpatan Kasar & Binatang,memek hitam jembel gtu,Bisa ya memek nya hitam berjembel gtu 
Umpatan Kasar & Binatang,deket rumah jual nasi peceljam rame bgt murah punantri guaehh tbtb rombong mobil isi lakigua gua yg udah antri langkahin cuyitu bikinin semuaalasan makan dih memek,"di deket rumah ada orang jualan nasi pecel,jam 6:20 rame bgt murah pun,antri lah gua,ehh tbtb ada rombongan mobil isi 4 orang bapak bapak sama Laki,gua sama belakang gua yg udah pada antri di langkahin cuy,itu 4 bapak di bikinin semua,alasan nya? karena makan di tempat
dih memek"
Umpatan Kasar & Binatang,samaaaa ken bgt memek ak sumpel kontol,"samaaaa, pengen bgt memek ak disumpel kontol"
Umpatan Kasar & Binatang,hubung sm memek kering anj,APA HUBUNGANNYA SM MEMEK DIA KERING ANJ
Umpatan Kasar & Binatang,najis gw mas doyan memek,"najis, gw masi doyan memek"
Umpatan Kasar & Binatang,semarang panas banget memek najis,semarang panas banget memek najis.
Umpatan Kasar & Binatang,seru transparan tembus pandang liat memek tya,Serulah.. Transparan tembus pandang bisa liat memek tya
Umpatan Kasar & Binatang,alah memek br sen mixue ujan deres,alah memek br mau pesen mixue malah ujan deres
Umpatan Kasar & Binatang,hahaha baguss knp si org dongo kek gin yg saldo sisa sgitu anjir klo gapunya duit diem aja gosah minjem kampung gituin nder,HAHAHA BAGUSS KNP SI ORG2 DONGO KEK GINI YG SALDONYA SISA SGITU MASIH DIMINTA ANJIR KLO GAPUNYA DUIT DIEM AJA GOSAH MINJEM KAMPUNG GITUIN NDER
Umpatan Kasar & Binatang,najis anjing dongo,NAJIS ANJING KERJA DONGO
Umpatan Kasar & Binatang,si kocak banget tatang dongo iyuhhh pantes rame banget, apaan si kocak banget Tatang dongo iyuhhh. Pantes rame banget
Umpatan Kasar & Binatang,yg blg gw bahas kata lo kocak poin gw pas mrk tp disambungin pas jd pahlawan dongo,"Yg blg masih kecil disini siapa? Gw bahas perkataan lo kocak, dari awal poin gw pas mrk masih kecil tp disambung2in sama pas jd pahlawan, kan dongo ya "
Umpatan Kasar & Binatang,batak gak tholol yah dongo,Batak kalau gak tholol yah dongo
Umpatan Kasar & Binatang,yg usil bin dongo yg ngebully kmaren,Yg paling usil bin dongo yg ngebully kmaren
Umpatan Kasar & Binatang,dongo nalar lu gak sampe army ngelakuin baik bilang yg monyet nalar yg bener lu minimal ambil pake dah biar gak dongo,"dongo nalar lu gak sampe. 
army ngelakuin kebaikan bukan berarti bilang yg lain enggak ya monyet, bernalar dulu yg  bener lu minimal ambil pake C dah biar gak dongo amat"
Umpatan Kasar & Binatang,dongo la liga top ucl on going udah dapet supercopa bisaya bilang puasa gelar gausah fans barca kalo oon dah,"Dongo
Di la liga masih top 1
Di ucl masih on going
Udah dapet supercopa

Kok bisa bisaya bilang puasa gelar lagi
Gausah jadi fans barca kalo oon dah"
Umpatan Kasar & Binatang,dongo banget wajah unyu,Dongo banget wajahnya tapi unyu
Umpatan Kasar & Binatang,dongo bgt opini,waduh dongo bgt opini nya
Umpatan Kasar & Binatang,emang dongo,emang dongo
Umpatan Kasar & Binatang,apple to apple donk lo aja ama israhell diplomat dongo,Terus masalah nya.. apple to apple donk.. Lo aja Ama israhell.. diplomat dongo
Umpatan Kasar & Binatang,lu kalo dongo aja kabinet gemoy isi tolol sampe jk turun gunung,"lu kalo dongo sendirian aja.

kabinet gemoy isinya orang tolol semua sampe pak JK turun gunung."
Umpatan Kasar & Binatang,nggak kumpulin main grade kaya aja main kelas asia udah mumpuni sebenernya kemaren aja lolos dasar aja patrick kluivert dongo,"Nggak perlu kumpulin pemain grade S, kaya pada mau aja.

Pemain kita untuk kelas Asia yang sekarang udah mumpuni sebenernya, kemaren aja hampir lolos, dasarnya aja Patrick Kluivert yang dongo."
Umpatan Kasar & Binatang,afrikalu lu pikir negara miskin gak sdm pinter dongo ye negara afrika kek zimbabwe,Afrikalu lu pikir negara miskin dan gak ada SDM pinter? Dongo ye dikira negara Afrika kek Zimbabwe semua.
Umpatan Kasar & Binatang,mas kl dungu tlg diam aja hakim jokowi hadir ngarti perdata wakil olh acara,"Mas, kl dungu tlg diam aja, kapan pernah hakim minta jokowi hadir? Ngarti kasus perdata? Diwakilkan olh pengacara"
Umpatan Kasar & Binatang,klo dungu jgn nyiriiin donk islam bicara tauhid saint klo cerdas pst fahaam,"Klo dungu jgn nyiriiin donk...
Islam bicara Tauhid hingga Saint. Klo cerdas pst fahaam."
Umpatan Kasar & Binatang,hina ahyanis tamu yg gg tau malu dn ambisi berkuasamau cmn gratis aj gg modal tp jd pejabatpengikutnya dungu,"Ini Penghinaan buat AHY,,,anis itu hanya tamu yg gg tau malu dn ambisi mau berkuasamau nya cmn gratisan aj gg bermodal tp mau jd pejabatpengikutnya juga DUNGU"
Umpatan Kasar & Binatang,otak tuh dungu kagak tau seop otak org jepang china blum tau org jepang china tau sumbar aja berani statement kyak gtu klo udah tau cerdas org jepang china udah bentuk usia nyadar org bodoh dunia,"Otak dia tuh yang dungu kagak tau se-OP apa otak org Jepang & China. Dia blum tau org Jepang & China cuma taunya Sumbar aja berani statement kyak gtu. Klo dia udah tau kecerdasan org Jepang & China udah terbentuk dari sejak usia dini, dia bakalan baru nyadar org bodoh sedunia"
Umpatan Kasar & Binatang,narasi lu receh bangat ga mutu hnya org dungu yg lu prank,"Narasi lu receh bangat, ga mutu. Hnya org dungu yg bisa lu prank."
Umpatan Kasar & Binatang,ngomong apas lu adab kristen lgi pimpin bkn adab lu nyadar dungu,"ngomong apasi lu peradaban Kristen saat ini lgi memimpin bkn peradaban lu, nyadar diri dungu"
Umpatan Kasar & Binatang,agama dungu,"Makin beragama , makin dungu "
Umpatan Kasar & Binatang,termul dungujunjungan lo yg bikin rusak seemua fundamental bangsa negara jnjdasar rusak mental etika lo,Termul dungu...junjungan lo yg bikin rusak seemua fundamental bangsa n negara jnj...dasar rusak mental n etika lo
Umpatan Kasar & Binatang,dungu,Dungu
Umpatan Kasar & Binatang,lu dungu,"Terus ini apa?

Terus lu kelihatan dungu nya."
Umpatan Kasar & Binatang,wkwkwkwkwkkwkw konsep jalan agama terap negara dasar dungu jadi manusia adat istiadat pegang agama persis kaum dungu jilat abib agus agus,"Wkwkwkwkwkkwkw konsep menjalankan agama sendiri di terapkan di negara orang lain,, dasar dungu... Menjadikan manusia dan adat istiadat sebagai pegangan agama,, persis kaum dungu penjilat abib dan aGus aGus"
Umpatan Kasar & Binatang,lu ngatain gw goblok lu ngaku klo lu dungu balas lu jaga warung waspada labu tipu coba lu jual jalur lintas terminal habis dagang lu dungu tp ga dpt duit,"Lu ngatain gw goblok?
LU NGAKU sendiri klo lu DUNGU dibalasan lu
""Penjaga warung kurang waspada hingga bisa dikelabui penipu""
Coba lu jualan di jalur lintas atau diterminal.
Jelas habis dagangan lu, DUNGU.., tp ga dpt duit."
Umpatan Kasar & Binatang,kampret kah ht,KAMPRET NAIK LAGI KAH INI HT #CUMAEVOS 
Umpatan Kasar & Binatang,hoax aja luh kampret,Hoax aja Luh kampret
Umpatan Kasar & Binatang,jujurly beneran tayang dramatis lebih mentas anak kampret gue tuh kayak nonton film kocak saking dramatis tuh dialog,"Jujurly, kalau itu beneran tayang, dramatisnya melebihi pementasan anak² kampret, gue tuh kayak lagi nonton film kocak saking dramatisnya tuh dialog"
Umpatan Kasar & Binatang,podium aja sulit kampret,podium aja sulit kampret
Umpatan Kasar & Binatang,jehi ganteng banget kampret gakuat,jehi ganteng banget kampret gakuat
Umpatan Kasar & Binatang,emang kampret si bos,Emang kampret si bos
Umpatan Kasar & Binatang,eh si kampret enih,eh si kampret enih
Umpatan Kasar & Binatang,kampret,kampret
Umpatan Kasar & Binatang,malam shock dekat lelaki kampret,BARU SEMALAM AKU SHOCK SAMA DIA KARENA DIDEKATI LELAKI KAMPRET 
Umpatan Kasar & Binatang,mobil kampret,Mobil kampret
Umpatan Kasar & Binatang,woi redbull yg bnr tim kampret,Woi redbull yg bnr lah tim kampret
Umpatan Kasar & Binatang,iya krn cashflow bagus ditumbalin nalangin whoos wkwk kampret emang daop yg relasi jkt jog,Iya krn cashflow bagus ditumbalin buat nalangin whoos wkwk kampret emang. Daop 6 itu yg relasi jkt jog ya?
Umpatan Kasar & Binatang,kampret ig tau nge ss,KAMPRET TERNYATA IG KETAUAN NGE SS
Umpatan Kasar & Binatang,kampret bgt kampret wifi kampret,Kampret bgt kampret wifi kampret
Umpatan Kasar & Binatang,si tua pagi pagi salting kampret,"Tapi si tua nya pagi pagi malah salting, kampret  

#OnlyFriendsDreamOnEP5"
Umpatan Kasar & Binatang,gimana aman rumit bobol gitu aja si kampret niat,"gimana bisa keamanan yang begitu rumit, di bobol gitu aja? berarti si kampret niat "
Umpatan Kasar & Binatang,emang kampret banget hobby,Emang kampret banget hobby ini
Umpatan Kasar & Binatang,kampretos momentos gue keram perut hari rumah gilir pergi dapet day pagipagi dhlh,"kampretos momentos adalah gue keram perut 5 harian di rumah, giliran hari ini pergi langsung dapet day1 pagi-pagi dhlh"
Umpatan Kasar & Binatang,trs sedih krn ngeliatin snap org jd pikir how to survive this college life hehehehehehe bingung bgt kampretos sedih,"trs sejauh ini, 26-27 aku balik sedih lagi. mungkin krn ngeliatin snap org² juga ya. aku jd memikirkan how to survive this college life hehehehehehe.  aku bingung bgt kampretos sedih"
Umpatan Kasar & Binatang,emang kampretos nomos untung aku emang makan hahhahah,"Emang, kampretos nomos.
Untung akunya emang belum makan. 
Hahhahah"
Umpatan Kasar & Binatang,woakeaowkeawoek ajig tewewew tewewew kitu,woakeaowkeawoek ajig di tewewew tewewew kitu
Umpatan Kasar & Binatang,bro wajib inih,"Bro 
@hendiextian
 wajib lihat yang satu inih..!!"
Umpatan Kasar & Binatang,el kampretos pioli botak ngeselinnya sm marco tardelli,El kampretos pioli botak. 11-12 ngeselinnya sm Marco Tardelli.
Umpatan Kasar & Binatang,kirain naga haji tau kampretos,Kirain 9 naga/9 haji.. taunya 9 kampretos
Umpatan Kasar & Binatang,amane elu gw nuduh enggakenggak ma si tajima elu bikin kampretos,"Amane: elu ya... dulu gw pernah nuduh enggak-enggak ma si Tajima itu, sekarang elu mau bikin hal yang sama 2X? Kampretos "
Umpatan Kasar & Binatang,dm reset gara salah passwordemang kampretos,Dm ke reset gara2 salah password..emang kampretos 
Umpatan Kasar & Binatang,huweee ayaankk mang kampretos ntu main tembak aj,Huweee ayaankk  mang kampretos ntu  main asal tembak aj 
Umpatan Kasar & Binatang,kampretos,memang kampretos
Umpatan Kasar & Binatang,hukum astrofisika blast beat astramanunggal gagas prof hasan sadino bob sadikin kali bagi tara hitung kiri kanan lebaran,"Menurut hukum astrofisika blast beat astramanunggal yang digagas oleh prof Hasan Sadino dan Bob Sadikin maka perkalian dan pembagian setara, sehingga dihitung dari kiri ke kanan. 
Jadi :
20 + 5 x 5 =
20 + 25 = 11 hari lagi lebaran.
Begitu kira2nya"
Umpatan Kasar & Binatang,kampretos emang si yubo,Kampretos kedua emang ini setelah si yubo
Umpatan Kasar & Binatang,wkwkwk heueuh kitu,Wkwkwk heueuh kitu..
Umpatan Kasar & Binatang,ga endingnya monyet,ga ada endingnya!!!!!!  monyet kamu!!!!!
Umpatan Kasar & Binatang,tolong jelasin pake bahasa monyet,TOLONG JELASIN PAKE BAHASA MONYET
Umpatan Kasar & Binatang,ganti ngepohin sosmed yg,"Bisa kok, tapi ganti ngepohin sosmed dia yg lain lagi."
Umpatan Kasar & Binatang,tim nonton pas only boo lumayan gaet tp banget monyet habis mawineerr gonjang ganjing,"Tim nonton pas only boo, lumayan kegaet tp masuk banget jadi monyet habis MAWINEERR GONJANG GANJING"
Umpatan Kasar & Binatang,udh kritikus loh kak yg blg kalo tf tv sampah jd trans tv acara yuk keep smile yg ga didik malu loh kak udh capek jd wna eh jd badut topeng monyet,"itu udh kritikus sendiri loh kak yg blg kalo TF1 itu tv sampah jd 11 12 mirip trans tv dengan acara yuk keep smile yg ga mendidik , harusnya malu loh kak udh capek jd wna eh malah jd badut topeng monyet di sana "
Umpatan Kasar & Binatang,bacot kontol minimal sesuai konteks kontol gausah lebar kemanamana otak dipake kontol emang gw bela wotagrafer hahgw ga monyetada gaotak dipake bangsat,"Bacot kontol, minimal sesuai konteks lah kontol gausah melebar kemana-mana. Otak dipake kontol. Emang ada gw bela wotagrafer hah?GW TANYA ADA GA MONYET?ADA GA?!OTAK DIPAKE BANGSAT"
Umpatan Kasar & Binatang,monyet media,monyet u media
Umpatan Kasar & Binatang,tanda lampu ijo after first date,tanda kamu lampu ijo after first date
Umpatan Kasar & Binatang,ngopi kuy ngopi,ngopi kuy ngopi
Umpatan Kasar & Binatang,suka bilang cowok denger metal yg denger kpop bencong ngaku hindia homophobic ngaku dukung palestine bela radiohead kaya bela nabi alibi gua mah nikmatin karya aja gk hubung orgnya tai monyet,"suka bilang:
cowok harus denger metal
yg denger kpop bencong

- ngaku hindia tapi homophobic.
- ngaku dukung palestine tapi bela radiohead kaya bela nabi.
alibinya selalu sama gua mah nikmatin karyanya aja gk ada hubungan sama orgnya tai monyet."
Umpatan Kasar & Binatang,kakk,kamu pantas kok kakk
Umpatan Kasar & Binatang,nama app kandang monyet,Nama nya juga app kandang monyet
Umpatan Kasar & Binatang,pliss iya banget lagiii wkwkw,pliss iya banget lagiii wkwkw
Umpatan Kasar & Binatang,love you mama gabisa hidup mama me myself guweh pokok mama aja adh monyet tinggal,"i love you mama, gabisa hidup tanpa mama adalah me myself guweh, pokoknya mau sama mama aja (adh monyet baru ditinggal)"
Umpatan Kasar & Binatang,cape sih,cape juga sih
Umpatan Kasar & Binatang,,saya
Umpatan Kasar & Binatang,pribadi gak tuh tau ngelive ngebbl kunyuk repot ss crop abis disimpen galeri hp cuman bikin twit kayak gitu banget effortnya,Aku pribadi gak ada tuh yang tau mereka pada ngelive atau ngebbl apa. Tapi ini kunyuk satu sampai repot2 ss dan crop abis itu disimpen di galeri hp dia cuman untuk bikin twit kayak gitu. Ada banget effortnya
Umpatan Kasar & Binatang,yee si kunyuk kecut bangsat,"Yee si KUNYUK, pengecut bangsat"
Umpatan Kasar & Binatang,gila co ah sedih bgt kunyuk,gila co ah sedih bgt kunyuk
Umpatan Kasar & Binatang,opini gua rakyat iran yg hak nilai lu hina tuli hina tuli bilang tolol kunyuk lo,"Opini gua rakyat Iran yg berhak menilai, tapi lu menghina TULI. 

Menghina orang tuli, tidak mau dibilang tolol. Kunyuk lo   !!"
Umpatan Kasar & Binatang,kunyuk,kunyuk
Umpatan Kasar & Binatang,rakyat dukung perintah kagak aja lol parah prabowo bot jokowi jokowi kek kunyuk eh si bot kek anj,"Rakyat dukung kalau pemerintah kagak sama aja lol, lebih parah prabowo boti daripada jokowi dulu jokowi kek kunyuk eh si boti kek anj"
Umpatan Kasar & Binatang,lbi kunyuk fisika kentut,lbi nya kunyuk ada fisika kentut
Umpatan Kasar & Binatang,asli cutie pie kunyuk kunyuk,aslinya cutie pie kunyuk kunyuk
Umpatan Kasar & Binatang,meter tolol bangsaaat menteri kunyuk,METERI TOLOL BANGSAAAT MENTERI KUNYUK
Umpatan Kasar & Binatang,tai kesel si gua timnas udah oke gara si kunyuk patrick gak pildunn tot tot,"Tai kesel si gua timnas udah oke, gara2 si kunyuk Patrick gak jadi pildunn tot tot"
Umpatan Kasar & Binatang,eits salah nikmat pertama si kunyuk boston,eits jangan salah penikmat pertamanya si kunyuk boston
Umpatan Kasar & Binatang,nahh baguss sukaa yukk jepang tinggal sana aja sana gudang matcha tinggalin aja kunyuk,"Nahh baguss, aku juga sukaa, yukk ikut aku ke jepang kita tinggal disana aja, disana gudangnya matcha, tinggalin aja 
@alingantenk
 kunyuk ini"
Umpatan Kasar & Binatang,si kunyuk mabok mecah kaca mbl msh sempet hapus pp fesnuk lambat boy,"Si kunyuk mabok mecah kaca mbl, msh sempet hapus pp fesnuk, terlambat boy"
Umpatan Kasar & Binatang,masyaallah cantik debay,MasyaAllah cantik nya debay
Umpatan Kasar & Binatang,tolong tag seller kunyuk kak,Tolong tag seller kunyuk itu kak
Umpatan Kasar & Binatang,timnas grade poles sty sampe grade grade nih klo lolos worldcup eeeh kunyuk kluivert grade cc moga lawan bulgaria main cantik gacor draw ato winoptimis deh jh bawa grad ba,"Ibarat timnas 2019-2021 Grade C
Dipoles STY sampe 2024 jadi Grade B / B+
Hampir ke grade A nih 2025 klo lolos WorldCup. 
Eeeh didatangkan lah Kunyuk Kluivert. Balik lagi ke Grade C/C+
Semoga lawan Bulgaria main cantik, gacor bisa draw ato win.optimis deh JH bisa bawa ke grad B+/A"
Umpatan Kasar & Binatang,souza kunyuk suruh ajar noh ama john herdmann tau gimana maen efektif,Souza kunyuk suruh belajar noh Ama John Herdmann supaya tau gimana caranya maen efektif 
Umpatan Kasar & Binatang,herdman mantep bgt napa ga latih indo,Herdman mantep bgt  Napa ga dari dulu ya jadi pelatih indo
Umpatan Kasar & Binatang,emang asu red bull cok ngasih upgrade suzuka downgrade anjir,Emang asu Red Bull ini cok. Katanya ngasih upgrade di Suzuka. Malah lebih ke downgrade anjir
Umpatan Kasar & Binatang,viral kn si asu biar tangkap polisi,Viral kn  si asu biar d tangkap polisi
Umpatan Kasar & Binatang,tau dah ken so asu so good biar merk sosis t t,"tau dah mungkin pengen nya So Asu jadi So Good, biar jadi merk sosis T_T"
Umpatan Kasar & Binatang,oalah moment asu,"oalah moment, asu."
Umpatan Kasar & Binatang,gaada yg senyumin hidup gw emg maret asu,gaada lagi yg bisa di senyumin di hidup gw emg maret asu
Umpatan Kasar & Binatang,wkwkwk asu lo himawari jeketipatlapan,WKWKWK ASU LO HIMAWARI JEKETIPATLAPAN
Umpatan Kasar & Binatang,barbar punya unggah ungguh mas halah telek karyawanmu loh lambene lek nyocot ra kiro kiro piye pikirane uwong asu,"""walaupun di sini barbar tapi ya masih punyalah unggah ungguh mas"" halah telek, karyawanmu loh lambene lek nyocot ra kiro kiro piye pikirane uwong. asu"
Umpatan Kasar & Binatang,ha ha ha aparat ngaku ngaku tuh bocah asu ha ha,Ha ha ha aparat macam apa .. ngaku ngaku saja tuh bocah asu ha ha
Umpatan Kasar & Binatang,israel asu yg teroris,Israel dan ASU yg teroris
Umpatan Kasar & Binatang,perkara old gank member ngeduda rumah gw dijadiin basecamp asu takut khilaf colbar kayak jaman smp,"Perkara old gank member ngeduda
Rumah gw dijadiin basecamp asu
Takut khilaf colbar kayak jaman smp "
Umpatan Kasar & Binatang,si tu sial bgt udh reserv treatment pas dateng tbtb dicancel cekout tanktop tbtb dicancel pdhal udh order minggu gilir co lg barang habis asu asu,"kenapa si hari ini tu sial bgt 
udh reserv treatment pas dateng tbtb dicancel sepihak 
cekout tanktop juga tbtb dicancel pdhal udh order seminggu, giliran mau co lg barang habis 
asu asu"
Umpatan Kasar & Binatang,parah emang si elonte asu,Parah emang si Elonte asu
Umpatan Kasar & Binatang,anak asu lu tuh,"Anak asu lu tuh. 
@ScuderiaFerrari"
Umpatan Kasar & Binatang,stop call no temen gue asu,STOP CALL KE NO TEMEN GUE YA ASU
Umpatan Kasar & Binatang,inti bumi kalo gali nemu minyak ato gas ato emas milik negara kalo ketemu tai sabu ganja milik kalo aman habis harta selamat konoha,"sampai ke inti bumi , nanti kalo kamu gali nemu minyak ato gas , ato emas , itu milik negara 

kalo ketemu tai , sabu , atau ganja , ...jelas itu milikmu , kalo mau aman , siap siap habis hartamu ...

selamat , anda di konoha"
Umpatan Kasar & Binatang,jabat kayak tai tuh mulut nyinyir nyerang ngapain ngetag et posting cari aja googling grok dsn ai web pinter pilih negara pssi pilih fifa dasar undi biar rakyat bahagia dgn menang,"Pejabat kayak Tai tuh ya begini mulut nyinyir, mau nyerang ngapain ngetag ET, posting di X. Cari aja sendiri di Googling, Grok dsn AI Web yang pinter2 menjawab. Yang pilih itu negara kan bukan PSSI, itu dipilihkan FIFA berdasarkan undian. Biarkan rakyat bahagia dgn kemenangan"
Umpatan Kasar & Binatang,bacot salak gerutu dsb kasih bahasa sederhana gak nangkep berat tai kebo taruh piring makan,"ya MEMANG! mereka hanya bisa membacot, menyalak, menggerutu dsb. 

sudah dikasih bahasa sederhana pun kamu masih gak nangkep ya... berat amat.

tai kebo meski ditaruh piring, bukan berarti itu makanan."
Umpatan Kasar & Binatang,tai si twins,Tai lah makin mirip si twins kita ini 
Umpatan Kasar & Binatang,coba ulang kak nyobainnya udah tai tai,coba di ulang kak nyobainnya. masa udah tai tai 
Umpatan Kasar & Binatang,tai ajh gua juanda gya muprngh banegt tije,TAI TADI AJH GUA DARI JUANDA GYA MUPRNGH BANEGT NAIK TIJE
Umpatan Kasar & Binatang,gin nder duit ga mandang saudara duli tai saudara saudara ku aja yg ngutang sampe ga balikin akhirakhir ngemis ga ladenin,"gini nder, duit ga mandang saudara.
perduli tai sama saudara
saudara ku aja ada yg ngutang sampe sekarang ga di balikin terus akhir-akhir ini ngemis lagi dan ga pernah aku ladenin lagi"
Umpatan Kasar & Binatang,wkwk tai,Wkwk tai
Umpatan Kasar & Binatang,platfrom tai debatin,Platfrom tai lah segala hal di debatin
Umpatan Kasar & Binatang,rb bgst boros bgt tai,3 hari keluar 500rb bgst boros bgt tai
Umpatan Kasar & Binatang,bau tai,Bau tai dong
Umpatan Kasar & Binatang,tahu banding bandingin george kim hajar gak banding banding mpruy emamg mobil george masalah everyday everytime everyweek always georges car tai,"Ketahuan banding bandingin antara george dan kimi kami hajar di tempat. Gak usah membanding bandingkan ya mpruy, itu emamg mobilnya george yang BERMASALAH, EVERYDAY, EVERYTIME, EVERYWEEK ALWAYS GEORGE'S CAR tai"
Umpatan Kasar & Binatang,nyampe aja kaya dah bahagia jir verstappies ga nyangka posisi tai,bahkan buat nyampe q3 aja kayanya mulai sekarang dah jadi suatu kebahagiaan jir buat verstappies  ga pernah nyangka ada di posisi se tai ini
Umpatan Kasar & Binatang,hoax bro kaum idiot halu makan jamur tai kebo,"Hoax bro,
kaum idiot 24 % lagi halu ,
Banyak makan jamur tai kebo"
Umpatan Kasar & Binatang,brengsek kebelet berak rumah,Brengsek  kebelet berak di rumah orang
Umpatan Kasar & Binatang,berak jamban lele sih ga samsek wkwkwk,"Belum pernah berak di jamban berlele sih.
Sekarang jadi ga mau samsek wkwkwk"
Umpatan Kasar & Binatang,gw bangun berak tidur anjim blm sarap,gw bangun cuma buat berak dan tidur lagi anjim bahkan blm sarapan
Umpatan Kasar & Binatang,sebel bgt sm org yg kalo ajak komunikasi trs gatau hhhh berak,Sebel bgt sm org yg kalo diajak komunikasi trs jawabnya gatau. Hhhh berak
Umpatan Kasar & Binatang,berak celana,Berak di celana apa ya
Umpatan Kasar & Binatang,wah akhir lo bales si bela najis yg otak muat analogi berak doang bro lo ngegas sih gue bilang islam ribet wudhu najis pegang kitab suci lo loncat habis berak tidur nama,"Wah³,,akhirnya lo bales ya, si pembela najis yg otaknya cuma muat satu analogi berak doang.  
Bro lo lagi ngegas apa sih?
Gue bilang Islam ribet sendiri soal wudhu + najis tiap pegang kitab suci, lo malah langsung loncat ke habis berak tidur.  Itu namanya bukan jawaban."
Umpatan Kasar & Binatang,anu lg berak,anu. lg berak
Umpatan Kasar & Binatang,kek abis kelar paskah berak hari,keknya abis kelar paskahan aku akan balik berak sehari sekali...
Umpatan Kasar & Binatang,yeyyy berak,YEYYY SUDAH BERAK
Umpatan Kasar & Binatang,pas selese berak,lewat pas baru selese berak
Umpatan Kasar & Binatang,bentar jg berak km,bentar lagi jg berak lagi km
Umpatan Kasar & Binatang,hukum berak keadaa mikir keras,apa hukumnya berak dalam keadaa mikir keras
Umpatan Kasar & Binatang,berak,mau berak
Umpatan Kasar & Binatang,udahhh ak ngetik gt berak mlahn,"udahhh, ak ngetik gt sambil berak mlahn"
Umpatan Kasar & Binatang,pas berak,nanti pas lagi berak
Umpatan Kasar & Binatang,waww berak scroll twt,waww berak sambil scroll twt 
Umpatan Kasar & Binatang,emng kalo berak bawa hp kalo bawa motor repot,ya emng kenapa kalo berak sambil bawa hp? kalo sambil bawa motor kan repot
Umpatan Kasar & Binatang,waktu mulkidi buat nista periode berak gimana,Waktu mulkidi berbuat nista 2periode bapak ini lagi berak apa gimana
Umpatan Kasar & Binatang,asli bingung org org kaya gt si maksutnya emang gbisa bgt tahan toilet kadang berak toilet ga siram anjg tinggal tekan tombol aja gamau heran dah,"Asli bingung org org kaya gt kenapa si, maksutnya emang gbisa bgt ditahan sampai di toilet? Kadang pun ada yang berak ditoilet ga disiram anjg, tinggal tekan tombol aja gamau heran dah"
Umpatan Kasar & Binatang,jancuk,JANCUK
Umpatan Kasar & Binatang,jancuk ketawa gin doang,jancuk ketawa gini doang
Umpatan Kasar & Binatang,jancuk dryer,Jancuk dryer lagi
Umpatan Kasar & Binatang,jancuk puki ma,jancuk lah puki ma
Umpatan Kasar & Binatang,jancuk lu aja umur ama jabieb,"Jancuk, lu aja seumuran ama jabieb"
Umpatan Kasar & Binatang,samsul jancuk,Samsul jancuk
Umpatan Kasar & Binatang,salah jokowi jabat inspirasi utk jadi anak jabat instansi instansi perintah inspirasi jokowi jancuk,"Kesalahan jokowi terlalu besar. Banyak pejabat terinspirasi utk MENJADIKAN ANAKNYA PEJABAT juga di instansi instansi pemerintah.
""Terinspirasi pak jokowi"", ujarnya.

Jancuk."
Umpatan Kasar & Binatang,negara voters sial jancuk,"Negara apa ini, bukan voters 02 tapi kena sialnya terus. Jancuk!"
Umpatan Kasar & Binatang,contoh jancuk gt wkwk gatau kayak gaboleh abis submit beli ttp verifikasi lg,"Contohnya? Jancuk gt? Wkwk gatau, tapi kayaknya gaboleh soalnya abis submit beli ttp lewat verifikasi lg"
Umpatan Kasar & Binatang,bangsat jancuk anjing keparat tahun verifikasi nomor telepon ganti password sesuai perintah sistem pi network hasil henti hey asu kirik jancuk rai mu asu,"Bangsat jancuk anjing keparat empat tahun melakukan verifikasi nomor telepon untuk ganti password sesuai perintah sistem pi network sampai sekarang tidak berhasil, maka saya hentikan, hey asu kirik jancuk Rai mu asu"
Umpatan Kasar & Binatang,setal uang mbg ladang ampo makan korban kritik jancuk tenan yg duit mbah purvaya,"Setali tiga uang.
MBG jadi ladang perampokan dan makan banyak korban, tidak boleh dikritik?
Jancuk tenan.
Memang yg digunakan duitnya mbahnya purvaya?"
Umpatan Kasar & Binatang,pake enchan seret jancuk,Pake enchan lain malah makin seret  jancuk
Umpatan Kasar & Binatang,elu yg monyet negara lg ancam krisis energi doi sbg salah pimpin negara libur siah ngarti mu ngaranna sense if crisis teu cuk jancuk,"Elu yg monyet, negara lg ada ancaman krisis energi doi sbg salah satu pimpinan negara malah liburan, siah ngarti mu ngaranna sense if crisis teu, cuk jancuk?"
Umpatan Kasar & Binatang,ken minggat isp buruk xtra lelet jancuk please area prima harap regency,"@xlsatu_
 PENGEN MINGGAT DARI ISP TERBURUK XTRA LELET SATU JANCUK INI, 
@BiznetHome
 Please Kamu Masuk Area Prima Harapan Regency. #XtraLeletSatu"
Umpatan Kasar & Binatang,jancuk rakyat lulus sd percaya,jancuk dikira rakyat lulusan sd semua bakalan percaya 
Umpatan Kasar & Binatang,balikin jancuk gue ah,BALIKIN LAGI JANCUK MOHON GUE AH
Umpatan Kasar & Binatang,trump jancuk,trump jancuk
Umpatan Kasar & Binatang,jancuk,jancuk
Umpatan Kasar & Binatang,klo kaum zionist orang egois menang negara tidk nuklir klo zionist ajh yg nuklir negara tidk dasar keparat,Tampak jelas sekali klo kaum zionist itu orangnya EGOIS mau menang sendiri negara lain tidk boleh punya nuklir... Klo bisa hanya zionist ajh yg boleh punya nuklir sedangkan negara lain tidk boleh... Dasar keparat...
Umpatan Kasar & Binatang,salah us israel keparat,Semua ini salahnya dari US & Israel keparat itu.
Umpatan Kasar & Binatang,dibekimg keparat,Apa benar dia dibekimg keparat ?
Umpatan Kasar & Binatang,dongo keparat urusin tuh paket unlimited ngeleg parah harga nambah bagus nambah jelek,Dongo 5g keparat urusin dulu tuh paket unlimited yang ngeleg parah harga naik bukannya nambah bagus malah nambah jelek
Umpatan Kasar & Binatang,panteslah manusia miskin keparat,panteslah manusia2 miskin keparat itu!!!
Umpatan Kasar & Binatang,bajingaaaan perintah keparat,"Bajingaaaan...
Pemerintah keparat"
Umpatan Kasar & Binatang,aparat keparat,Aparat atau keparat?
Umpatan Kasar & Binatang,korporat keparat,korporat keparat
Umpatan Kasar & Binatang,aparat nti keparat,""" Saya aparat "" 
Nti keparat !! "
Umpatan Kasar & Binatang,keparat lu tolol,KEPARAT LU TOLOL
Umpatan Kasar & Binatang,jiancok pake arv nih si keparat bajingaaaannnn arv tuh kena odha bangsaaaattttttt arv gabisa bunuh virus tekan sel virus uu kau nih dah salah jalan kau tular salah,"Jiancok, pake ARV juga nih si keparat. Bajingaaaannnn ARV tuh khusus buat orang yang terkena ODHA, bangsaaaattttttt.
ARV ini gabisa membunuh virusnya, tapi menekan sel virus hingga U=U.
Kau nih dah salah jalan, jangan kau tularkan juga ke orang tak bersalah "
Umpatan Kasar & Binatang,keparat,keparat
Umpatan Kasar & Binatang,angkat farhash wafa salvador timbal presiden pkr hidup mafia keparat,"Angkat Farhash Wafa Salvador jadi Timbalan Presiden PKR Baru.
"" HIDUP MAFIA KEPARAT"""
Umpatan Kasar & Binatang,bunuh trump pedofil perkosa anak keparat biang kerok dunia inijika perempuan bela sy lg tdk hati gimana perempuan msh anak perkosa bajibgan,"Kamu yang harusnya dibunuh trump pedofil pemerkosa anak2 keparat biang kerok semua masalah di dunia ini,jika ada perempuan yang membela orang ini sy tidak bisa berkata apa2 lg mungkin mereka tdk ada hati melihat gimana perempuan2 kecil msh anak2 diperkosa bajibgan ini"
Umpatan Kasar & Binatang,gw bela iran udah bombardir zionis keparathahahahah,Gw bela Iran 1000% karena dia udah bombardir zionis keparat...hahahahah
Umpatan Kasar & Binatang,aparat mah keparat,"Bukan aparat ini mah, lebih ke keparat"
Umpatan Kasar & Binatang,lo aja yg tolol lo gak faham mending lo stop gak bacot,"Lo aja yg tolol, jika lo gak faham mending lo stop gak usah bacot.."
Umpatan Kasar & Binatang,sri tuh israel pasu lu ikut daftar gih bacot doang,Sri tuh Israel kurang pasukan lu ikutan daftar gih ...daripada bacot doang
Umpatan Kasar & Binatang,paham denial utama bacot bener engganya,"Jelas paham tapi tetap denial lah, kan utamakan bacot dulu soal bener engganya belakangan "
Umpatan Kasar & Binatang,diskusi postingan harap arsenal gagal kompetisi epl fa cup ucl garagara fansnya sombong kembang debat panas fans arsenal vs fans klub sikap jumawabacot laga juara tuduh,"Diskusi ini bermula dari postingan harapan Arsenal gagal di semua kompetisi (EPL, FA Cup, UCL) gara-gara fansnya sombong. Lalu berkembang jadi debat panas antar fans Arsenal vs fans klub lain soal sikap jumawa/bacot sebelum laga meski belum juara besar lama, dengan tuduhan"
Umpatan Kasar & Binatang,yg video krn salting salting krn kasih bunga tu ga hri anj yg komen alas cuman diam lg ketawa sm temen lu aja ga tau isi hati si cowo video bacot lu ga sesuai konteks video,"YG DI VIDEO KRN SALTING, DAN SALTING KRN DIKASIH BUNGA TU GA TIAP HRI ANJ, SEMENTARA YG DI KOMEN ALASAN NYA BANYAK, ADA YANG CUMAN DIAM, ADA YANG LG KETAWA SM TEMEN. LU AJA GA TAU ISI HATI SI COWO DI VIDEO ITU SEBENARNYA, BACOT AMAT LU, GA SESUAI KONTEKS VIDEO AMAT."
Umpatan Kasar & Binatang,realisasi pundit justin towel ga bacot arya erick ga campur putus latih timnas urusin aja yg wenang pssi,"Bisa terealisasi asal ""pundit"" macam justin, towel, dan lain lain ga usah banyak bacot, sama satu lagi arya dan erick ga usah ikut campur keputusan pelatih buat timnas. urusin aja apa yg jadi kewenangan pssi"
Umpatan Kasar & Binatang,bacot bgt ajg,BACOT BGT AJG
Umpatan Kasar & Binatang,bacot coba,bacot begitu di x coba
Umpatan Kasar & Binatang,bumi yg cipta tuhan muslim tu yg numpangiblis numpang bumi allah jgn nanyak bacot baca tapsir translate alquraan jumpa,"bumi ini yg cipta tuhan orang muslim kamu tu yg numpang,iblis pun numpang bumi Allah ini, jgn nanyak bacot baca tapsir translate alquraan kamu akan jumpa"
Umpatan Kasar & Binatang,gue ampe block tu akun bacot bgt bgt munculin konten reza arap yg gaguna,Gue ampe block tu akun soalnya bacot bgt juga sering bgt munculin konten reza arap yg gaguna
Umpatan Kasar & Binatang,bacot bngt,ini bacot bngt
Umpatan Kasar & Binatang,opini lu kaya gimana ga ngubah kalo idol gue udah banget atas lu bacot ngatain macem tuh liat lu jobless aja rsj,"mau opini lu kaya gimana juga ga ngubah kalo idol gue udah jauh banget diatas, dengan lu banyak bacot ngatain segala macem tuh malah jadi keliatan lu orang jobless yang baru aja keluar rsj 
@atarashiijeanz"
Umpatan Kasar & Binatang,pake mobil masalah banget bacot rusli rusli gimana kalo start cuyyyyy,"P2 PAKE MOBIL YANG BERMASALAH, TAPI BANYAK BANGET YANG BACOT RUSLI INILAH RUSLI ITULAH 

Gimana kalo dia start P10 cuyyyyy "
Umpatan Kasar & Binatang,bacot anjing bawain gue driver bawa rbr suzuka top wuali gue sungkemin,Bacot anjing sekarang bawain gue driver yang bisa bawa rbr22 di Suzuka buat top 5 wuali akan gue sungkemin
Umpatan Kasar & Binatang,sebenernya serah si bacot pas lg kasir soalny malu in dia,"sebenernya terserah si ya, asal bacot nya bukan pas lg depan kasir soalny malu2 in (ke dianya) "
Umpatan Kasar & Binatang,cundang kabeh mentalna saujung kuku beckham geuning el bacot el sosmed hungkul dunia mah hayam hungkul ajig,"pecundang kabeh, mentalna saujung kuku beckham geuning, el bacot + el sosmed hungkul, di dunia nyata mah hayam hungkul ajig"
Umpatan Kasar & Binatang,israel kalah bacot sembah dongeng halu israel kalah kasi dech lu modal bacot makan ntuu benci sampe modyaar,"Israel tak mungkin kalah
Cuma bacot penyembah dongeng pada halu israel kalah 
Kasian dech lu  
Cuma modal bacot makan ntuu kebencianmu sampe modyaar"
Umpatan Kasar & Binatang,buang peju sembarang iya,buang peju sembarangan iya
Umpatan Kasar & Binatang,peju gua,Peju gua itu
Umpatan Kasar & Binatang,martabak pisang peju,Martabak pisang peju
Umpatan Kasar & Binatang,sampe pentilne peju pokoke,Sampe pentilne keluar peju pokoke
Umpatan Kasar & Binatang,jg nelen peju,mau jg dong nelen peju 
Umpatan Kasar & Binatang,gw klo liat pgn numpahin peju mmknya,Gw klo liat dia selalu PGN numpahin Peju di mmknya
Umpatan Kasar & Binatang,bikin udah cum suruh kocok pake peju je,"bikin ketika udah cum, masih disuruh kocok pake peju dong je "
Umpatan Kasar & Binatang,hahha kalo iya kak biar bayar gak bau peju,"Hahha kalo bisa iya kak, biar bayar gak bau peju"
Umpatan Kasar & Binatang,nampung brp liter peju mmknya,nampung brp liter peju ya mmknya
Umpatan Kasar & Binatang,suka silit ga sunat dobol kowe,"Penyuka silit ini pun juga ga sunat.
Dobol Kowe"
Umpatan Kasar & Binatang,gilakk laki udah mantan ngemis ngemis otak silit,"Gilakk laki udah jadi mantan? ngemis ngemis?
Otaknya di silit kali ya"
Umpatan Kasar & Binatang,anjing homo asu silit sampah,"a : anjing
h : homo
a : asu
s : silit
s : sampah"
Umpatan Kasar & Binatang,aja si silit,Ternyata sama aja si silit ini
Umpatan Kasar & Binatang,ngomong silit lu gih,Ngomong sama silit lu sana gih
Umpatan Kasar & Binatang,ngapain njir makan buntut ayam silit ayambrutu si mas makan,"ngapain njir makan buntut ayam

kalau silit ayam(brutu) si masi bisa dimakan"
Umpatan Kasar & Binatang,ntu keren garuk silit iya samasama yh xixizi,Padahal ntu keren lagi garuk silit. Iya sama-sama yh xixizi
Umpatan Kasar & Binatang,kaya silit ayam gitu,Kaya silit ayam gitu
Umpatan Kasar & Binatang,doi lupa kalo kultus sang milik tembok ratap solo bisa ngatain atas idiot emang termul otak silit,"Doi lupa kalo lebih dulu mengkultuskan sang pemilik tembok ratapan solo
Bisa2nya malah ngatain orang diatas
Idiot emang termul, otaknya di silit"
Umpatan Kasar & Binatang,otak silit,Otaknya di silit
Umpatan Kasar & Binatang,gw cium jg lu silit,gw cium jg lu silit
Umpatan Kasar & Binatang,pliss meme silit mu kobong,Pliss mana meme silit mu kobong itu
Umpatan Kasar & Binatang,silit patil lele,Silit dipatil lele
Umpatan Kasar & Binatang,garuk silit, kenapa ya hari hari garuk silit
Umpatan Kasar & Binatang,ga bau silit,Apa ga bau silit
Umpatan Kasar & Binatang,awal pagi hari buka pintu rumah sambut bapakbapak garuk silit,awali pagi harimu dengan buka pintu rumah disambut bapak-bapak lagi garuk silit 
Umpatan Kasar & Binatang,si gendut dongo douching silit pedofil ga sejajar si babu kalo cium bibir majikan si majikan bangsat sebenernya kacung doyan mulut anak anak orangorang tolol kontol anjing makan anak perkosa,"Si gendut dongo cuma bisa douching silit pedofil, ga sejajar si babu kalo ciuman bibir sama majikan. Lagian si majikan bangsat yang sebenernya juga kacung itu doyannya mulut anak kecil yang mana adalah anaknya sendiri, orangorang tolol kontol semua anjing

Pemakan anak
Pemerkosa"
Umpatan Kasar & Binatang,anjir najong bagong bgt kalo otak pantat,"Anjir najong bagong bgt, orang kalo otaknya di pantat ya begini jadinya"
Umpatan Kasar & Binatang,urut sakit pantat malu wkwk,"Mau diurut, tapi yang sakit pantat, malu wkwk"
Umpatan Kasar & Binatang,burem dud coba ngomong pantat,"?
Burem, Dud. Coba ngomong sama pantat.
?"
Umpatan Kasar & Binatang,kalo gak kissing pantat lubang rapet gak mangap,"kalo gak kissing, pantat ini lubangnya bakal rapet terus gak bakal mangap"
Umpatan Kasar & Binatang,gw mls plg pantat gw dh nempel sofa pus ih,"Gw mls plg, pantat gw dh nempel di sofa perpus ih "
Umpatan Kasar & Binatang,ayo jabat arab yg hubbud dunyajilat tuh pantat junjung,ayo pejabat arab yg hubbud dunya...jilat tuh pantat junjunganmu itu
Umpatan Kasar & Binatang,luke yg cerah glowing kinyis kinyis gw salfok nopung pantat mu liat kah,"Luke yg se cerah glowing kinyis kinyis itu, dan gw salfok sama nopung 243,

ITU PANTAT MU KELIATAN KAH"
Umpatan Kasar & Binatang,mbs suruh cium pantat trump btw,MBS suruh cium pantat Trump btw
Umpatan Kasar & Binatang,insyinur pantat mini tuh,Insyinur pantat mini aku tuh
Umpatan Kasar & Binatang,mulut pantat aja ngomong,Mulut sama pantat sama aja kalau ngomong
Umpatan Kasar & Binatang,ko gede pantat pantat ku si kak,ko gedean pantat kamu daripada pantat ku si kak???
Umpatan Kasar & Binatang,pap pantat montok pwiss,Pap pantat montok kamu pwiss .
Umpatan Kasar & Binatang,kayak nggak ikhlas gitu sih emotnya suka colekcolek pantat montok,Kok kayak nggak ikhlas gitu sih emotnya? Lebih suka colek-colek pantat montok aku ya?
Umpatan Kasar & Binatang,bedak pantat ditaro muka oh murah duit,bedak buat pantat kok ditaro dimuka? oh murah ya? tak ada duit?
Umpatan Kasar & Binatang,siap mental liat pantat trik hari,Siapkan mental untuk liat pantat petrik sehari sekali
Umpatan Kasar & Binatang,janggal tititpantatpahabetis mas,Janggal di titit/pantat/paha/betis atau mana mas 
Umpatan Kasar & Binatang,lu goblok berita lu bawa makan tuh otak lu congean idung lu ingus pantat lu borok,"Lu goblok,, berita masa kini lu bawa masa lalu,, makan tuh otak lu yang congean idung lu yang ingusan pantat lu yang borokan"
Body Shaming & Kondisi Fisik,gamau gendut,Gamau aku gendut
Body Shaming & Kondisi Fisik,berat badan sakit cacat aj lolossampeyan wani piro ajmakanya postingmasa taruna akpol gendutndut,jangankan berat badan sakit /cacat aj bisa lolos...sampeyan wani piro ? biasa aj...makanya jangan posting...masa taruna akpol gendut...ndut !
Body Shaming & Kondisi Fisik,mending si bahlil si gendut mati aja anjing biang indo,"mending si bahlil sama si gendut itu mati aja anjing, biang masalah indo"
Body Shaming & Kondisi Fisik,beli utama harga kuat ndk apbn anak gendut suapin apbn mbg,"Bukan beli nya masalah utamanya 
Tapi harganya 
Kuat ndk APBN kita 
Ingat masih ada anak gendut yang Perlu di suapin APBN yaitu MBG"
Body Shaming & Kondisi Fisik,eh goblok mikir bener benerin kerja tolol si gendut npd idiot monokotil gapunya otak,"eh goblok, mikir lah kerja yang bener. benerin kinerja tolol si gendut itu. NPD idiot, monokotil gapunya otak"
Body Shaming & Kondisi Fisik,institusi parcok pakai slogan ente fulus jalan ente mulus lo anak jabat posisi lo kuat pusing badan kau gendut rekening kau gendut atur,"Kalau masuk institusi parcok tak perlu macam macam, cukup pakai slogan ""ENTE PUNYA FULUS, JALAN ENTE PASTI MULUS"" dan "" LO ANAK PEJABAT, POSISI LO PASTI KUAT "" atau "" TIDAK PERLU PUSING BADAN KAU GENDUT, YANG PENTING REKENING BAPAK KAU GENDUT ""... SEMUA BISA DI ATUR.."
Body Shaming & Kondisi Fisik,gw percaya max mo start jatinangor jg gw tetep percaya gw kagak percaya redbull anying fakyu mobil gendut,gw percaya sama max. mo dia start dari jatinangor jg gw tetep percaya sama dia. tapi gw kagak percaya sama redbull anying. fakyu mobil gendut.
Body Shaming & Kondisi Fisik,knapa gendut kalo joged kayak dakocan,Knapa ya orang2 gendut kalo joged2 kayak Dakocan? 
Body Shaming & Kondisi Fisik,kalo yg berlipet gendut alami ka,Ini kalo yg berlipet karena gendut bukan? Apa alami ka??? 
Body Shaming & Kondisi Fisik,mobil dipake mosak masik ga kenceng max otw nurburging aja kayak udh cape bawa mobil gendut ituu,masalahnya mobilnya dipake mosak masik juga ga bisa kenceng  max mau otw nurburging aja kayaknya udh cape bawa mobil gendut ituu
Body Shaming & Kondisi Fisik,cabe warna orangekuning loh gendut gendut sambel geprek,"Cabe yang warnanya orange/kuning itu loh yang agak gendut gendut, yang biasa buat sambel geprek..."
Body Shaming & Kondisi Fisik,klo mobil gendut podium,bisa harus yakin klo mobil gendut itu bisa podium
Body Shaming & Kondisi Fisik,kek gb wkwkwk kudu istirahat acc emang si gendut cocok layar bisnis klo bisnis sampe tipu si nenek lampir,"Keknya kena gb apa ya wkwkwk, kudu istirahat acc nya, emang si gendut itu cocoknya belakang layar bukan untuk bisnis, klo bisnis dia sampe ke tipu sama si nenek lampir itu kan "
Body Shaming & Kondisi Fisik,dasar mobil gendut,dasar mobil gendut
Body Shaming & Kondisi Fisik,udahlah mobil gendut tai upgrade upgrade iya upgrade,"Udahlah mobil gendut tai upgrade upgrade, iya upgrade ke p11"
Body Shaming & Kondisi Fisik,rill mbg mah mobil balap gendut,RILL MBG INI MAH MOBIL BALAP GENDUT
Body Shaming & Kondisi Fisik,warna pastel om,Warna pastel ada lah om?
Body Shaming & Kondisi Fisik,susah dikendarainnya ka max gendut si mobil,"susah dikendarainnya ka kata max, gendut si mobil nya"
Body Shaming & Kondisi Fisik,banget byy jelek banget,banget byy jadi jelek banget
Body Shaming & Kondisi Fisik,loh iya yaa huftttt jelek banget yg grgr suruh masukin usia kah,loh iya yaa huftttt jelek banget x ini yg grgr disuruh masukin usia kah
Body Shaming & Kondisi Fisik,najissss jelek banget ngatain adeknya gembel elu gembel tai,"najissss jelek banget mana ngatain adeknya gembel, elu yang gembel tai"
Body Shaming & Kondisi Fisik,cuaca jelek banget jaga sehat chaaa,"cuacanya lagi jelek banget, jaga kesehatan chaaa"
Body Shaming & Kondisi Fisik,analisis jelek banget,Analisisnya jelek banget
Body Shaming & Kondisi Fisik,nggak papa emang jelek banget,"Nggak papa, kok. Emang jelek banget "
Body Shaming & Kondisi Fisik,jelek banget,Lah jelek banget ya
Body Shaming & Kondisi Fisik,iya jelek banget usn ewh,iya kan jelek banget usn mereka ewh 
Body Shaming & Kondisi Fisik,jelek banget,jelek banget ya
Body Shaming & Kondisi Fisik,jelek banget nyindir,JELEK BANGET NYINDIR AKU
Body Shaming & Kondisi Fisik,mangkanya bilang gagal ka upgrade suzuka jelek banget rb,kan mangkanya dibilang gagal ka upgrade buat di suzuka ini.. jelek banget rb
Body Shaming & Kondisi Fisik,duh ngakak boongnya jelek banget,"duh ngakak lagi, boongnya jelek banget "
Body Shaming & Kondisi Fisik,woii gue hujan sinyal jelek banget susah banget mulung wifi kuota bapuk,"woii di tempat gue lagi hujan terus sinyal jelek banget, susah banget mau mulung wifi kuota bapuk semua"
Body Shaming & Kondisi Fisik,yakannnjelek banget fagg sii,"yakannn,jelek banget fagg
ini kenapa sii"
Body Shaming & Kondisi Fisik,alaaah badmood banget bisabisanya max down posisi lindblad detikdetik jelek banget mobil tahun ngga nonton,alaaah badmood banget sama Q2 nya  bisa-bisanya max down 1 posisi sama lindblad di detik-detik terakhir  jelek banget mobilnya tahun ini... ngga lanjut nonton Q1 nya lah
Body Shaming & Kondisi Fisik,elu jelek jelek banget samsunglions,"Elu jelek, JELEK BANGET @ samsunglions"
Body Shaming & Kondisi Fisik,padal lu buruk muka burik hati jilat kotor jokowi tea tea lu jilat,Dari padal lu buruk muka burik hati penjilat kotoran jokowi sampai tea tea lu jilat
Body Shaming & Kondisi Fisik,abang jemsi aman muka burik head thread ituh,Abang jemsi aman kan melihat muka burik di head thread ituh
Body Shaming & Kondisi Fisik,perempuan kere emang nuntut gue bini betina muka jelek kayak lu emang gak ber value ngapain pilih muka burik kayak lu gak yg nyet udah miskin burik mau,"Perempuan kere emang banyak nuntut

Gue punya bini betina muka jelek kayak lu emang gak ber value ngapain di pilih

Muka burik kayak lu gak ada yg mau nyet udah miskin, burik banyak maunya"
Body Shaming & Kondisi Fisik,muka lu burik kek plester semen dinding aja bnyk bacotin betina betina amplas noh aci biar bolong ilang lu ad hominem gw jg ad hominem gubernur kaya hasil korupsi kek lu muka burik auto bodoh,"Muka lu burik kek plesteran semen dinding aja bnyk bacotin betina betina segala. Diamplas dulu noh sama tambah acian biar bolong2nya ilang. 

Lu ad hominem gw jg bisa ad hominem, gubernur terkaya =\= tidak bisa kerja dan hasil korupsi. Sama kek lu muka burik =/= auto bodoh"
Body Shaming & Kondisi Fisik,jakh nutupin muka burik pake emot stiker,"Jakh, nutupin muka burik pake emot stiker"
Body Shaming & Kondisi Fisik,wkwkwkwk muka burik,Wkwkwkwk muka burik
Body Shaming & Kondisi Fisik,iya anjir muka burik badan ga semantep liat noh ceking,iya anjir muka burik badan nya ga semantep itu liat noh ceking
Body Shaming & Kondisi Fisik,aku dlu dgn pedenya ngikutin trend hijab pdhl muka burik item dekil hahaha pas liat foto lgsg blg gue pede bgt pake jilbab gin,"akupun dlu dgn pedenya ngikutin trend hijab ini pdhl muka burik item dekil hahaha
Pas liat foto lama lgsg blg ""kok gue pede bgt dulu pake jilbab gini"""
Body Shaming & Kondisi Fisik,gua gak dilahirin jawir muka burik bau gembel,Gua yang gak mau dilahirin jawir muka burik bau gembel
Body Shaming & Kondisi Fisik,muka burik lo hasil sperma cacat lo,muka burik lo hasil sperma cacat bapak lo
Body Shaming & Kondisi Fisik,ga bjir jawir ngelahirin muka burik bau badeg kek lo hahahaha,Ga mau juga bjir jawir ngelahirin muka burik bau badeg kek lo. Hahahaha.
Body Shaming & Kondisi Fisik,jawa muka burik kotak tambal ban iss jijik banget gua dengar jos gandos ihh jijik banget merinding kampung banget,"Jawa muka burik kotak tambal ban, iss jijik banget gua dengar kata jos gandos ihh jijik banget merinding kampungan banget"
Body Shaming & Kondisi Fisik,jawa muka burik kotak bau ketek badan keringetan lengket macem babi tebar paku bom biar laris usaha lo biar kerja biar ga bego,Jawa muka burik kotak bau ketek badan keringetan lengket macem babi. Tebar paku & bom sana biar laris usaha lo. Biar ada kerjaan biar ga bego
Body Shaming & Kondisi Fisik,jawa muka burik kotak jawa dongo,JAWA MUKA BURIK KOTAK JAWA DONGO
Body Shaming & Kondisi Fisik,sbnrnya gasih ganti poto ktp muka gweh ktp jelek bgt pls blm kenal makeup td sender kadoin ayah motor pake nama sender tp bjir sender malu asih ktp dgn muka burik," SBNRNYA BISA GASIH GANTI POTO KTP? muka gweh di KTP jelek bgt pls (blm kenal makeup) dan td sender di kadoin ayah motor harusnya pake nama sender, tp bjir sender MALU mengasihkan KTP dgn muka burik itu"
Body Shaming & Kondisi Fisik,duh malu liat muka burik ku,duh jadi malu keliatan muka burik ku 
Body Shaming & Kondisi Fisik,lu gada argumen fisik muka burik lu tunjukkin,LU GADA ARGUMEN LAIN SELAIN FISIK??? Mana muka burik lu??? Tunjukkin dong 
Body Shaming & Kondisi Fisik,muka burik paru paru gosong,"muka burik, paru paru apalagi  gosong"
Body Shaming & Kondisi Fisik,skin care ttep butuh bangnnti muka burik takut elu nyari yg cinta aja gak gak dukung faktor elu udah tulis erti tpi gue gak pov dri bini lu bang,"Skin care ttep butuh bang,nnti kalau muka burik takut elu nya nyari yg lain  cinta aja gak cukup kalau gak di dukung faktor lainnya meski elu udah tulis kalau kalian bisa saling mengerti tpi gue gak tahu POV dri bini lu bang"
Body Shaming & Kondisi Fisik,kayak gembel jir dekil bgt,kayak gembel jir. dekil bgt 
Body Shaming & Kondisi Fisik,pengaruh cahaya emang dekil banget muka,Itu pengaruh cahaya apa emang dekil banget mukanya 
Body Shaming & Kondisi Fisik,kek ga laku kampus kak wcnya dekil pesing bau rokok becek penuh tanah minim air bocor debu,"keknya ga berlaku di kampusku kak. soalnya wcnya dekil, pesing, bau rokok, becek, penuh tanah, minim air, bocor, berdebu "
Body Shaming & Kondisi Fisik,tato topi pake kacamata item rapper gak tau dekil ngga bw fotony,"tatoan, topian, pake kacamata item, rapper lagi. gak tau dia dekil apa ngga soalnya b&w fotony"
Body Shaming & Kondisi Fisik,gak cindo dekil kayak emak lolol tuh kacamata aja harga atas gaji wkkw lo gak pake foto jelek kah banci kahkayak irtu lo yg gak ortu lo lapor spt gak sih beban negara,Gak mungkin lah.. cindo mana ada yang dekil kayak emak lo...lol tuh kacamata aja harganya diatas gaji wkkw.. jadi kenapa lo gak mau pake foto ? Jelek kah? Banci kah?kayak irtu lo yg gak guna itu ? Ortu lo lapor spt gak sih? Apa beban negara?
Body Shaming & Kondisi Fisik,kasih makan tangan dekil pt kah inimana demit,dikasih makan tangan dekil pt 2 kah ini???mana sama demit semua
Body Shaming & Kondisi Fisik,gedebag gedebug edisi nyuci mobil dadak dilist parkir vip raize dekil lc minimal bersih,"Gedebag gedebug edisi nyuci mobil karena mendadak masuk dilist parkir VIP. Ya masa Raize dekil diantara LC, minimal bersih"
Body Shaming & Kondisi Fisik,iyh dekil bgt lengkeett,"iyh dekil bgt, mana lengkeett"
Body Shaming & Kondisi Fisik,homodia jg lain jiwaberaninya buka jasa sepongmana jelekgendutdekil,"Selain HOMO,dia jg kelainan jiwa....,berani2nya buka jasa sepong,mana jelek,gendut,dekil.."
Body Shaming & Kondisi Fisik,iyhh lbh suka yg dekil,iyhh lbh suka yg dekil 
Body Shaming & Kondisi Fisik,iya yah jd kngen nono dekil,iya yah jd kngen nono dekil
Body Shaming & Kondisi Fisik,kalo licin beli hydrogel backdoor minus kaca tuh gampang dekil,"Kalo di rasa licin bisa beli hydrogel buat backdoor, soalnya minusnya kaca tuh ya gampang dekil"
Body Shaming & Kondisi Fisik,hseminggu kalo dekil lg ajak mainn,H-seminggu karena kalo sekarang pasti dekil lg karena masih diajak mainn
Body Shaming & Kondisi Fisik,dekil,dekil
Body Shaming & Kondisi Fisik,elo gw asli jantan nih pake foto palsu bot laku lo bot banci kecut kwkwkkw kenaoa gak pake muka kecut kayak lo ato jelek kayak emak babu lo emak lo item dekil turun,Masa ? Jadi menurut elo gw aslinya jantan nih ? Pake foto palsu boti?  Itu bukannya kelakuan lo?  Boti kan  banci pengecut kwkwkkw .. jadi kenaoa gak pake muka ? Pengecut kayak bapak lo? Ato jelek kayak emak babu lo? Emak lo item dekil ya makanya turunan?
Body Shaming & Kondisi Fisik,dekil,balik dekil lagi 
Body Shaming & Kondisi Fisik,aih malas mending dekil biar nyucinya effort,"aih malasnya, mending sekalian dekil biar nanti nyucinya effort"
Body Shaming & Kondisi Fisik,selalu staff lebih nak english lirik hidung tajam kurus kering putih lepak tu okay ja,"selalunya staff yang melebih nak guna banyak english dalam lirik lah, hidung kena tajam lah, kena kurus kering lah, kena putih melepak lah, padahal tak perlu pun semua tu orang okay ja"
Body Shaming & Kondisi Fisik,gym badan udah gw kek anjrot kurus kering mel asli minder gw paksa gw lawan malu hati gw bilang dulunya kek gw kalo ngga mule milo kadang nih gw tarik ulur berangkat gym karna kadang,"gym badan udah pada jadi sementara gw kek anjrot kurus kering kumel, asli minder tapi gw paksa gw lawan rasa malu itu dan dalam hati gw bilang mereka juga dulunya sama kek gw kalo ngga mule sekarang kapan lagi milo?! kadang nih ya gw tarik ulur mau berangkat gym karna kadang-"
Body Shaming & Kondisi Fisik,gak becus pimpin negeri mantan wapres turun gunung kerja plesiran foya duit apbn yg dr utang purbaya aja kurus kering mikirin cari duit utk mbg,Sebegitu gak becusnya 2 pimpinan negeri ini sampai2 mantan Wapres harus turun gunung? Kerjaan mereka cuma plesiran dan foya2 duit apbn yg dr utang. Purbaya aja sampai kurus kering mikirin dari mana cari duit utk mbg 
Body Shaming & Kondisi Fisik,duh waktu kurus kering,Duh waktu itu kurus kering...
Body Shaming & Kondisi Fisik,ikut gemuk impresioon kurus kering kerontang,Pengikut memang gemuk tapi impresioon masih kurus kering kerontang
Body Shaming & Kondisi Fisik,selesai giat ajak makan temenku si nom pas lgi makan ni si cowo imut hampir tpi kek marah gitu ajg tpi halus km ngapain aja cowo bingung maksud ngasih liat foto smaa si cowo kurus kering bbrp,"Selesai kegiatan aku diajak makan sama temenku si nom pas lgi makan ni si cowo imut ini menghampiri tpi dia kek marah gitu ajg tpi halus ""km ngapain aja cowo tadi"" Bingung lah aku ""apa maksudnya?'' Tiba tiba dia ngasih liat foto"" Aku smaa si cowo kurus kering itu dan bbrp"
Body Shaming & Kondisi Fisik,cowo tipikal cowo kurus kering tinggi gitu cowo tinggi aga isi aja selmaa giat ngobrl smaa trs mana dua ngeliat cowo yg imut tpi ga ngeluatin,Sama 1 cowo lain dia tipikal cowo kurus kering tinggi gitu cowo sebelumnya juga tinggi aga berisi aja. Selmaa kegiatan aku ngobrl smaa dia trs kemana mana berdua sesekali aku pernah ngeliat cowo yg imut itu tpi dia ga ngeluatin aku.
Body Shaming & Kondisi Fisik,kurus kering,Kurus kering ya
Body Shaming & Kondisi Fisik,fans liga kangkung tolol kek lu udah match jual bangga main yg kurus kering,Itulah ucap fans liga kangkung tolol kek lu udah jelas match dijual pada banggai pemain yg kurus kering itu
Body Shaming & Kondisi Fisik,enggaaaa punyaaaaa dia kurus kering gituuu hehe,Enggaaaa punyaaaaa wong Dianya kurus kering gituuu hehe
Body Shaming & Kondisi Fisik,ta mahal banget kunyuk asw kurus kering jiwa raga plus rekening,"TA mahal banget kunyuk asw, kurus kering jiwa raga plus rekening"
Body Shaming & Kondisi Fisik,kurus kering mandi,kurus kering dan tidak mandi 
Body Shaming & Kondisi Fisik,suka udah kayak gitu abang lucu jir kasi kurus kering iya kemanamana bawa vitamin malu ah suka nulis gitu,"aku juga suka kalau udah lewat yang kayak gitu abang.. lucu jir meskipun kasian jadi kurus kering  iya, sekarang kemana-mana bawa vitamin :c bisa tapi MALU AH.. suka nulis juga gitu.."
Body Shaming & Kondisi Fisik,diabetes kambuh gula darah kaki kebas punggung sakit malem nang santet sampek badan kurus kering udh nyerahmati alhasil paksa pergi dokter syaraf kasih obat syaraf ngurangin sakit tembak punggung,"Diabetesnya kambuh2an, gula darah naik, kaki kebas, punggung sakit, tiap malem nangis dikira disantet, berlangsung sampek 6 bulan, badan kurus kering, udh mau nyerah(mati). Alhasil kupaksa pergi ke dokter syaraf. Dikasih obat syaraf buat ngurangin sakit tembakan di punggung...."
Body Shaming & Kondisi Fisik,msh sakit hati bgt krn tuduh bikin cowok kurus kering sm keluarga kaga kampung ktny kaget liat ubah cowok turun bb drastis tuh emg diet stress grgr teken lulus cpt sm ortunya,"msh sakit hati bgt krn kena tuduh bikin cowok sendiri kurus kering sm keluarganya. setelah 9 bulan kaga balik kampung, ktny mereka kaget liat perubahan cowok w yang turun bb drastis. Padahal selama itu tuh dia emg diet + stress grgr diteken lulus dan cpt kerja sm ortunya"
Body Shaming & Kondisi Fisik,bf pon suka perempuan tek sar insecure gila fikir bodoh pulak apsal nak insecure tek cik pakai baju pon cantik even runaway model pon tek cik je should embrace it nak insecure pon handsome pon kurus kering je,"Dulu bf aku pon suka perempuan tek sar, aku insecure gila, lama2 fikir rasa bodoh pulak, apsal nak insecure. Tek cik pakai baju apa2 pon cantik, even runaway model pon tek cik je, I should embrace it. Nak insecure lebih2 dia pon bukan handsome mana pon, kurus kering je. "
Body Shaming & Kondisi Fisik,kawe suka kurus keringsedap peluk,Kawe suka kurus kering...sedap peluk
Body Shaming & Kondisi Fisik,jir tp kasi liat tetangga kurus kering bilang nyusuin tuyul jawir behavoir,jir tp kasian juga ya liat tetangga kurus kering dibilang lagi nyusuin tuyul jawir behavoir
Body Shaming & Kondisi Fisik,udah bang badan situ udh kurus kering makan ain rakyat indonesia,"Udah bang,
badan situ udh kurus kering kemakan 'Ain rakyat seIndonesia."
Body Shaming & Kondisi Fisik,lol muka gw muka supir suka ngayalin hidup gua melarat elo lo aja malu muka jelek kayak emak babu lo item dekil babu keluarga lo passport gak kwkwkkw,Lol .. muka gw muka supir ? Jangan suka ngayalin kehidupan gua lebih melarat dari elo.. lo aja malu sama muka sendiri? Jelek kayak emak babu lo yang item dekil itu yang jadi babu di keluarga lo? Ada passport gak dia ? Kwkwkkw
Body Shaming & Kondisi Fisik,iya mek longgar sorry yee udh dicobain gadun mek lu yg gk item dekil daki yaa,"iya meki longgar sorry yee, udh dicobain berapa gadun meki lu yg gk seberapa itu? pasti item dekil berdaki kan yaa "
Body Shaming & Kondisi Fisik,neng punggung kaki udah baik beneran item dekil sampe muncul flek hitam,tapi aku seneng punggung kakiku udah membaik. sebelumnya beneran item dekil sampe muncul flek hitamnya
Body Shaming & Kondisi Fisik,item dekil awat keburu tua ku kinyis kinyis bau sangit gara gara masak ga pakai kompor gas,"item dekil dan tidak terawat 
keburu tua ku yang kinyis kinyis bau sangit gara gara masak ga pakai kompor gas"
Body Shaming & Kondisi Fisik,ngaku dukung zionis tp pesek item dekil mampus aja buzzer anjenggg,"Ngaku dukung zionis tp pesek item dekil 

Mampus aja buzzer anjenggg"
Body Shaming & Kondisi Fisik,lu sampah goblok mokondo item dekil miskin,"Lu sendiri sampah, goblok, mokondo item dekil miskin "
Body Shaming & Kondisi Fisik,lucu org yg suka ngatain jelek buluk item dekil kmrin makeup in wkwk,"lucu ya, org yg dulu suka ngatain aku jelek, buluk, item, dekil kmrin minta di make-up in aku wkwk"
Body Shaming & Kondisi Fisik,kalo item dekil jelek hidup,Begitulah kalo Item dekil jelek hidup
Body Shaming & Kondisi Fisik,cowok minum capek dikatain item dekil mulu,Cowok boleh minum?? Aku capek dikatain item dekil mulu
Body Shaming & Kondisi Fisik,mentang gw item dekil serum blio njir,Mentang2 gw item dekil langsung dikira serumpun sama blio njir 
Body Shaming & Kondisi Fisik,ras dikatain item dekil hideung negro magrib dll,"Karena bakal kena rasis, dikatain item, dekil, hideung, negro, magrib, dll"
Body Shaming & Kondisi Fisik,jelek pendek item dekil gabisa fashion dah smua no krn gada duit cinta ak ga ngerti definisi cinta ntah krn ak yg ga nangkep ap ak emg blm kasi tau cinta sbnrnyabahkan batas nerimakasi hadiah aj dont know how,"jelek, pendek, item, dekil, gabisa fashion dahlah ini smua balik ke no 1 krn gada duit
3. cinta, ak ga ngerti definisi cinta itu apa ntah krn ak yg ga bisa nangkep ap karena ak emg blm pernah dikasi tau apa itu cinta sbnrnya...bahkan sebatas nerima/kasi hadiah aj i dont know how"
Body Shaming & Kondisi Fisik,cina item dekil gin kayak warga bantar gebang,cina mana item dekil gini kayak warga bantar gebang
Body Shaming & Kondisi Fisik,anjeeng muka kaya gembelitemdekil hidup gk beres aja sok tingkah gue aja yg tampang aja santai,"Anjeeng muka kaya gembel,item,dekil hidup gk beres aja Sok banyak tingkah kau,gue aja yg tampang biasa aja tetap santai"
Body Shaming & Kondisi Fisik,elua anak lu kayak babi mau ewe anjing lahir elu,Apalagi elu.a anak ibu lu yang kayak babi itu mau maunya di ewe anjing. Lahirlah elu
Body Shaming & Kondisi Fisik,kalo kayak babi ga besok best,Kalo kayak babi ga bisa besok dong best
Body Shaming & Kondisi Fisik,badan kayak babi aer gitu,badan kayak babi aer gitu
Body Shaming & Kondisi Fisik,kayak babi hutan lari cepet lurus nabrak,"Kayak babi hutan. Larinya cepet, lurus, dan nabrak apa pun. "
Body Shaming & Kondisi Fisik,anasundala apasaya sj no celana berat sdh kgini sdh kayak babi bilang kg,"anasundala 65 apa,saya sj no celana 30 berat sdh 63kg,ini sdh kayak babi dibilang 65kg "
Body Shaming & Kondisi Fisik,bentuk nasi putih kaga pink kayak babi,"Bentukan nasi nya putih, kaga pink kayak babi??"
Body Shaming & Kondisi Fisik,as ga berani perang darat lawan iran kencing kayak babi hutan afghanistan hahaha,AS Ga bakalan berani perang darat lawan iran. Cukup terkencing2 kayak babi hutan di afghanistan hahaha
Body Shaming & Kondisi Fisik,gak paham bahasa inggris nyalahin member nyalahin seokjin agens kayak babi,Pada gak paham bahasa inggris makanya nyalahin member lain dan nyalahin Seokjin. Padahal agensi yang kayak babi.
Body Shaming & Kondisi Fisik,milih foto scbd gak beda malaydes negara miskin singapore yg kaya negara jt tp miskin gara malaydes melayu tolol nyembah anak raja yg kelakuanya kayak babi,"Milih foto di scbd juga gak beda jauh, malaydes itu masih negara miskin bukan singapore yg kaya

Negara 34 jt tp masih miskin gara2 malaydes melayunya pada tolol2 masih nyembah anak raja yg kelakuanya kayak babi"
Body Shaming & Kondisi Fisik,kayak babi aja ka ay,kayak babi aja ka ay
Body Shaming & Kondisi Fisik,laku kayak babi ortu pilih kasih ngapain deket,"Kelakuannya kayak babi dan ortu pilih kasih, ngapain deket!"
Body Shaming & Kondisi Fisik,otak ente kayak babi drunloe hujat kofar kafirselangkangan nomer gobloqq gobloqq,"OTAK ENTE YANG KAYAK BABI DRUN.LOE CUMA BISA MENGHUJAT KOFAR KAFIR...SELANGKANGAN NOMER 1
GOBLOQQ GOBLOQQ"
Body Shaming & Kondisi Fisik,kl guru ngaji isi otak tai kek giniperbuatan kayak sampahmgkn otak bentuk taisifatnya kayak babi,"kl guru ngaji isi otaknya tai ya kek gini,perbuatan nya  kayak sampah,mgkn otaknya juga bentuk tai,sifatnya kayak babi.."
Body Shaming & Kondisi Fisik,laper sih anjg udh makan kayak babi td,kok laper sih anjg udh makan kayak babi td
Body Shaming & Kondisi Fisik,bogel kentank gembrot kentunk,"Yang bogel kentank, yang gembrot kentunk"
Body Shaming & Kondisi Fisik,najis bgt lu bogel,Najis bgt lu bogel
Body Shaming & Kondisi Fisik,iya si kunti bogel ad tas ku pgn ktanya wkwkwkkw,iya si kunti bogel ad di tas ku pgn ikut ktanya wkwkwkkw
Body Shaming & Kondisi Fisik,emang gemes kak bogel jealous,"emang lagi gemes kak, itu yang lebih bogel lagi jealous"
Body Shaming & Kondisi Fisik,bungkusssss faye bawa pulanggg anak cimit bogel,bungkusssss faye bawa pulanggg anak cimit bogel itu
Body Shaming & Kondisi Fisik,ka tlong mwu kaa help bogel goda,ka tlong mwu kaa help bogel menggoda
Body Shaming & Kondisi Fisik,pa anak jendral dung pendek bogel terima akmil sontak syarat tb catar ubah model si pupa uumkaturan akal obpknya si mbah jack paman usman hebat negeri antah,"G pa2, ada anak Jendral Dung2 pendek bogel, awalnya g keterima Akmil. Tapi sontak syarat TB catar pun diubah. Ini model2 si pu2pa2 
@gibran_tweet
 UU/MK/aturan diakal2i o/bpknya si Mbah Jack 
@jokowi
 & paman Usman 
@officialMKRI
 ,,, Hebatnya negeri Antah "
Body Shaming & Kondisi Fisik,beliii naayy gemes bgt bogel selimut,BELIII NAAYY GEMES BGT ITU BOGEL SELIMUTAN
Body Shaming & Kondisi Fisik,nak bogel dpn jela,Nak bogel dpn I jela.....
Body Shaming & Kondisi Fisik,wkwkwk lano bogel,"YA KAN WKWKWK, lano bogel "
Body Shaming & Kondisi Fisik,blom kk,Blom lihat kk
Body Shaming & Kondisi Fisik,request ga kk coba coli pinggir jalan raya yg lg rame kendara gtu tengah pasar,"Bisa request ga KK,,, coba coli pinggir jalan raya yg LG rame kendaraan lewat gtu,, atau di tengah pasar"
Body Shaming & Kondisi Fisik,teman yg spekuensi klo mna gtu,Pasti teman nya yg spekuensi.... KLO orang lain mna ada gtu
Body Shaming & Kondisi Fisik,yahudi kuntet,Yahudi kuntet
Body Shaming & Kondisi Fisik,usaha kuntet culas doyan serobot tanah sah rakyat sulawesi selatan,Pengusaha Kuntet Yang Culas Doyan Serobot Tanah Sah Rakyat Kecil Sulawesi Selatan
Body Shaming & Kondisi Fisik,sakit kalo tabok tangan enteng bgt kuntet,Sakit kalo kena tabok dia mana tangannya enteng bgt walau kuntet
Body Shaming & Kondisi Fisik,udh kuntet ga moral lg,Udh kuntet ga bermoral pula lg 
Body Shaming & Kondisi Fisik,yampuunn nanem kelengkeng tabulampot aja udh tahun kuntet kak wkwkw,Yampuunn aku nanem kelengkeng tabulampot aja udh 2 tahun kuntet kak wkwkw
Body Shaming & Kondisi Fisik,cebol chiyori bawah kuntet,"Cebol , chiyori dibawah 145? Kuntet dong"
Body Shaming & Kondisi Fisik,islam serang narasi fitnah islamophobia kuntet de houtman dkk liberal salib meutia faradila hanyur dkk nambah wahabi yg narasi bikin pecah satu islam narasi yg untung zionisemirat salib,"Jadi orang islam :
Tiap hari diserang narasi fitnah
Islamophobia seperti kuntet de houtman dkk 
liberal salibis seperti meutia faradila dan hanyur dkk
Nambah wahabi2 yg tiap hari narasi2nya bikin pecah persatuan islam dengan narasi2 yg menguntungkan zionis,emirat dan salibis."
Body Shaming & Kondisi Fisik,cek biar dapet ilmu kuntet numbalin nyawa warga hasil tumbal diserahin guru mbah gulung alhasil warga anakanak tinggal misterius curiga ama si kuntet,"setelah di cek ternyata, biar dapet ilmu itu, Kuntet harus numbalin nyawa warga dan hasil tumbalnya itu bakalan diserahin ke Gurunya, Mbah Gulung. alhasil, banyak warga terutama anak-anak meninggal secara misterius. makanya, banyak yang curiga ama si Kuntet ini."
Body Shaming & Kondisi Fisik,hasil haram si kuntet orkay hidup serba mevvah red flag istri nyi syariah ama anak bayu dikucilin ama warga gegara kerja bapak singkat cerita emaknya si bayu curiga suami orkay malam,"dari hasil kerja haramnya itu, si Kuntet jadi orkay dan hidup serba mevvah tapi red flag bagi istrinya, Nyi Syariah ama anaknya, Bayu yang dikucilin ama warga sekitar gegara kerjaan bapaknya. singkat cerita, emaknya si Bayu curiga sama suaminya yang bisa jadi orkay dalam semalam."
Body Shaming & Kondisi Fisik,kafir satanic the real og horor versi remake film tuh meranin sudjiwo tedjo ama meriam bellina film tuh cerita kuntet si dukun santet ken kaya raya jalur instan alias sekutu ama setan,"1. Kafir (Satanic)

The real OG Horor! ini bukan versi remake yang 2018, ya. di film ini tuh yang meranin Sudjiwo Tedjo ama Meriam Bellina. film ini tuh menceritakan tentang Kuntet, si dukun santet yang pengen kaya raya lewat jalur instan alias bersekutu ama setan."
Body Shaming & Kondisi Fisik,rill si kuntet najib to kak,Itu rill si kuntet najib to kak?
Body Shaming & Kondisi Fisik,disapora negeri tetangga makan embege pantes kuntet,Jadi disapora ke negeri tetangga tapi makannya embege. Pantes kuntet terus..
Body Shaming & Kondisi Fisik,wkwk ngapain infak lol lol tolol badan dah kuntet otak dangkal,"""Wkwk ngapain infak lol"" lol = tolol

badan dah kuntet, otak dangkal pula"
Body Shaming & Kondisi Fisik,dah panggil dek muluu gegara kuntet cm,"Aku dah bapak2 tapi dipanggil dek muluu
Gegara kuntet 162cm"
Body Shaming & Kondisi Fisik,taambah panas si kuntet singapur,Taambah kepanasan si kuntet singapur
Body Shaming & Kondisi Fisik,rill pikat pesona pria ceking berskimny jeans,rill terpikat pesona pria ceking berskimny jeans
Body Shaming & Kondisi Fisik,iya segitu ceking banget nget,Iya sama saya segitu ceking banget nget
Body Shaming & Kondisi Fisik,model sprti wota sok pek lg ceking loser,"Mana modelannya sprti wota sok sepek pada umumnya lg, ceking dan loser"
Body Shaming & Kondisi Fisik,males banget si namyong ceking plis,"Males banget sama si namyong ceking, plis balik "
Body Shaming & Kondisi Fisik,perut ceking bgt yah ituh,"perut #kenyang tapi kok aku ceking bgt yah kala ituh,,"
Body Shaming & Kondisi Fisik,lu idiot laler ceking,Lu idiot laler ceking
Body Shaming & Kondisi Fisik,yeee si ceking mulut lu sampah bgt sumpah,"yeee si ceking, mulut lu sampah bgt sumpah "
Body Shaming & Kondisi Fisik,brisik ceking,brisik ceking
Body Shaming & Kondisi Fisik,obeng ceking kak dipakein baju si bengi terkam beliau diledekin iyalagi ledek napsu liat tete kambing drpd tete lu ntu benggggg ttp puja sih bengi diam buset ken cubit," obeng kan ceking ya kak, dipakein baju itu kira2 si bengi akan tetap menerkam beliau atau malah diledekin??
 IYALAGI BAKAL DILEDEK. lebih napsu liat tete kambing drpd tete lu ntu benggggg!!

cuma ya bakal ttp dipuja2 sih sama bengi TAPI DALAM DIAM buset pengen cubit."
Body Shaming & Kondisi Fisik,baca gadis minimarket teeus ketemu kalimat lakilaki rawa ceking kawat hanger wkwkwkwk kawat hanger kawat hanger pikir gue lgsg bayang hanger besi yg karat udah ga simetris bentuk,"baca gadis minimarket teeus ketemu kalimat ""seorang laki-laki berperawakan ceking seperti kawat hanger"" WKWKWKWK KAWAT HANGER KENAPA KAWAT HANGER  di pikiran gue lgsg terbayang hanger besi yg karatan dan udah ga simetris bentuknya"
Body Shaming & Kondisi Fisik,boneka ceking isa deh hahha,Mau boneka ceking Isa deh hahha
Body Shaming & Kondisi Fisik,stop ngablunya tuking kau tukang ceking,stop ngablunya  tuking kau kata aku tukang ceking ya
Body Shaming & Kondisi Fisik,akibat bodoh bangsa masif sistematik struktur si ceking paras ndeso si gembrot paras idiot npdisease hancur bangsa,Inilah akibat pembodohan bangsa secara masif sistematik dan terstruktur dari sejak si ceking berparas ndeso sampai si gembrot berparas idiot NPDisease.... Hancur bangsa ini
Body Shaming & Kondisi Fisik,ceking anjing,CEKING ANJING
Body Shaming & Kondisi Fisik,ceking hps gk,YANG CEKING HPS GK
Body Shaming & Kondisi Fisik,kemaren mikir ambil permpoon ceking banget trs tbtb gembuull ak bgt,kemaren aku mikir mau ambil permpoon karena dia ceking banget TRS TBTB JADI GEMBUULL AK MAU BGT
Body Shaming & Kondisi Fisik,waktu daftar ceking bodygoals,"Waktu daftar,,, masih Ceking,, masih bodygoals... "
Body Shaming & Kondisi Fisik,mimpi naek motor beat karbu mberr ceking minghao xixi bonceng gitu cerita jemput blio mimpi minghao bau kesang wkwk tetep nemplok belakang hahaha,"3. Mimpi naek motor beat karbu mberr ceking sama minghao xixi, dibonceng gitu sama dia, ceritanya saya dijemput blio, mana dimimpi minghao bau kesang wkwk tapi saya tetep nemplok dibelakang dia hahaha"
Body Shaming & Kondisi Fisik,sagapung lu ceking,sagapung lu ceking
Body Shaming & Kondisi Fisik,rill pantad tepos hati full senang,rill pantad tepos namun hati full senang
Body Shaming & Kondisi Fisik,tepos gemeshin kalo ud polos wkwk,Tepos itu gemeshin kalo  ud polos wkwk
Body Shaming & Kondisi Fisik,anak pantat tepos belah kah,Kenapa anakku . Pantatmu tepos sebelah kah
Body Shaming & Kondisi Fisik,luwuk pagimana pagimana bualemo bualemo luwuk luwuk batu batu luwuk tepos pantatkuu,"Luwuk - pagimana
pagimana - bualemo
bualemo - luwuk
luwuk - batui
batui - luwuk

Tepos pantatkuu"
Body Shaming & Kondisi Fisik,udah tepos,Udah tepos kebetulan 
Body Shaming & Kondisi Fisik,aa tepos rata,A aa aku tepos rata :(
Body Shaming & Kondisi Fisik,iya tepos kal gak suka tete gede tang gak merhatiin tete goyang,"iya tepos kal, tapi gak semua suka tete yang gede kok. ada juga tang gak terlalu merhatiin tete yang penting goyangannya enak"
Body Shaming & Kondisi Fisik,rip bokong tepos ggr kursi kereta,"rip bokong, tepos ggr kursi kereta"
Body Shaming & Kondisi Fisik,iya tepos,iya tepos
Body Shaming & Kondisi Fisik,jg ken bokong gede tahes komes cowok dr tepos gaenak duduk alas kasar dikit tok sampe tulang,"Aku jg pengen punya bokong gede tahes komes meskipun cowok, karena dr dulu aku tepos, gaenak duduk di alas kasar dikit kepentok sampe tulang"
Body Shaming & Kondisi Fisik,cowok suka tau dada tepos,Cowok banyak suka tau dada tepos begitu
Body Shaming & Kondisi Fisik,bontot tepos,Bontot tepos
Body Shaming & Kondisi Fisik,asli tepos,jadi aslinya tepos?
Body Shaming & Kondisi Fisik,onyooo mah kebenyet  tepos,ONYOOO ini mah aku kebenyet x ____ x nanti jadi tepos!
Body Shaming & Kondisi Fisik,pas jaman smp misuhin yg bilang sakura beban ujung mah ngeledek tepos,"Pas jaman smp sering misuhin orang yg bilang sakura beban, ujung2nya mah ngeledek tepos"
Body Shaming & Kondisi Fisik,tepos asli ga,tepos yang penting asli ga masalah
Body Shaming & Kondisi Fisik,yg tepos nilai plus iykyk,Justru yg tepos itu ada nilai plusnya. Iykyk
Body Shaming & Kondisi Fisik,nggalah pengaruh baju aja coba kalo bare ngga tepos,Nggalah. Itu pengaruh baju aja. Coba kalo bare pasti ngga tepos
Body Shaming & Kondisi Fisik,si tonggos sang dusta,Si Tonggos sang pendusta
Body Shaming & Kondisi Fisik,lemes banget laki pantes tonggos,"Lemes banget jadi laki, pantes tonggos"
Body Shaming & Kondisi Fisik,lgbt tonggos ompong gitu rey,lgbt tonggos ompong gitu rey
Body Shaming & Kondisi Fisik,gigi udah ga tonggos,Giginya juga udah ga tonggos lagi
Body Shaming & Kondisi Fisik,bener ibu tumbuh gigi tonggos iya gigi yg tonggos yg tonggos pecah jdi bener ga pandang lewat kanak bully an karna remaja gigi berlobang bawa dokter gigi,"bener saja kata ibuku, aku tumbuh dengan gigi tonggos satu, iya gigi yg tonggos satu, dan ada yg tonggos itu pecah jdi bener2 ga enak dipandang, aku melewati masa kanak2 dengan bully an karna itu.. belum lagi masa remaja ada gigi berlobang dan bukannya dibawa ke dokter gigi -"
Body Shaming & Kondisi Fisik,mohan aaf siape sayang nanya cewenya trs cewenya ngasih stiker dino tonggos nih aaf nih aaf haus,"mohan: aaf siape sayang? nanya ke cewenya
trs cewenya ngasih stiker dino tonggos
nih aaf nih aaf kehausan"
Body Shaming & Kondisi Fisik,woiiiiii tonggos jgn cm judul aja lo bacaanjing lo baca isi veda ega ngomong bgtu prestasi atlet indonesia lsg drop kl anjing politikus sdh bawa nama atlit utk jd komoditi politik anjing lo dian tonggos,"Woiiiiii tonggos, jgn cm judul nya aja lo baca,anjing!!!!!
Lo baca isinya, apa ada Veda Ega ngomong bgtu?
Prestasi atlet2 indonesia lsg drop kl anjing2 politikus sdh bawa2 nama atlit utk jd komoditi politik nya.
Anjing lo dian tonggos!!!!!"
Body Shaming & Kondisi Fisik,samaaa kak tonggos beneran insecure parah behel biaya gede mama mas mending sedih jujur gmn lagi,"SAMAAA KAK mana aku tonggos beneran insecure parah, mau behel biaya nya gede mama aku masi mending' sedih jujur tapi gmn lagii"
Body Shaming & Kondisi Fisik,sorry kayak gigi tonggos,sorry tapi kayak gigi tonggos 
Body Shaming & Kondisi Fisik,tonggos,tonggos
Body Shaming & Kondisi Fisik,jawa sih cewe tonggos kotak kek adudu,"lebih ke jawa sih, itu cewe nya tonggos bukan kotak kek adudu"
Body Shaming & Kondisi Fisik,hasil gue dapet kaya gin lepas rugi bgt ajg krn udah tahun emg proses gin gmna sih gigi gue tonggos lingkar rahang kecil gue kabur nunggu progres plis,"tapi hasil yang gue dapet kaya gini, mau aku lepas juga rugi bgt ajg krn udah setahun. ini emg prosesnya gini apa gmna sih, gigi gue sekarang tonggos dan lingkar rahang mengecil. gue harus kabur apa nunggu progres dulu plis"
Body Shaming & Kondisi Fisik,jujur maju bibir tpi jujur ga tonggos loh suerr tpi ini bibir atas tebel jalur gimana bilangnyagitulah pokok,"Jujur majuan bibir, tpi jujur juga aku ga tonggos loh suerr.... tpi ininya bibir atasnya ini tebel dan sedikit keluar jalur, gimana ya bilangnya....gitulah pokoknya"
Body Shaming & Kondisi Fisik,hidung bibir kn aja tonggos,hidung lah  bibirku kn b aja tidak tonggos 
Body Shaming & Kondisi Fisik,bibir haha grgr gigi tonggos,Bibir haha grgr gigi tonggos
Body Shaming & Kondisi Fisik,bikin gebrak kalo sore jelang malem wkwk kesel tp kesini bosen sebel liat muka gigi yg tonggos ih bisa tianlei suka yg,"dia bikin gebrakan kalo sore menjelang malem terus wkwk awal awalnya kesel tp makin kesini bosen, sebel liat mukanya giginya yg tonggos itu juga ih bisa bisanya tianlei suka yg begitu"
Body Shaming & Kondisi Fisik,bagus jirr rapih ga tonggos,Lah ini bagus jirr rapih ga tonggos 
Body Shaming & Kondisi Fisik,otak lu tuh tonggos blokk,otak lu tuh tonggos blokk
Body Shaming & Kondisi Fisik,udh ga dinggep fd pindah trus ngerusuh wkwk gue jd jay ketawa liat org muka aspal,"dia udh ga dinggep di fd lama nya, makanya dia pindah trus ngerusuh disini wkwk gue jd jay juga ketawa liat org muka aspal begitu "
Body Shaming & Kondisi Fisik,muka aspal kuping tutup ompreng,"muka aspal, kupingnya ketutup ompreng"
Body Shaming & Kondisi Fisik,abu jamban al tolol puja bool israhellanggota buzzer hasbara ciri tolol bacot minim literasi muka aspal somplak kw ga tau malu,"Abu jamban al TOLOLI itu pemuja bool israhell,anggota buzzer hasbara.
Ciri2nya :
TOLOL 
BANYAK BACOT
MINIM LITERASI
MUKA ASPAL SOMPLAK KW 13
GA TAU MALU"
Body Shaming & Kondisi Fisik,gitu asmin ismut aja on pagi siang ngga ngeliatin muka aspal mas yebe, kalau gitu sama asmin ismut aja ya yang on nya tiap pagi ke siang supaya ngga ngeliatin muka aspal nya mas yebe
Body Shaming & Kondisi Fisik,muka plastik aja sombong muka tembok muka aspal muka gile muka mmkmuka lu kaya kntql aja tuh,"baru muka plastik aja sombong ,disini dong ada ,muka tembok ,muka aspal ,muka gile ,muka m3m3k,muka lu kaya k0ntQL ,biasa aja tuh"
Body Shaming & Kondisi Fisik,right muka aspal muka monyet muka kampung,Right: Muka Aspal Muka Monyet Muka Kampung
Body Shaming & Kondisi Fisik,nysnyenye nyimeng sono bandingin idol aktor muka aspal lu,Nysnyenye nyimeng sono. Bandingin sama idol aktor. Sama muka aspal lu sini mana
Body Shaming & Kondisi Fisik,muka aspal emang,Muka aspal emang
Body Shaming & Kondisi Fisik,untung ak muka aspal,untung ak muka aspal
Body Shaming & Kondisi Fisik,lu psti asli muka aspal,lu psti aslinya muka aspal
Body Shaming & Kondisi Fisik,udh muka aspal hati iblis,Udh muka aspal hatinya iblis 
Body Shaming & Kondisi Fisik,jabat nkri muka aspal neng kl dibantuin ma gigih terap zakat infaq utk bantu pdhl uud pasal sdh isi mrk pelit utk penting rakyat pajak rakyat cm utk penting mrk kelompok sdr,Pejabat NKRI muka aspal. Malah seneng kl dibantuin ma orang lain. mereka gigih menerapkan zakat infaq katanya utk membantu sesama. Pdhl di UUD 45 pasal 33 sdh jelas isinya. Mrk pelit utk kepentingan rakyat. Pajak rakyat cm utk kepentingan mrk n kelompoknya sdr.
Body Shaming & Kondisi Fisik,hmmmmmm si cecurut udah ukti video si cencorang jokowi yg resmiin aja ni cecurut belaiin dasar muka aspal lu gak tau malu deket gua rebus lu empanan makan lele tetangga,"hmmmmmm si cecurut lagi  , udah begitu banyak m ukti video si cencorang Jokowi yg resmiin , masih aja ni cecurut mau belaiin , dasar muka aspal lu gak tau malu , kalau deket gua rebus lu buat empanan makanan lele tetangga "
Body Shaming & Kondisi Fisik,niat kritisi coba pasang muka asli muka aspal,Kalau memang niat mengkritisi coba pasang muka asli jangan muka aspal.
Body Shaming & Kondisi Fisik,oi muka aspal,OI MUKA ASPAL
Body Shaming & Kondisi Fisik,termul muka aspal,Termul Muka Aspal
Body Shaming & Kondisi Fisik,dah gatau malu rill muka aspal,DIA DAH GATAU MALU RILL MUKA ASPAL
Body Shaming & Kondisi Fisik,dik orangtua laku si anak muka aspal,dari didikan orangtua nya pun terlihat bagaimana kelakuan si anak muka aspal itu
Body Shaming & Kondisi Fisik,burik banget dah,burik banget dah x. 
Body Shaming & Kondisi Fisik,keinget memori kelam pas tayang animenya burik banget gak paham,"Jadi keinget memori kelam, pas tayang animenya BURIK BANGET. Sampai gak paham itu siapa "
Body Shaming & Kondisi Fisik,burik banget,burik banget sekarang
Body Shaming & Kondisi Fisik,kamera sih jujur iya kak beda dikit waktu beli ga burik banget sih kak taraf oke,"Kalau untuk kamera sih sejujurnya iya kak, lebih ke beda dikit sama waktu awal beli tapi ga yang jadi burik banget sih kak masih di taraf oke."
Body Shaming & Kondisi Fisik,burik banget kamera chen,Burik banget kameranya chen
Body Shaming & Kondisi Fisik,palsu iya afiliasi iya burik banget aqua,"Palsu iya, terafiliasi iya. Burik banget aqua"
Body Shaming & Kondisi Fisik,pandang bagus sayang jepret pake samsung burik banget hp,"Pemandangan bagus sayang nya jepretnya pake Samsung A33, jadi burik banget.. hp aku itu juga soalnya "
Body Shaming & Kondisi Fisik,gakkuat burik banget,GAKKUAT BURIK BANGET 
Body Shaming & Kondisi Fisik,mas dewa burik banget ih,Mas Dewa burik banget ih
Body Shaming & Kondisi Fisik,mas sadew burik banget gakuattt,Mas sadew burik banget tadi 144p gakuattt
Body Shaming & Kondisi Fisik,sadewa burik banget ava allah gakuat gw,Sadewa burik banget ava nya YA ALLAH GAKUAT GW.
Body Shaming & Kondisi Fisik,sadewa burik banget anjnwkkakaka,Sadewa burik banget anjnwkkakaka
Body Shaming & Kondisi Fisik,sadewa burik banget,SADEWA KENAPA BURIK BANGET 
Body Shaming & Kondisi Fisik,eh sumpah sumpah sinyal lu burik banget elah,"Eh sumpah sumpah 
@indosatim3
 sinyal lu burik banget elah"
Body Shaming & Kondisi Fisik,kak foto hd banget gin gimana punya burik banget aplikasi tambah,Kak mau tanya ini fotonya bisa jadi hd banget gini caranya gimana ya? Punyaku jadi burik banget  ada aplikasi tambahan?
Body Shaming & Kondisi Fisik,guna setia jnt minhp udah burik banget,"Saya pengguna setia jnt min,hp nya udah burik banget"
Body Shaming & Kondisi Fisik,gw nonton live mpl btr vs ae ga tenang banget kntlllllll sinyal tri burik banget tai udahlah load mulu jing pulak loading,"GW NONTON LIVE MPL BTR VS AE GA TENANG BANGET KNTLLLLLLL, sinyal tri burik banget tai. udahlah 360p, load mulu jing, lama pulak loading nya"
Body Shaming & Kondisi Fisik,burik banget kocak,Burik banget kocak
Body Shaming & Kondisi Fisik,internet burik banget kocaaggg,INTERNET BURIK BANGET YA KOCAAGGG
Body Shaming & Kondisi Fisik,kamera burik banget,Kameranya burik banget
Body Shaming & Kondisi Fisik,cari yg isolate bro biar ga jerawat mudah cerna cari merek puro,"Cari yg isolate bro, biar ga jerawatan dan mudah di cerna. Cari merek PURO."
Body Shaming & Kondisi Fisik,gw ngampus jerawat yaiya sih gak yg gw incer ayo ngampus loh,"gw mau ngampus malah jerawatan?? yaiya sih gak ada yg gw incer cuma, AYOLAH MASA BARU MAU NGAMPUS LOH"
Body Shaming & Kondisi Fisik,banget allah gue udah item jerawat mending sumpah,A BANGET YA ALLAH gue udah item jerawatan lagi  TAPI MENDING A SUMPAH DEMI
Body Shaming & Kondisi Fisik,jerawat yh,jerawatan kali yh
Body Shaming & Kondisi Fisik,jjr aja ges jd nolep gin semenjak jerawatanawalnya emng pgn fokus sekolah msh adaptasi full day school tp lama jerawat ngga kontrol alhasil jd malu rumah,"Jjr aja ya ges. Aku mulai jd nolep gini semenjak jerawatanawalnya emng pgn sekalian fokus sekolah dulu (msh  adaptasi full day school). Tp lama² kok jerawatnya makin ngga terkontrol, alhasil jd malu keluar rumah"
Body Shaming & Kondisi Fisik,minus bikin jerawat mmg sm cepet tua,Minus bikin jerawatan mmg sm cepet tua 
Body Shaming & Kondisi Fisik,ayo makan manis jerawat bareng,Ayo makan manis dan jerawatan bareng
Body Shaming & Kondisi Fisik,jerawat jauh ayahan,"Soalnya jadi jerawatan.
Ya menjauh lah ayah2an."
Body Shaming & Kondisi Fisik,kalo telat haid ngaruh ga sih jerawat yg,kalo telat haid ngaruh ga sih ke jerawatan yg makin lama makin banyak??
Body Shaming & Kondisi Fisik,wkwkwk manis moodboster wlaupun bkin jerawat,WKWKWK manis adalah moodboster wlaupun bkin jerawatan
Body Shaming & Kondisi Fisik,kalo jerawat gin pake makeup ngecrack terusss huffttt kalo gak pake makeup merah bgt muka kaya abis rebus,Kalo lagi jerawatan gini pake makeup ngecrack terusss huffttt kalo gak pake makeup merah bgt mukanya kaya abis di rebus 
Body Shaming & Kondisi Fisik,mel bb kg ges bego gw tuh fokus muka gimana biar muka tetep bening ngga kusam ngga jerawat gw nata dar konsul dokter facial bersihin komedo doang ges ngerawat badan,"agak kumel BB 57 kg terus ya ges bego-nya gw tuh terlalu fokus sama muka gimana caranya biar ini muka tetep bening ngga kusam ngga jerawatan, gw sering ke Nata*** buat sekedar konsul dokter dan facial buat bersihin komedo doang tapi ternyata ya ges ngerawat seluruh badan jauh-"
Body Shaming & Kondisi Fisik,salah bikin happy tuh udah ga jerawat bekas ga tumbuh jerawat,"Salah satu yang paling bikin happy tuh, udah ga jerawatan lagi, meskipun bekasnya masih ada, yang penting ga tumbuh jerawat lagi"
Body Shaming & Kondisi Fisik,ngomong gak kasar gak cabul omong sopan tmn dandan sma baju aja wajah aja sempet jerawat parah tpi tu bawaanya positif vibes bngt ngobrol gak ngomongin org tpi halus bgt kabur,"Yang ngomong gak kasar & gak cabul, omongannya sopan. Aku ada tmn, dia dandanan sma bajunya b aja .. wajahnya juga b aja, malah sempet jerawatan parah. Tpi dia tu bawaanya positif vibes bngt, ngobrol sama dia enak, dan dia gak pernah mau ngomongin org tpi halus bgt cara kaburnya."
Body Shaming & Kondisi Fisik,hmmm jerawat tanda,"Hmmm jerawatan, tandanya"
Body Shaming & Kondisi Fisik,kalo daerah pipi cenderung kering dahi alis jerawat hidung berkomedo st combi kah,"kalo semisal daerah pipi cenderung kering, sedangkan dahi terutama bagian antara alis sering jerawatan dan hidungku berkomedo, itu termasuk st combi kah?"
Body Shaming & Kondisi Fisik,gak jerawat yah bang,Gak pernah jerawatan yah bang?
Body Shaming & Kondisi Fisik,apas kesel kalo dateng jerawat,apasi kesel kalo mau dateng bulan pasti jerawatan
Body Shaming & Kondisi Fisik,jaga sehat rambut tipis rambut lo liat tua,"Jaga kesehatan rambut, makin tipis rambut lo makin keliatan tua"
Body Shaming & Kondisi Fisik,diliatliat gue emang kaya bapakbapak pantes strangers suka manggil gue either gue wibawa liat tua kaya alas deh wowkwkwkk,"diliat-liat gue emang kaya bapak-bapak, pantes strangers suka manggil gue pak either karena gue berwibawa atau keliatan tua. tapi kayanya alasan kedua deh wowkwkwkk"
Body Shaming & Kondisi Fisik,wajah ga liat tua loh,Tapi wajahnya ga keliatan tua loh
Body Shaming & Kondisi Fisik,yah liat tua,Yah keliatan tua nya
Body Shaming & Kondisi Fisik,mudik bahas nikah sodaraku bilang gk liat tua bjir kusamber tua yah singgung nih udah panggil uwak,"asal mudik selain pembahasan nikah, sodara2ku selalu bilang aku gk keliatan tua bjir langsung kusamber ""aku memang belum tua yah, tersinggung nih"" walaupun udah dipanggil uwak"
Body Shaming & Kondisi Fisik,wajar banget kaaaku aja pakai eyeliner tebal banget biat gak liat tua pakai shade sesuai sih ngaruh bangettt,"wajar banget kok kaa,aku aja dulu pertama pakai eyeliner tebal banget

biat gak keliatan tua pakai shade yang sesuai sih soalnya itu ngaruh bangettt"
Body Shaming & Kondisi Fisik,jujur jg prnah make up knp liat tua gutu yaa,jujur aku jg prnah make up knp jadi keliatan tua gutu yaa..
Body Shaming & Kondisi Fisik,wkwkwk liat tua nih,Wkwkwk waduh keliatan tua nya nih
Body Shaming & Kondisi Fisik,umur liat tua muda,umur itu jelas keliatan tua dan muda lah
Body Shaming & Kondisi Fisik,wajarr liat tua make up nderr liat tua tipe make upnya cocok coba cari preferensi tipe make up cocok bentuk wajah yaa,"wajarr, keliatan tua karena kamu baru mulai make up nderr. keliatan tua juga karena mungkin tipe make upnya kurang cocok sama kamu. coba cari preferensi tipe make up yang cocok sama bentuk wajah kamu yaa"
Body Shaming & Kondisi Fisik,kayak nyokap liat gua dah liat tua gua dblg kaya nene nene pas blonde pdhl bagus banget cok,"kayaknya ini yang tiap nyokap liat gua dah keliatan tua, gua selalu dblg kaya nene nene pas blonde pdhl bagus banget cok"
Body Shaming & Kondisi Fisik,gak wajar bikin biar abang liat tua gak tau singkat gen alpha,"Gak wajar, kamu bikin2 sendiri biar abang keliatan tua kan gak tau singkatan2 gen alpha"
Body Shaming & Kondisi Fisik,main ku waktu sma liat tua,"Mainan ku waktu SMA, jadi keliatan tua nya "
Body Shaming & Kondisi Fisik,palestine udah acak liat tua tp tau sejarah,Palestine udah d acak2 sejak 1948. Keliatan tua tp g tau sejarah
Body Shaming & Kondisi Fisik,gatau gw liat tua asfff,GATAU MUNGKIN GW KELIATAN TUA ASFFF?.??.?.?.?
Body Shaming & Kondisi Fisik,kayak by tulis ga liat tua tua banget tp bangga km kalo tua tua cocok demgan abah jonglee,Padahal sini kayak aku by tulis 1000+ ga keliatan tua. Tapi TUA BANGET. Tp bangga dong km kalo tua semakin tua semakin cocok demgan Abah Jonglee
Body Shaming & Kondisi Fisik,semenjak madrid liat gak ber kharisma liat tua,"semenjak di Madrid jadi keliatan gak ber kharisma lagi, keliatan tua"
Body Shaming & Kondisi Fisik,objektif tidak argumen kontruksi dasar kalo udah cacat informasi asbun kek argumen lu argumen objektif gabisa debat ts temu komparasi format plek sederhana lu gagal paham heran,"objektif tidaknya sebuah argumen dilihat dari kontruksi dasarnya dulu. kalo dari awal udah cacat informasi itu baru asbun kek argumen lu. argumen objektif bukan berarti gabisa didebat, dan ts menemukan komparasi bukan format plek. hal sesederhana ini pun lu gagal paham, heran "
Body Shaming & Kondisi Fisik,yaampun analogi cacat gitu kasih analogi yg beneran ngegambarin utuh bos utus karyawan karyawannya bos yg hendak utus bos karyawan liat analogi salah,"yaampun, mana ada analogi tapi cacat gitu. kasihlah analogi yg beneran bisa ngegambarin seutuhnya. 

bagaimana bisa bos mengutus karyawan tapi karyawannya, bos itu sendiri. terus yg punya kehendak mengutus ini jadinya bos apa karyawan:(

dari sini keliatan, analogimu salah"
Body Shaming & Kondisi Fisik,game of thrones yg inses tp gak cacat,di Game of Thrones banyak yg inses tp kok gak pada cacat ya
Body Shaming & Kondisi Fisik,gak bikin cacat,kenapa gak dibikin cacat dulu?
Body Shaming & Kondisi Fisik,data pdhs studi kini population council bmj tunjuk tingkat nikah sepupu pakistan tinggi dunia first cousins tingkat risiko lain genetik cacat lahir,"Ya, sebagian besar benar. Data PDHS 2017-2018 & studi terkini (seperti dari Population Council & BMJ 2024) tunjukkan tingkat pernikahan sepupu di Pakistan sekitar 60-65% (tertinggi dunia), terutama first cousins. Ini memang tingkatkan risiko kelainan genetik, cacat lahir, &"
Body Shaming & Kondisi Fisik,cacat logika,Cacat logika.
Body Shaming & Kondisi Fisik,ah ketemu model gw hancur tempurung kaki motor gw bikin cacat umur hidup biar ga tingkah,"Ah ketemu model gw hancur tempurung kaki pemotor ini, gw bikin cacat seumur hidup biar ga banyak tingkah!"
Body Shaming & Kondisi Fisik,babi bini cacat otak mcm ni,Apa babi dapat bini cacat otak mcm ni
Body Shaming & Kondisi Fisik,cacat kekal si rempit pampas puluh ribu,Cacat kekal si rempit dapat pampasan puluh ribu.
Body Shaming & Kondisi Fisik,kakeknenek sepupu anjur keluarga ga tetangga anak normal anak maaf cacat,"Satu kakek/nenek = sepupuan?
Boleh, tapi tidak dianjurkan.
Keluargaku ga ada. 
Tapi tetangga ada.
Anak pertama normal, anak kedua (mohon maaf) cacat."
Body Shaming & Kondisi Fisik,gampang bilang lupain ga ga inget mimpi waktu cacat waktu ngga jalan lg yg pikirin nemenin hidup,"dan kamu segampang itu bilang aku bisa lupain kamu? aku bisa ga sama kamu? apa kamu ga inget, bahkan di mimpiku waktu kamu cacat waktu kamu ngga bisa jalan lg, hal yg aku pikirin adalah aku mau nemenin kamu. mau hidup sama kamu"
Body Shaming & Kondisi Fisik,contoh makhluk cacat otak,Nah ini keluar contoh makhluk cacat otaknya.
Body Shaming & Kondisi Fisik,ide dar ide ratus juta hilang nanggung sakit doang iya kalo mati kalo tinggal lumpuh cacat nyusahin keluarga,"Ide hanya sekedar ide tapi ratusan juta hilang buat nanggung penyakit dia doang 

IYA Kalo langsung mati 
Kalo tinggal lumpuh cacat Nyusahin keluarga"
Body Shaming & Kondisi Fisik,kl cacat liat scr kasat yg jdi silent killer bawa carrier scr fenotip nampak normal nmn genotipnya potensi error yg sifat dorman aktif senyawa dgn gamet carrier yg,"Kl cacat kan keliatan scr kasat mata ya, yg jdi silent killer itu  pembawa atau carrier, scr fenotip nampak normal, nmn genotipnya banyak potensi error yg sifatnya dorman & baru aktif saat bersenyawa dgn gamet carrier yg lain..."
Body Shaming & Kondisi Fisik,gapapa emang laki cacat beneran,; Ya gapapa... kan emang laki satu ini cacat beneran...
Body Shaming & Kondisi Fisik,iyaa bahaya banget fenomena kayak gin turun cacat,"Iyaa bahaya banget fenomena kayak gini, keturunannya pada cacat "
Body Shaming & Kondisi Fisik,cacat lensa sih sobek tipis kotor nempel pas proses produksi mending complain toko ganti,"kemungkinan ada cacat di lensanya sih, bisa sobek tipis atau ada kotoran yang nempel pas proses produksi, mending langsung complain ke tokonya dan minta ganti."
Body Shaming & Kondisi Fisik,klausul janji fintech pinjam cacat hukum,Klausul perjanjian antara fintech dengan peminjam cacat hukum dong?
Body Shaming & Kondisi Fisik,bantal barak saksi bisu air kim hanbin,Bantal barak menjadi saksi bisu air mata kim hanbin
Body Shaming & Kondisi Fisik,yg pas yh ka musol me saksi bisu keuwuan,yg pas itu yh ka musol  me saksi bisu keuwuan 
Body Shaming & Kondisi Fisik,pimpin buruk lahir pilih bodoh rakyat indonesia yg yg rata iq bisu buta centang biru yg all out kmrn pura bego,pemimpin yang buruk terlahir dari pemilih yang bodoh... siapa... ? ya rakyat Indonesia sendiri yg 58% itu... yg rata2 iq  nya 78.4... sekarang pada bisu dan buta... centang biru yg all out 02 kmrn pura2 jadi bego sekarang..
Body Shaming & Kondisi Fisik,mun dogara ga allah ba kai ba oga ba abinda zaka bamu da abinda allah bai bamu ba kuma kai baka isa hamu abinda allah bamu ba kuma akwai dubun ka space dinnan ko bamu bika ba zamu bisu chairman,"Mun dogara ga Allah ba Kai ba oga.

Ba abinda zaka bamu  sama da abinda allah bai bamu ba.

Kuma Kai baka isa hamu abinda allah y bamu ba.

Kuma akwai dubun ka a space dinnan.

Ko bamu bika ba zamu bisu chairman."
Body Shaming & Kondisi Fisik,ambang pintu mandek napas ratap bilik ruang istirahat dunia henti putar sosok satrio diri malang ambang lawang saksi bisu murka kamila,"?
 
Saat tiba di ambang pintu, mandek sudah napasnya meratapi bilik yang tidak lagi terlihat seperti ruang istirahat. Dan yang lebih membuat dunianya berhenti berputar adalah sosok Satrio yang berdiri malang di ambang lawang, saksi bisu yang dimurkai Kamila.
 ?
 "
Body Shaming & Kondisi Fisik,boneka tali gerak tangantangan hitam kasatmata sambar vas bunga meja tulisbenda bertahuntahun saksi bisu sepi pecah,"?
 ?
Seperti boneka tali yang digerakkan oleh tangan-tangan hitam tak kasatmata, ia menyambar vas bunga di meja tulisbenda yang selama bertahun-tahun hanya menjadi saksi bisu kesepiannya.

????????????????.?.?

Pecah.
 ?
 ?"
Body Shaming & Kondisi Fisik,cari alas yg mudah cair ceplos contoh fake news istiqomah bisu video tiktok tari dgn caption rajuk,"AGAKNYA sedang mencari ALASAN yg mudah mencairkan para ceplos, contoh ""Fake News"" atau "" istiqomah BISU sambil buat video tiktok menari depan?"" dgn caption ""merajuk?"""
Body Shaming & Kondisi Fisik,ngapain kak kalo stay saksi bisu,mau ngapain kak kalo stay lebih lama? jadi saksi bisu? 
Body Shaming & Kondisi Fisik,muat deret hurufkerangka kalimat coba jembatan bisu sandang kamila tulis cakar ayam makna guna tinta kertas jiwa putus kontrak realitas,"?
 ?
Memuat deretan hurufkerangka dari kalimat yang mencoba menjembatani bisu yang ia sandang. Namun, bagi Kamila, tulisan itu hanyalah cakar ayam tak bermakna. Apa gunanya tinta di atas kertas bagi jiwa yang sudah memutus kontrak dengan realitas?
 ?
 ?"
Body Shaming & Kondisi Fisik,kucing jugaa jarang bgt ngeong smpe org rumah ngira bisu tau ngeong rumah diem aja ngeliatin mangkok kosong ngeliatin rumah makan,Mirip kucingku jugaa jarang bgt ngeong smpe org rumah ngira dia bisu. Taunya bisa ngeong. Soalnya setiap masuk rumah selalu diem aja ngeliatin mangkok kosongnya atau ngeliatin orang rumah makan
Body Shaming & Kondisi Fisik,rakyat sdh prof ambil alih sistem hukum kepolisiankejaksaandan kpk tinggal nunggu komando rakyat geram dpr yg budeqbisudan tuli kondisi skrng rakyat diamkejahatan aparat negara rajalela,"RAKYAT SDH SIAP PROF....
MENGAMBIL ALIH SISTEM HUKUM DI KEPOLISIAN,KEJAKSAAN,DAN KPK....
TINGGAL NUNGGU KOMANDO SAJA ....
RAKYAT DI BAWAH SUDAH GERAM TERHADAP DPR YG BUDEQ,BISU,DAN TULI DENGAN KONDISI SKRNG INI...
RAKYAT DIAM,KEJAHATAN APARAT NEGARA MERAJALELA.
#IKINEGOROOPO"
Body Shaming & Kondisi Fisik,nanananana bisu kak,nanananana bisu kak
Body Shaming & Kondisi Fisik,satorunya pergi suguru tinggal busuk ruang hampa nama kenang saksi bisu semesta izin milik,"Satoru-nya akan pergi, dan Suguru akan ditinggalkan lagi. Membusuk sendirian dalam ruang hampa bernama kenangan. Menjadi saksi bisu bahwa semesta tidak akan pernah mengizinkan mereka untuk saling memiliki lagi."
Body Shaming & Kondisi Fisik,bisu,Dia bisu
Body Shaming & Kondisi Fisik,pecel lele saksi bisu air turun malam,pecel lele jadi saksi bisu air mata turun tadi malam
Body Shaming & Kondisi Fisik,budek belah assooyy,Budek sebelah assooyy
Body Shaming & Kondisi Fisik,ga sih wk speak up gue ga keras member sia gara agens budek oon,"bisa ga sih wk1 speak up, gue ga mau kerja keras member jadi sia2 gara2 agensinya budek dan oon"
Body Shaming & Kondisi Fisik,agustus kemarin sakit gitu pelipiskiri lepuh bengkak telinga aga budek udah sembuh bekas gimana ngilanginnya keren kaya zuko,Bulan Agustus kemarin sakit gitu juga  pelipiskiri melepuh mata bengkak telinga juga aga budek sekarang udah sembuh tapi masih ada bekasnya. gimana cara ngilanginnya?? Tapi keren juga kaya zuko
Body Shaming & Kondisi Fisik,kritik keras kencang ini gak dengar emang kelyan pemerintot tuli budek,Kritikan  sekeras dan sekencang inipun gak di dengar emang kelyan semua pemerintot tuli budek
Body Shaming & Kondisi Fisik,emang masjid toa toa keras gitu umat budek,Emang masjid  toa toa keras gitu apa umatnya budek semua ya 
Body Shaming & Kondisi Fisik,toa toa masjid lu aja brisik kayak budek aja umat lu bego udah sholat aja pake toa peler,Toa toa masjid lu aja brisik kayak budek aja umat lu bego udah sholat 1000 kali masih aja pake toa peler
Body Shaming & Kondisi Fisik,wowo serang budek permanen,Wowo kena serangan budek permanen
Body Shaming & Kondisi Fisik,gajah aja nggak kuping kuasa rezim budek anti kritik sak karepe,"Gajahnya aja nggak punya kuping, kalau berkuasa pasti rezimnya budek anti kritik n sak karepe !"
Body Shaming & Kondisi Fisik,gak goreng nasi pamali tar kuping budek,"Gak boleh sering2 goreng nasi, pamali tar kupingnya budek"
Body Shaming & Kondisi Fisik,mempan kau sindirjonb lu maki aja budek awokawokawok,G mempan kau sindir...jonb Lu maki aja dia budek awokawokawok
Body Shaming & Kondisi Fisik,gue flu pilek budek anying,gue setiap flu terutama pilek selalu budek anying
Body Shaming & Kondisi Fisik,pimpin budek,Kita sekarang punya pemimpin budek
Body Shaming & Kondisi Fisik,colek aja gw budek,"Colek aja, gw agak budek soalnya. "
Body Shaming & Kondisi Fisik,kak bener bgt kalo temenku knp ngajiberdoa keras bgt suara allah gak budek nenek,"KAK BENER BGT  kalo kata temenku, knp ngaji/berdoa harus keras bgt suaranya, Allah gak budek.  kata nenekku "
Body Shaming & Kondisi Fisik,ga masup jin budek lu mah,"Ga masup, jin nya budek lu mah"
Body Shaming & Kondisi Fisik,budek banget ga tolong pls tutor biar ga budek kak,"BUDEK BANGET GA KETOLONG PLS, tutor biar ga budek kak "
Body Shaming & Kondisi Fisik,benci budek gk denger prestasi perintah,Para pembenci budek gk mau denger prestasi pemerintah 
Body Shaming & Kondisi Fisik,hey termul kappir kurap goblok lu zionis pesek ngga ngeles deh jink elu ngga ngerti geopolitical iran,"Hey termul kappir kurap goblok, lu zionis pesek ngga usah ngeles deh jink, elu kan ngga ngerti geopolitical Iran"
Body Shaming & Kondisi Fisik,hihihi si kurap istri gak nyambut tamu adegan wan kurap aja yah,Hihihi si kurap istrinya gak ikut nyambut tamu atau ini adegan khusus wan kurap aja yah....???
Body Shaming & Kondisi Fisik,furab furap kurap kwkwkwk ngakak bet woi,"Furab furap kurap kwkwkwk ngakak bet woi 
@yourbae"
Body Shaming & Kondisi Fisik,kurap wkwkw,Nah kan betul harusnya kurap wkwkw
Body Shaming & Kondisi Fisik,furab kurap,"Furab
Kurap"
Body Shaming & Kondisi Fisik,pasu kurap ni berani senjata gilir serang iran kayak ayam sayur dasar pasu kurap,"Pasukan  kurap ni hanya berani dengan yang tak bersenjata, giliran diserang Iran kayak ayam sayur, dasar pasukan  kurap"
Body Shaming & Kondisi Fisik,hajui kurap kama ni lazima arap basi awaruhusu machalii kama mex songa na wengineo anaofanya nao wamuandikie hata sugu ni yaleyale michano level ndogo,"Hajui KURAP.
Kama ni Lazima arap basi awaruhusu machalii kama Mex, Songa, na wengineo anaofanya nao, wamuandikie. Hata Sugu ni yaleyale. Michano level ndogo."
Body Shaming & Kondisi Fisik,aowkwowk mang kurap bah,Aowkwowk mang mirip kurap bah
Body Shaming & Kondisi Fisik,fufufafa anak kurap,fufufafa anak kurap
Body Shaming & Kondisi Fisik,malem kurap,agak malem jadi kurap
Body Shaming & Kondisi Fisik,unazungumzia uwezo wa kufanya nini kama ni uwezo na technical skills za kurap hakuna mkongwe yeyote anayemfikia prof jay ni goat wa rap yenye substance message centered rap lakini hana uwezo wa kurap ako nao nikki mbishi wala mex rap imeevolve,"Unazungumzia uwezo wa kufanya nini?
Kama ni uwezo na technical skills za kurap, hakuna mkongwe yeyote anayemfikia.
Prof Jay ni GOAT wa rap yenye substance. Message centered rap, lakini hana uwezo wa kurap ako nao Nikki Mbishi wala Mex.
Rap ime-evolve."
Body Shaming & Kondisi Fisik,ka pagi anak ngomong akubu tau furab ga bersih bersih tau wiihh keren jawab iya gatau kurap temennya panubikin gatal gatal kulit anak ngakak jadi furab ibuuu kurap,"ka pagi2 anakku ngomong sama aku,bu ibu tau furab ga ? aku sambil bersih bersih jawab ""TAULAH"", dia kata lagi wiihh keren juga ibu, kujawab lagi iyalah siapa yang gatau KURAP, temennya PANU,bikin gatal gatal kulit, langsung anakku ngakak sejadi jadinya Furab ibuuu bukan kurap"
Body Shaming & Kondisi Fisik,indonesia bodoh iq super jongkok bukti si kurap sukses rusak mental pelihara ekonomi indonesia hancur jurang uang receh moral gadai tahan hidup sedih,"Indonesia bodoh dengan IQ Super jongkok, bukti si kurap sukses merusak mental dan memelihara ekonomi indonesia hancur sampai jurang paling dalam sehingga demi sedikit uang RECEH , moral di gadaikan asal bisa bertahan hidup.. sedih..."
Body Shaming & Kondisi Fisik,tl furab kurap ni bajengan anjir ngakak,tl furab kurap ni bajengan juga anjir ngakak 
Body Shaming & Kondisi Fisik,pilih ekonomi stabil jaman beyebensin premium adapas jaman raja kurap premium hilang ekonomi stabilgelembang phk banyakdan parah ama jaman bowo ga arah politik,"Pada 4 pilihan tersebut terasa ekonomi stabil jaman nya pak beye,bensin premium masih ada,pas jaman raja kurap premium di hilangkan, ekonomi tidak stabil,gelembang phk banyak,dan di perparah lagi ama jaman bowo yang ga jelas arah politik nya"
Degradasi Moral & Pelecehan Seksual,lo jablay,Bapak lo yang jablay
Degradasi Moral & Pelecehan Seksual,buset gue jablay,buset dikira gue jablay
Degradasi Moral & Pelecehan Seksual,born to be jablay kayak,Born to be jablay kayaknya
Degradasi Moral & Pelecehan Seksual,apasih jablay murah,Apasih jablay murahan ini
Degradasi Moral & Pelecehan Seksual,banding buruk keburu ga lu jablay,membandingkan yang buruk dengan keburukan lainnya ga membuat lu lebih baik jablay
Degradasi Moral & Pelecehan Seksual,city aja tolak rice milih join arsenal juara city kaya lepas perawan jablay wkwk,"city aja ditolak sama rice, dia lebih milih join arsenal juara di city kaya lepas perawan sama jablay wkwk"
Degradasi Moral & Pelecehan Seksual,,#NAME?
Degradasi Moral & Pelecehan Seksual,nolak patriark berharep dibayarin monyet aja ga goblok mikirnya ngandelin muka doang mah jablay cantik lo bener gada yg jual daging,"Nolak patriarki tapi masih berharep dibayarin, monyet aja ga segoblok ini mikirnya 

Lagian ngandelin muka doang mah jablay juga jauh lebih cantik dari lo pada, bener2 gada yg bisa dijual selain daging "
Degradasi Moral & Pelecehan Seksual,kalo sunda bahasa jablay jalu na,Kalo di Sunda Ada bahasanya : jablay jalu na
Degradasi Moral & Pelecehan Seksual,indonesia baju buka aja bilang jablay anyinggg heran gw mah pipikirannya ngikutin style negeri diroasting kaya indonesia style cocok style gembellll,"lagian juga di Indonesia baju terbuka sedikit aja dibilang jablay anyinggg heran gw mah sama pipikirannya , ngikutin style luar negeri malah diroasting, kayanya di Indonesia style yang cocok style jadi gembellll"
Degradasi Moral & Pelecehan Seksual,oakwoakwoakwoakwokaowkaow ril jablay,Oakwoakwoakwoakwokaowkaow ril jablay
Degradasi Moral & Pelecehan Seksual,cewek nakal jablay mode on body goals outfit minim suka clubbing cerita mantan gampang goda bales chat mesum balas mesum,"7. Cewek Nakal / Jablay Mode On

Body goals, outfit minim, suka clubbing, cerita mantan banyak. Gampang digoda, bales chat mesum langsung balas lebih mesum."
Degradasi Moral & Pelecehan Seksual,mending lu yg dapet cewe murah emak lu,Mending bapak lu yg dapet cewe murahan yaitu emak lu
Degradasi Moral & Pelecehan Seksual,jelekvibes kayak jersey murah,Jelek..vibes nya kayak jersey murahan
Degradasi Moral & Pelecehan Seksual,cowok cewek zina mrk kaum dg otak cabul batas selangkang murah hina dina,"Mau cowok mau cewek, jika mereka pezina ya artinya mrk cuma kaum dg otak cabul, sebatas selangkangan, murahan dan hina dina."
Degradasi Moral & Pelecehan Seksual,sunscreen murah nggak murah asfa cover you rp dapet ml full isi banget cocok kantong ajar tekstur waterbased super ringan nyerep gak lengket outdoor panas hari dingin nyaman,"Sunscreen murah tapi nggak murahan! Asfa Cover You cuma Rp25.500 dapet 60 ML full, isi banyak banget & cocok buat kantong pelajar   
Teksturnya water-based super ringan, langsung nyerep, gak lengket sama sekali meski outdoor panas seharian. Rasanya dingin & nyaman!"
Degradasi Moral & Pelecehan Seksual,asa tuh ngebahas laku kaum zina inti mah zina kaum tolol otak cabul murah hina dina,"Perasaan ini tuh sebetulnya awalnya lebih ke ngebahas kelakuan kaum pezina. Intinya mah pezina itu adalah kaum tolol, berotak cabul, murahan dan hina dina."
Degradasi Moral & Pelecehan Seksual,anjing hasbara bikin iklan murah iran ga konohachina rusia korut kirim,Anjing hasbara bikin iklan murahan ...Iran ga perlu minta ke Konoha...China Rusia Korut sudah kirim lebih lebih
Degradasi Moral & Pelecehan Seksual,hehe counter narasi murah kritik wapres libur salah wapres manusia libur konteks moral salah bener level salah bener level preman lo ga sadar lo ngerendahin wapres jd level preman,"Hehe, counter narasi murahan: kalau kritik wapres liburan itu salah, ya karena wapres manusia harus liburan.
PADAHAL konteksnya MORAL. Bukan salah atau bener. Kalau level salah atau bener itu levelnya preman. Lo ga sadar, lo sendiri ngerendahin wapres jd selevel preman."
Degradasi Moral & Pelecehan Seksual,sedia jahil post nak raih like engagement murah,Memang sedia ada jahil. Post hanya sekadar nak raih like dan engagement murahan
Degradasi Moral & Pelecehan Seksual,ngukur si cowo ga murah,Terus bagaimana caranya ngukur kalau si cowo ga murahan juga?
Degradasi Moral & Pelecehan Seksual,fitnah murah termul zionis pesek pandai susun kata,"Walaupun fitnahnya murahan, tapi termul zionis pesek ternyata pandai juga susun kata²"
Degradasi Moral & Pelecehan Seksual,betull bayangin sbagai cewek ngejaga bgt perawan tpi cowok murah bgt cap celup sanasini ga jaga perjaka iyuhh,Betull!!! Bayangin kita sbagai cewek ngejaga bgt keperawanan kita. Tpi cowok malah murahan bgt celap celup sana-sini ga jaga keperjakaan mereka iyuhh
Degradasi Moral & Pelecehan Seksual,propaganda murah hilang skal sehat,Ini cuma propaganda murahan yang sudah kehilangan skal sehat
Degradasi Moral & Pelecehan Seksual,kemaren nyoba burgerax kemiri surprisingly bangettt sosis pake sosis murah tekstur daging lho pattynya bangettt porsi kentang ga sesuai foto ak beli shopifut,"kemaren nyoba burgerax yang di kemiri. surprisingly enak bangettt  sosisnya bukan pake sosis yang murahan itu, masih ada tekstur dagingnya lho. pattynya juga enak bangettt. cuma porsi kentangnya ga sesuai sama yang di foto (ak beli di shopifut)"
Degradasi Moral & Pelecehan Seksual,bro cowo mah kadang perjaka murah gampang bgt manipulasi ditawarin gausah bayar harga laki tuh murah kl cewe mending malu cinta bayar cowo tu banyak ngga gratis aj gada yg,"Bro, cowo mah kadang masih perjaka juga murahan, gampang bgt dimanipulasi dengan 'ditawarin', gausah dibayar pun mau karena harga diri laki2 tuh semurah itu  kl cewe masih mending ada malu baru mau kalau cinta atau dibayar, kalau cowo tu banyakan ngga. Gratis aj gada yg mau"
Degradasi Moral & Pelecehan Seksual,yg jaga gak murah,Yg jelas bisa jaga diri gak murahan
Degradasi Moral & Pelecehan Seksual,jokesnya murah pdhl gaada lucu nya sm org problematik tenar gara mati aja dihype gin gak ngerti deh sm selera org indo nih,"jokesnya murahan, pdhl gaada lucu²nya sm sekali, org problematik dan tenar gara² kematian aja dihype segininya, gak ngerti lagi deh sm selera² org indo nih"
Degradasi Moral & Pelecehan Seksual,propaganda murah,Propaganda murahan
Degradasi Moral & Pelecehan Seksual,gin ga temen ken nonton gatau lumayan lgi nunggu senin aja yg murah lumayan buy get,"Gini amat ga punya temen
Pengen nonton tapi, gatau sama siapa. Mana lumayan jauh lgi.. nunggu senin aja lah yg murahan  , padahal lumayan buy 1 get 1 hari ini"
Degradasi Moral & Pelecehan Seksual,sebenernya aja makan steak bioskop ngemall kak tp uang bapak dikorop jd cuman makan ramen murah,"sebenernya dia bisa aja makan steak, ke bioskop, sama ngemall tiap hari kak tp karena uang bapaknya dikorop jd dia cuman bisa makan ramen murahan"
Degradasi Moral & Pelecehan Seksual,yah gua udah betapa dungu betina kayak lu pakai buka lonte aja lu normalisasi hadeh soksokan ngomong altitude,"Yah dari sini gua udah bisa lihat betapa dungunya betina kayak lu, jangankan pakaian terbuka, lonte aja lu normalisasi, hadeh, sok-sokan ngomong altitude pula"
Degradasi Moral & Pelecehan Seksual,nggk bawabawa etnis tolol gk hubung noh liat daerah aceh yg pake syariat islam daerah miskin yg amburadul lontelonte syariah jilbab sana tolol biar jalar otak,"Nggk usah bawa-bawa etnis tolol, gk ada hubungannya, noh liat daerah Aceh sendiri yg pake syariat Islam juga jadi daerah miskin yg amburadul 

Lonte-lonte syariah berjilbab juga banyak disana.. tolol kok dibiarkan menjalar ke otak "
Degradasi Moral & Pelecehan Seksual,anak lonte emak lu lu anak haram alias anak hasil zinah wkwkw mending lonte duit lu hasil gangbang gratis,Anak lonte? Nah emak lu apa? Lu kan anak haram alias anak dari hasil zinah. Wkwkw. Mending lonte tapi ada duitnya. Nah lu hasil gangbang gratis. 
Degradasi Moral & Pelecehan Seksual,wajar kalo lonte,wajar kalo lonte
Degradasi Moral & Pelecehan Seksual,cari ukhtiperempuan perempuanustadzah sange dikasarin laku yg chat seks dm,cari ukhti/perempuan perempuan/ustadzah sange yang mau dikasarin diperlakukan seenaknya. yg mau chat seks bisa dm #chatseks #chatsekskasar #chatseksbrutal #cssadis #lonte
Degradasi Moral & Pelecehan Seksual,lonte,Kita semua adalah lonte
Degradasi Moral & Pelecehan Seksual,lonte rahim didih,Lonte rahim mendidih
Degradasi Moral & Pelecehan Seksual,muka yg ngetawain kayak lonte,muka yg ngetawain kayak lonte
Degradasi Moral & Pelecehan Seksual,lonte,ucap seorang lonte
Degradasi Moral & Pelecehan Seksual,wajar lonte,wajar kok untuk seorang lonte
Degradasi Moral & Pelecehan Seksual,dek lonte dek open dek animal sex urus aing weh teu resep kitu,"Dek lonte dek open dek animal sex urusan aing weh nya, teu resep jauh2 kitu nya"
Degradasi Moral & Pelecehan Seksual,mamak lu lonte icip,"Kan mamak lu lonte, jadi bisa icip tiap hari."
Degradasi Moral & Pelecehan Seksual,okedeh kalo cowo prinsip iman takwa dunia gak prostitusi dua prinsip perempuan aja pacar cowo beli lonte kalo,"Okedeh, kalo cowo juga punya prinsip dan iman dan takwa, di dunia ini mungkin gak ada prostitusi. Jadi dua duanya harus punya prinsip, bukan cuma perempuan aja, karena selain pacar cowo masih bisa beli lonte kalo dia mau "
Degradasi Moral & Pelecehan Seksual,kontol udh memek lonte,Kontol udh kena memek lonte banyak mau 
Degradasi Moral & Pelecehan Seksual,buset rendah selera lu lonte gitu bilang cantik wkwkwk,buset rendah amat selera lu lonte gitu dibilang cantik wkwkwk
Degradasi Moral & Pelecehan Seksual,jgn ngetik lg main banci,"Jgn2 ngetik nya lg sambil ""main"" sama banci "
Degradasi Moral & Pelecehan Seksual,woi banci lu ngatain perempuan pake bahasa hewan emang lu ngak didik emak moyang lu dasar wahaboy,"Woi banci lu... Ngatain perempuan  pake bahasa hewan, emang lu ngak dididik sama emak moyang lu... Dasar wahaboy"
Degradasi Moral & Pelecehan Seksual,rokok dikatain banci ngomong sampean mangkal banci banci rokok,"Saya dulu juga karena tidak merokok dikatain banci, terus saya ngomong, sampean kalau ke tempat mangkal orang banci bancinya merokok semua"
Degradasi Moral & Pelecehan Seksual,dasar banci mental tempe,Dasar banci mental tempe
Degradasi Moral & Pelecehan Seksual,banci diem lu,banci diem lu.
Degradasi Moral & Pelecehan Seksual,hahahahaaaajagoanmu bangsa pengecuttt banci,Hahahahaaaa....jagoanmu bangsa pengecuttt banci ya?
Degradasi Moral & Pelecehan Seksual,yg bawa mobil banci,ini yg bawa mobil banci ya?
Degradasi Moral & Pelecehan Seksual,ditinggalin batak ukur luhut banci tampil batak nampak maju komposisi elit menteri rezim mang batak daerah ipm sumbar ipm sumut sumut miskin sumbar data bps,"Jauh ditinggalin Batak ini ukurannya apa? Hanya karena Luhut banci tampil hingga seolah Batak nampak maju? Kalau lihat komposisi elit dan menteri di rezim ini, Minang > Batak. Kalau lihat daerah asal keduanya. IPM Sumbar > IPM Sumut. Sumut lebih miskin dari Sumbar. Data BPS."
Degradasi Moral & Pelecehan Seksual,banci banget deketin pake kisah sedih kemarin,Banci banget deketin orang pake kisah sedih kemarin
Degradasi Moral & Pelecehan Seksual,hahahaha nyamar banci ngk papa,Hahahaha nyamar jadi banci juga ngk papa
Degradasi Moral & Pelecehan Seksual,fizer kopling banci,"Fizer, kopling banci"
Degradasi Moral & Pelecehan Seksual,transpuan transgender perempuan bahasa sini wariabencongbanci laki gender puan cispuan manusia memek cislaki manusia kontol transpuan perempuan logika transpuan cislaki,"transpuan itu transgender perempuan, bahasa sininya waria/bencong/banci (laki2 bergender puan)

cispuan itu manusia bermemek, cislaki itu manusia berkontol. Tapi transpuan itu perempuan. Logika mereka: transpuan = cislaki"
Degradasi Moral & Pelecehan Seksual,banci kaleng anak ilb,Para banci kaleng anak ilb15
Degradasi Moral & Pelecehan Seksual,jujur emang janggal kalo kruk oci sih sehatsehat maung bangga korea raya kalo sakit tolong istirahat gausah banci tampil dimanamana gitu,"Jujur emang janggal kalo itu kruk nya oci sih, sehat-sehat maung kebanggaan korea raya ya. Kalo sakit tolong istirahat gausah banci tampil dimana-mana gitu "
Degradasi Moral & Pelecehan Seksual,lakilaki banci berani wanita,"Laki-laki Banci, hanya berani sama wanita "
Degradasi Moral & Pelecehan Seksual,iya julkan dr si bacot bot yuzhng kn cie emng antek kakek yzhng krn yg ngasih tuh juluk si kakek banci krn lus gak nerima ajak trus pake deh hattersnya lusiklo benci mah nyebut nma gak kn sudikyk bnci artis tp nulis nmnya ja ogah,"Iya julkan dr si bacot n boti yuzhng kn cie emng antek"" kakek yzhng... krn yg ngasih tuh julukan si kakek banci krn lusi gak nerima ajaknya ..trus di pake deh sama hattersnya lusi..klo benci mah nyebut nma saja gak kn sudi..kyk aku bnci artis tp nulis nmnya ja ogah"
Degradasi Moral & Pelecehan Seksual,bot syiah ngga terima fakta banyak bebal susah sembah kubur kombinasi cocok kaum banci makan taik imam mutah jamaah,"Nah boti2 syiah siap ngga menerima fakta ini??? 
Kebanyakan bebal. Susah, penyembah kubur memang kombinasi yang cocok dengan kaum banci pemakan taik 12 imam. Bisa mut'ah berjama'ah"
Degradasi Moral & Pelecehan Seksual,hahahahhaha cegil gilaa hahahahhahah,HAHAHAHHAHA JADI CEGIL JADI ORANG GILAA HAHAHAHHAHAH
Degradasi Moral & Pelecehan Seksual,rem bgt cegil,serem bgt cegil
Degradasi Moral & Pelecehan Seksual,gejala gejala cegil mas ken,Begini lah gejala gejala cegil mas ken
Degradasi Moral & Pelecehan Seksual,playlist cegil era wkwk kangen nyetel lagu backstreet boy shape of my heart bareng,"ini playlist cegil era masih ada wkwk, kangen nyetel lagu Backstreet Boy - Shape of My Heart bareng dia"
Degradasi Moral & Pelecehan Seksual,kangen masamasa jatuh cinta manis banget eneg liat gua cegil,kangen masa-masa jatuh cinta. manis banget. tapi eneg liat diri gua dulu yang pernah jadi cegil
Degradasi Moral & Pelecehan Seksual,emng ga cegil gue suka geli,"Emng ga bisa jadi cegil gue, suka geli sama diri sendiri soalnya"
Degradasi Moral & Pelecehan Seksual,asooyy cegil bwole gx ak kejoin cegil brsama dgn teteh enih,"Asooyy ada cegil,, bwole gx ak kejoin cegil brsama dgn teteh enih??"
Degradasi Moral & Pelecehan Seksual,aja bilang cegil,Kamu aja kali yang bilang aku cegil
Degradasi Moral & Pelecehan Seksual,kannn klo ade kelas or angkat yg kek gin dangg will see the true definition of cegil from me,"Kannn.. klo ada ade kelas or seangkatan yg kek gini.. dangg, u will see the true definition of 'cegil' from me"
Degradasi Moral & Pelecehan Seksual,anjir cegil wkwkwk,Anjir cegil wkwkwk
Degradasi Moral & Pelecehan Seksual,emang cegil kah,Emang aku se cegil itu kah?
Degradasi Moral & Pelecehan Seksual,ayah kenzo ketarketir anak cegil luna tolong suami cium biar gak ngamuk,"Ayah Kenzo ketar-ketir anaknya jadi cegil 
Ibu Luna tolong suamimu dicium biar gak ngamuk "
Degradasi Moral & Pelecehan Seksual,gpp jd cegil klo ama ksm,gpp jd cegil klo ama ksm
Degradasi Moral & Pelecehan Seksual,cowoo banyakkk piii tinggal pilihh,cowoo masih banyakkk piii tinggal pilihh
Degradasi Moral & Pelecehan Seksual,gajelas udh gw cari cowo,2bulan gajelas udh gw cari cowo lain
Degradasi Moral & Pelecehan Seksual,dn kau cegil nicsap tu pm repost,dengan dn kau cegil nicsap tu pm repost
Degradasi Moral & Pelecehan Seksual,cegil asbun,Jadi cegil asbun
Degradasi Moral & Pelecehan Seksual,tau bude bela cegil emang yah hobi banget tuduh army,"bertanya kan karena tidak tau bude, bukan berarti bela cegil. emang yah hobi banget langsung asal menuduh army ini"
Degradasi Moral & Pelecehan Seksual,oomf cewek gatel pindah ftl,kata oomf ada cewek gatel yang bulan depan pindah ftl.
Degradasi Moral & Pelecehan Seksual,ni cewek gatel dideketin aja sampe mikir lu si selingkuh cewek tolol abisss gua tau banget istri kerja mapan ex gua sales anak nikah aja tahun anjir,"padahal ni cewek gatel pernah dideketin sama siapa aja mau.
makanya sampe mikir, kok lu bisa si selingkuh sama cewek begini, tolol abisss
padahal gua tau banget istrinya ini kerjaan mapan, sedangkan ex gua hanya sales. mana anaknya masih kecil, nikahnya aja baru 2tahun kali anjir"
Degradasi Moral & Pelecehan Seksual,si cewek gatel cerita temen gua yg udah cium peluk tidur ex gua anjir kalo sampe beneran gua gak terima banget kasi istri karna ex gua ibadah rajin taat banget,"si cewek gatel ini cerita ke temen gua yg lain. katanya udah pernah ciuman, pelukan sambil tiduran sama ex gua ini.
anjir kalo sampe beneran, gua gak terima banget. kasian istrinya.
karna ex gua ini dari dulu ibadahnya rajin, taat banget."
Degradasi Moral & Pelecehan Seksual,jujur dah benci banget tuh cewek gatel,Jujur dari awal dah benci banget sama tuh cewek gatel
Degradasi Moral & Pelecehan Seksual,najis bgt cewek gatel gatau malu,NAJIS BGT CEWEK GATEL GATAU MALU
Degradasi Moral & Pelecehan Seksual,emang udah caper btw banget garukin pond cewek gatel banget asa gue liat anj sakit gatel akut,EMANG UDAH CAPER DARI DULU BTW MINTA BANGET DI GARUKIN POND INI CEWEK GATEL BANGET PERASAAN GUE LIAT2 ANJ PUNYA PENYAKIT GATEL AKUT
Degradasi Moral & Pelecehan Seksual,teman setan pacar temennya cewek gatel sengaja baperin temennya suka temen ngikutin gaya canda ngomong dll cut off temen kek lonte cowok suka tau cut off,"Teman yang baik akan jadi setan bagi pacar temennya, bukan cewek gatel yang sengaja baperin orang yang temennya suka.

Aku ada temen tiap hari ngikutin gaya aku bercanda, ngomong dll aku cut off.

Aku ada temen kek lonte di depan cowok yang aku suka ""dia tau"" aku cut off dia"
Degradasi Moral & Pelecehan Seksual,curiga gak si bisa nya gitu si cewek gatel gitu marah aja lin sampe karina pecat aduh red day nih si alin,"Harusnya curiga gak si? Kok bisa²nya gitu si cewek gatel gitu?
Marah aja Lin, sampe Karina itu dipecat
Aduh, red day nih si Alin "
Degradasi Moral & Pelecehan Seksual,klo kasih mah tinggalin aja mas barang yg sdh kasih cewek gatel pesan ber mas kik dilaporin polisi aniaya,"Klo baru kekasih mah tinggalin aja mas barang2 yg sdh dikasih ke cewek gatel diminta kembali, pesan jangan pukul mereka ber2 nanti mas malah di kik balik dilaporin Polisi penganiayaan"
Degradasi Moral & Pelecehan Seksual,thank you for saying sorry kak moga saran didenger acu ubah gak asa non valid marahin aja anjing tuh cowok cewek biarin aje dah cewek gatel karma,"Thank you for saying sorry, Kak. Semoga semua saran didenger untuk jadi acuan perubahan. Tapi gak berarti perasaan u non valid ya, marahin aja anjing tuh cowok. Kalau ceweknya biarin aje dah cewek gatel ada karmanya sendiri."
Degradasi Moral & Pelecehan Seksual,dih cewek gatel,DIH CEWEK GATEL
Degradasi Moral & Pelecehan Seksual,not iniii salah situ asa valid sih allah hari kesel banget si rehan si nala kepala gede dua bela tukang selingkuh jodoh cewek gatel biarin aja msh emosi,Aku juga notis iniii. Dia salahnya memang disitu. Tapi menurut aku perasaan dia valid sih. Ya Allah seharian kesel banget sama si rehan sama si nala. Kepala gede berdua karena banyak yang bela. Tapi biasanya tukang selingkuh jodohnya sama cewek gatel. Biarin aja (msh emosi)
Degradasi Moral & Pelecehan Seksual,liat ngomong wkwkwkwk ampun cewek gatel hate mbak luapin emosi elu gak salah gak support wanita mending lu diem laki aja emang gatel cocok,"BARU LIAT MALAH DIA NGOMONG JUGA WKWKWKWK ya ampun cewek gatel, jangan merasa banyak yang hate cara mbak bulan luapin emosi terus elu gak salah ya. Gak support sesama wanita mendingan lu diem. Laki begitu aja juga. Tapi emang yang gatel cocoknya sama yang begitu."
Degradasi Moral & Pelecehan Seksual,trend pacar twitter pose akrab status temen sahur buka bareng status temen kocak sih emang tukang selingkuh ketemu cewek gatel kata netizen percaya,"Jadinya ikut trend pacar di twitter dengan pose sangat akrab (walaupun statusnya temen) yang dari sahur sampai buka itu barengan tapi statusnya temen? Kocak, ini sih emang tukang selingkuh ketemu cewek gatel. Dikata netizen percaya."
Degradasi Moral & Pelecehan Seksual,malam penggal scene yg naudzubillah cewek gatel nama lili gatel bet ama tri emang sengaja nyulut amarah warga gmn,"Malam ini ada sepenggal scene yg na'udzubillah, ada cewek gatel namanya lili dia gatel bet ama Trian. Ini emang sengaja nyulut amarah warga, apa gmn?"
Degradasi Moral & Pelecehan Seksual,durasi udah ga eh scene dimasukin cewek gatel papip,durasi udah ga banyak eh scene yang dimasukin cewek gatel ke papip????
Degradasi Moral & Pelecehan Seksual,bener liat tegas bounderies sm cewek gatel bimo muak liat tu cewek trust issue sm main,"Bener aku malah liat tadi  ketegasan bounderies dia sm cewek gatel sampai bimo juga muak liat tu cewek, tapi masih trust issue sm pemain baru itu"
Degradasi Moral & Pelecehan Seksual,gw cewek gatel bidur,gw lah cewek gatel (biduran).
Degradasi Moral & Pelecehan Seksual,akun udah lesbi bucin banget aja cowok cewek gatel ngirimin pap kelamin bego dont like men im not man and love my wife fuck off,"Ini akun udah lesbi bucin banget tapi masih ada aja cowok dan cewek gatel ngirimin pap kelamin BEGO, I DON'T LIKE MEN, I'M NOT A MAN, AND I LOVE MY WIFE FUCK OFF"
Degradasi Moral & Pelecehan Seksual,harry potter melarat tinggal om tante tautau simpenan bank sihir gringotts jawab waris tua,Harry Potter juga melarat selama tinggal sama om tantenya. Tau-tau simpenan di bank sihir Gringotts banyak  jawabannya ya warisan dari orang tua 
Degradasi Moral & Pelecehan Seksual,uang thr uang waktu rumah aj pas kos jd simpenan aja nak ajar tuntut ilmu dl,"uang thr cukup jadi uang waktu di rumah aj.. pas di kos jd simpenan aja ya kamu nak, ibu belajar menuntut ilmu dl"
Degradasi Moral & Pelecehan Seksual,nama negara nama cuck geopolitik kelas kakap simpenan rela bayar biar kasih perhati otak lo bener gak bedain sih mutermuter jabat jokowi geopolitik hak asasi sahabat,"Itu namanya bukan bernegara.
Itu namanya cuck geopolitik kelas kakap.
Simpenan sepihak yang rela bayar sendiri biar dikasih perhatian sedikit.  Otak lo mana yang bener² gak bisa bedain sih?
Yang dari tadi muter-muter ke pejabat Jokowi, geopolitik, hak asasi sahabat,"
Degradasi Moral & Pelecehan Seksual,fact sih ptku simpenan,Fact sih. Soalnya PTku dulu jadi simpenan ??
Degradasi Moral & Pelecehan Seksual,simpenan omom worth it,Mungkin karena jadi simpenan om-om lebih worth it.. 
Degradasi Moral & Pelecehan Seksual,yakali lu gaada simpenan gw ganti minjem pinjam gw malas minjemin orang keluarga temen deket dll eh bbrp minjem duit gw gw kasih kagak gw kasih aja,"Yakali lu kerja gaada simpenan? Gw kira bisa kali buat gantian minjem meminjam, ternyata enggak. Sejak saat itu gw malas minjemin siapapun orangnya. Entah keluarga, temen Deket, dll. 
Eh bbrp bulan ke depan dia minjem duit ke gw? Ya kali gw kasih? Kagak lah.. gw kasih aja 100k"
Degradasi Moral & Pelecehan Seksual,mayoritas oten banyak simpenan ani oten mah istri sah,"Mayoritas? Oten kan kebanyakan punya simpenan ani², oten mah mana mau punya istri sah 4"
Degradasi Moral & Pelecehan Seksual,coba simpenan,Coba punya simpenan
Degradasi Moral & Pelecehan Seksual,ken simpenan tante ngga,Aku pengen jadi simpenan tante² tapi pada ngga mau sama aku
Degradasi Moral & Pelecehan Seksual,rill kaya tmn sma ku wkwkw simpenan tante,Rill kaya tmn sma ku wkwkw jadi simpenan tante
Degradasi Moral & Pelecehan Seksual,yaudah gapapa lanjur mah data simpenan pinjol jual negara we never know how this country works with that fucking wowo konstitusi tinggi ikhlas aja kalo kelock tunggu formnya direspon,yaudah gapapa yang terlanjur paling mah jadi data simpenan pinjol atau dijual negara we never know how this country works WITH THAT FUCKING WOWO di konstitusi tertinggi :] ikhlas aja dulu kalo ke-lock dan ditunggu formnya direspon :]
Degradasi Moral & Pelecehan Seksual,nang bombay iran doain israel hancur udah kapok simpenan sebar video palsu sh lo hias doang,"Masih mau lanjut nangis bombay buat Iran sambil doain Israel hancur?
Atau udah kapok jadi simpenan sepihak + penyebar video palsu? 
SH lo buat apa ya? Hiasan doang?"
Degradasi Moral & Pelecehan Seksual,wahh ngaku iran hak milih sahabat lo temen tangis donasi hak simpenan doang nang bombay kirim duit bilang hak ngemis perhati,"Wahh akhirnya ngaku juga ya 
Iran punya hak milih sahabat
Terus lo sama temen² menangisi + donasi itu haknya cuma buat jadi simpenan sepihak doang?
Nangis bombay, kirim duit, terus bilang itu hak dia kok sambil ngemis² perhatian?"
Degradasi Moral & Pelecehan Seksual,elina joerg adegan main georgino devina kek kalo adegan jd simpenan miliarder gegara pacar hs cewek pergokin devina trailer yg adegan hsnya cewek,"Ada elina joerg juga yang ada adegan main sama georgino, devina juga. Itu pun keknya kalo di lihat dari adegan dia jd simpenan miliarder. Gegara pacarnya HS sama cewek yang di pergokin devina. Dan sepanjang trailer ini yg adegan HSnya banyak malah cewek satu lagi."
Degradasi Moral & Pelecehan Seksual,simpenan jabat,Simpenan pejabat
Degradasi Moral & Pelecehan Seksual,bilang simpenan kak,di bilang simpenan kak
Degradasi Moral & Pelecehan Seksual,kalo rekan lu kerja bagus mas tahan simpenan atas lu,"kalo ada rekan kerja lu yang kerjanya kurang bagus tapi dia masi di pertahankan, bisa jadi dia simpenan atasan lu"
Degradasi Moral & Pelecehan Seksual,contoh sederhana aja deh katakata cewe selingkuh kayak pelakor katakata hakim perempuan dipake orangorang laki kalo lu repot bikin aje teliti,"Contoh sederhana aja deh, kata-kata buat cewe yang selingkuh kayak pelakor dan kata-kata penghakiman untuk perempuan itu lebih banyak dipake sama orang-orang daripada yang laki.

Kalo lu mau mau repot sedikit bikin aje penelitiannya"
Degradasi Moral & Pelecehan Seksual,gw aja deh yg pelakor,gw aja deh yg pelakor
Degradasi Moral & Pelecehan Seksual,sum pelakor,jadi sumi pelakor???
Degradasi Moral & Pelecehan Seksual,pelakor kek benang merah bu yuria,Asalkan jangan jadi pelakor kek di Benang Merah bu Yuria 
Degradasi Moral & Pelecehan Seksual,gin suami ambil pelakor gelar klo lulus kuliah umur hidup nempel lg ilmu kolega yg dpt kuliah banget bantu dinmasa anak,"Jadi gini ya, suami bisa diambil pelakor. Tapi gelar (klo lulus kuliah) seumur hidup nempel sama u. Belum lg ilmu (+kolega) yg u dpt semasa kuliah, bisa banget bantu dinmasa depan u n anak u."
Degradasi Moral & Pelecehan Seksual,temen gue pelakor kak,"temen gue pelakor, kak."
Degradasi Moral & Pelecehan Seksual,dasar pelakor,dasar pelakor kamu ya
Degradasi Moral & Pelecehan Seksual,versi tutup vs versi buka,Versi tertutup vs versi terbuka
Degradasi Moral & Pelecehan Seksual,pake cadar nutupin muka jelek pelakor jelek,Itu pake cadar pasti nutupin mukanya jelek soalnya kan semua pelakor jelek
Degradasi Moral & Pelecehan Seksual,pelakor lin,jangan jadi pelakor lin
Degradasi Moral & Pelecehan Seksual,kemarin kemarin gue cuman canda pelakor jadi anjg, padahal kemarin kemarin gue cuman bercanda soal jadi pelakor ini malah kejadian anjg 
Degradasi Moral & Pelecehan Seksual,pelakor,Pelakor bertanya ya
Degradasi Moral & Pelecehan Seksual,tehnologi jg bu doktertechnologi of pelakor,Dia punya tehnologi jg Bu Dokter..technologi of pelakor 
Degradasi Moral & Pelecehan Seksual,nangkep pelakor,Nangkep pelakor
Degradasi Moral & Pelecehan Seksual,jijik bgt laku pelakor nauzubillah tanda zaman kah,"Jijik bgt sama kelakuan  pelakor, nauzubillah. 
Tanda² akhir zaman kah ini"
Degradasi Moral & Pelecehan Seksual,pelakor mah gak cerdas,Pelakor mah gak ada cerdas2nya 
Degradasi Moral & Pelecehan Seksual,hebat sekian barang situ ga darat muka pelakor,"Hebat, dari sekian banyak barang disitu, ga ada yang mendarat ke muka pelakor"
Degradasi Moral & Pelecehan Seksual,mood gw murah banget sumpah menit emosi turun habis makan yogurt gelas,"Mood gw murahan banget sumpah, belum. Ada 5 menit emosian langsung turun habis makan yogurt segelas "
Degradasi Moral & Pelecehan Seksual,hati murah banget anjirrr,Ini hati aku murahan banget anjirrr
Degradasi Moral & Pelecehan Seksual,kaga muncul kalo lo ga ngetik bts arirang nama member bts lo murah banget jatuhin org,"Kaga akan muncul kalo lo ga ngetik BTS, Arirang. Atau nama member BTS. Cara lo murahan banget buat jatuhin org"
Degradasi Moral & Pelecehan Seksual,duh jeng potas tawas glowing nyusul leluhur drama tewas murah banget mending rapiin deh dosa biar nggak malumaluin pas jemput cringe,"Duh Jeng, potas buat tawas? Mau glowing apa mau nyusul leluhur? Drama 'tewas' kok murahan banget, mending rapiin dulu deh dosanya biar nggak malu-maluin pas dijemput. Cringe! "
Degradasi Moral & Pelecehan Seksual,ni selingkuh najis murah banget,pasti ni orang sering selingkuh najis murahan banget
Degradasi Moral & Pelecehan Seksual,ga gw mewek knpa air gw skrg murah banget,Ga bisa gw... Mewek lagi.. Knpa ya air mata gw skrg murahan banget
Degradasi Moral & Pelecehan Seksual,kaaaaakkk gin aja baper murah banget haitku kalo perthsanta,"Kaaaaakkk , gini aja aku baper . Murahan banget haitku kalo soal perthsanta "
Degradasi Moral & Pelecehan Seksual,riiillll murah banget hati yaa,riiillll  murahan banget mata dan hati ini yaa
Degradasi Moral & Pelecehan Seksual,loh murah kalo gitu ngewe doang duit murah banget,loh malah lebih murahan lah kalo gitu. masa mau ngewe doang harus keluar duit dulu? murahan banget.
Degradasi Moral & Pelecehan Seksual,gue beli tas mewah online pas dateng liat murah banget material plastik jahit ngaco charmnya lepas tengah jalan malu banget,"Gue pernah beli tas 'mewah' online, pas dateng malah keliatan murahan banget. Material plastik, jahitan ngaco, dan charm-nya lepas di tengah jalan. Malu banget."
Degradasi Moral & Pelecehan Seksual,bruh sylus trope murah banget vampire mafia boss wife dipake juta umat dark romance discount sepiroth astarion,"Bruh Sylus trope nya murahan banget: vampire, mafia boss, ""wife"", dipake sejuta umat di dark romance. Discount Sepiroth & Astarion"
Degradasi Moral & Pelecehan Seksual,cowok tuh murah banget ngeliat cewek cakep dikit ngirim foto kword,Kenapa ya cowok tuh pada murahan banget? Baru ngeliat cewek cakep dikit langsung ngirim foto k-word
Degradasi Moral & Pelecehan Seksual,anak jam pagi pacar murah banget ga didik tua,anaknya jam 2 pagi masih pacaran? murahan banget ya? ga didik sama orang tuanya?
Degradasi Moral & Pelecehan Seksual,jatuh pamor laki sampe perkosa wariad harga laki murah banget,"Jatuh pamor laki2 sampe d perkosa waria,d mana harga diri laki2 murahan banget"
Degradasi Moral & Pelecehan Seksual,emang murah banget nggak respect org yg rekam jejak,Emang murahan banget makanya nggak ada respect sama org yg punya rekam jejak seperti itu
Degradasi Moral & Pelecehan Seksual,aniani geser,ani-ani pun sudah sangat jauh pergeserannya...
Degradasi Moral & Pelecehan Seksual,nonton bridgerton benci bgt karakter anthony sok ceramahin ben kaya ga aniani nyakitin hati anak ending bilang dengerin katakata gue gmn klo elu yg diem aje ga sotoy lo anak,"nonton bridgerton s4 makin benci bgt sama karakter anthony, sok ceramahin ben kaya ga pernah punya ani-ani & nyakitin hati anak orang. di ending bilang, 'jangan pernah dengerin kata-kata gue lagi' gmn klo elu yg diem aje ga usah sotoy cuma karena lo anak pertama"
Degradasi Moral & Pelecehan Seksual,sih feeling gubernur aniani,Aku sih feeling gubernur ini punya ani-ani
Degradasi Moral & Pelecehan Seksual,segemoy disembunyiin mana gw same energy lisa mariana simpenan no aniani yes emg disimpen mba,"segemoy itu mau disembunyiin dimana gw tanya 

same energy sama lisa mariana ""simpenan no, ani-ani yes"" emg mau disimpen di mana mba "
Degradasi Moral & Pelecehan Seksual,milih baby nepo aktoraktris anak artis bini artis selebritis artis panas selebtokgram kontes putri nyanyi biduan aniani bot milih jgnkan suami istri aniani titip banggar tenaga ahli gaji puluh juta,"yang milih baby nepo, aktor/aktris, anak artis, bini artis, selebritis, artis panas, selebtok/gram, kontes putri2an, penyanyi, biduan, ani-ani, boti, SIAPA YANG MILIH?! 

Jgnkan suami istri, ani-ani segala dititip di banggar, jadi tenaga ahli gaji puluhan juta ada, ada banyak"
Degradasi Moral & Pelecehan Seksual,nyamar bawa aniani awal,Nyamar bawa ani-ani + pengawal
Degradasi Moral & Pelecehan Seksual,ribu first date cewe cantik tuh hitung murah luar aniani ga first date budget juta,500 ribu buat first date sama cewe secantik ini tuh hitungannya murah malahan diluar sana ani-ani yang ga seberapa itu first date minta budget 5 juta
Degradasi Moral & Pelecehan Seksual,coba aja lapor klo klean nemu aniani spek mantep auto fast respon wkwk,Coba aja lapor klo klean nemu ani-ani spek mantep auto fast respon wkwk
Degradasi Moral & Pelecehan Seksual,knp yh aniani template bgt hidup ngaku independent woman bisnis,"knp yh ani-ani template bgt hidupnya ngaku"" independent woman dan pebisnis"
Degradasi Moral & Pelecehan Seksual,jam malam mah udah pindah lokasi boss udah hotel peluk aniani,Jam 8 malam mah udah pindah lokasi boss. Udah di hotel dalam pelukan ani-ani.
Degradasi Moral & Pelecehan Seksual,duwe anak butuh wae kowe ngopeni aniani,Duwe anak berkebutuhan khusus wae kowe masih ngopeni ani-ani
Degradasi Moral & Pelecehan Seksual,santai aja angka cerai tinggi nih ganti status duda janda mantan kandung mantan tiri suami suami istri istri simpan aniani rame,"santai aja, angka perceraian lagi tinggi2nya nih pada ganti status jadi Duda Janda, mantan kandung, mantan tiri, suami orang suami kita, istri orang istri kita, simpanan ani-ani makin rame."
Degradasi Moral & Pelecehan Seksual,jarak purel aniani lempar kancut,Tidak ada jarak yang jauh. Dari purel ke ani-ani hanya sepelemparan kancut
Degradasi Moral & Pelecehan Seksual,bisa perempuan juang keluarga dilecehin lu bilang pantes dilecehin krn kerja lu ngga pantes nama annisa cocok aniani nama lu,"bisa bisanya perempuan pejuang keluarga dilecehin lu bilang pantes dilecehin krn pekerjaannya, lu ngga pantes namanya ""Annisa"" cocoknya ""Ani-Ani"" nama lu!!!!!"
Degradasi Moral & Pelecehan Seksual,bawa reallifegimana lu org yg istinya anianiyang banggain klub utama adakan yg fans arsenal fans tim belanda tim laliga jglu liat aja banggain,"Lah kalau dibawa ke reallife,gimana menurut lu ada org yg istinya dua tiga atau empat??? Atau yang punya ani-ani,yang lebih sering dia banggain itu harusnya yang klub utama dia. Adakan yg fans Arsenal fans tim Belanda dan tim di laliga jg,lu liat aja apa yang selalu dia banggain"
Degradasi Moral & Pelecehan Seksual,sukses dikit mesti lanjut aniani herman herman kardon,"Orang kok sukses dikit, mesti lanjutannya punya ani-ani. Herman aku. Herman kardon."
Degradasi Moral & Pelecehan Seksual,mantep kalo aniani gitu,percuma mantep kalo jadi ani-ani. gitu kan?
Degradasi Moral & Pelecehan Seksual,mantep gw yakali aniani,se mantep gw yakali jadi ani-ani
Degradasi Moral & Pelecehan Seksual,aniani ga,Ani-ani termasuk ga?
Degradasi Moral & Pelecehan Seksual,oten lu anak lont,Oten?? Lu Anak lont*!!! 
Degradasi Moral & Pelecehan Seksual,nemu kontol yg lu jelajah lont,"baru nemu?
SUDAH BERAPA KONTOL YG LU JELAJAHI WAHAI LONT"
Degradasi Moral & Pelecehan Seksual,lont abu buang,"Lont, pasti abunya buang keluar"
Degradasi Moral & Pelecehan Seksual,maklum ibu mantan ps lont makassar,Maklum ibunya mantan PS* Lont* di Makassar
Degradasi Moral & Pelecehan Seksual,ibu mantan lont,Ibunya mantan lont*
Degradasi Moral & Pelecehan Seksual,anak zina ibu mantan lont,"Anak zina dia, dulu ibunya mantan lont*"
Degradasi Moral & Pelecehan Seksual,kampung si lont,"""Kampungan"" Apa si lont "
Degradasi Moral & Pelecehan Seksual,ibu mantan lont,Dia ini ibunya mantan lont*
Degradasi Moral & Pelecehan Seksual,basalamah mantan lont makassar ayah mabuk,Basalamah ibu mantan lont* di Makassar ayah pemabuk
Degradasi Moral & Pelecehan Seksual,jahat bngst si lont,jahat bngst si lont
Degradasi Moral & Pelecehan Seksual,mreka ting nay shock aja sampe kdrt gin jeongro ribut nya ex ga prnah tahu gue sampe babak bur gin emg mreka ga yg bner tweet dri pov gue yg baek jeongro pov dri emg lont dipacarin izin,"Dari awal mreka setingan nay, cuma shock aja bakal sampe KDRT gini.. jeongro seribut²nya sama ex nya ga prnah setahu gue sampe babak belur gini.. emg mreka ga ada yg bner.. itu tweet dri pov gue yg baek² soal jeongro, pov lainnya ""Ya dri awal dia emg LONT tapi dipacarin izin """
Degradasi Moral & Pelecehan Seksual,buahahahahah anak lont gerwani mewek,"Buahahahahah
Anak lont gerwani mewek"
Degradasi Moral & Pelecehan Seksual,lo anjing anak lont gerwani makan tu poto kaum lo njing,"lo anjing anak lont gerwani....
makan tu poto kaum lo njing"
Degradasi Moral & Pelecehan Seksual,sih kalo cewek bersenggama cowok lont kalo cowok bersenggama cewek gak lont aja bersenggama,Kenapa sih kalo cewek bersenggama sama banyak cowok disebut lont*? Sedangkan kalo cowok bersenggama sama banyak cewek gak disebut lont*? Padahal kan sama aja ya? Sama sama bersenggama.
Degradasi Moral & Pelecehan Seksual,lont harga candra sayang,"aku lonT, tetap hargai aku ya candra sayang"
Degradasi Moral & Pelecehan Seksual,germo lont nha,"Germo nya 02
Lont nha 01 apa 03?"
Degradasi Moral & Pelecehan Seksual,gatel banget tangan kalo gk yapping,Gatel banget tanganku kalo gk yapping
Degradasi Moral & Pelecehan Seksual,kalo postingan sampah lo hujat akun pake reply qrt algoritma kalo emang gatel banget maki maki biar baca report fyi akun yg report blokir ngaruh banget algoritma,"Kalo ada postingan sampah jangan lo hujat langsung di akunnya pake reply atau qrt, yang ada tambah naik algoritma nya. 

Kalo emang gatel banget mau maki maki biar dia baca, report sekalian. FYI, akun yg kena report apalagi blokir, bakal ngaruh banget ke algoritma nya."
Degradasi Moral & Pelecehan Seksual,gatel banget potong rambut udah janji taun gaboleh potong rambut,"gatel banget mau potong rambut lagi, tapi udah janji sama diri sendiri kalau taun ini gaboleh potong rambut"
Degradasi Moral & Pelecehan Seksual,gatel banget tenggorok,Gatel banget tenggorokan aku
Degradasi Moral & Pelecehan Seksual,nikah bilang cowok suami jg bilang cowok mgkn proses hijrah cewek gatel banget kaya nanya dianggurin ama cowok,"Belum nikah. Kan jelas itu dia bilang cowokku. Bukan ""suamiku"".

Dia jg bilang kan cowoknya mgkn lagi proses ""hijrah"" tapi ceweknya ini lagi gatel banget kayanya. Makanya dia nanya2 kok dia dianggurin ama cowoknya."
Degradasi Moral & Pelecehan Seksual,gatel banget edit daily life seonghyeon as anak sma bandung make lagu selebritis bandung korek api kacamata,gatel banget mau edit daily life seonghyeon as anak SMA bandung make lagu SELEBRITIS BANDUNG KOREK API KACAMATA 
Degradasi Moral & Pelecehan Seksual,ken liat ekspresi yuyo karokoe gatel banget liat exclamation mark ga rata kanankiri req jt t t,Pengen liat ekspresi yuyo di karokoe tapi aku GATEL BANGET liat exclamation mark ga rata kanan-kiri di req 99jt nya itu T____T
Degradasi Moral & Pelecehan Seksual,tangan udah gatel banget,TANGAN UDAH GATEL BANGET 
Degradasi Moral & Pelecehan Seksual,flu sampe batuk gatel banget tenggorok,"Dari flu akhirnya sampe batuk, gatel banget tenggorokan ini."
Degradasi Moral & Pelecehan Seksual,gatel banget,Gatel banget.
Degradasi Moral & Pelecehan Seksual,habis cukur gatel banget,"p

Habis cukur bawah 

kenapa gatel banget,"
Degradasi Moral & Pelecehan Seksual,iya batuk gatel banget,Iya. Batuk gatel banget
Degradasi Moral & Pelecehan Seksual,si sohee gatel banget anjirrrr ngejar heechul mulu arghh,SI SOHEE GATEL BANGET ANJIRRRR NGEJAR HEECHUL MULU ARGHH
Degradasi Moral & Pelecehan Seksual,gatel banget liat,Gatel banget liatnya
Degradasi Moral & Pelecehan Seksual,udah gatel banget ini ken ngepull,udah gatel banget inii pengen ngepull
Degradasi Moral & Pelecehan Seksual,ntar perang agama tau deh gatel banget klo gk loncat pager,Ntar perang agama baru tau deh. Gatel banget klo gk loncat pager..
Degradasi Moral & Pelecehan Seksual,kegatelan,Kegatelan
Degradasi Moral & Pelecehan Seksual,istri selingkuh istri kegatelan suami selingkuh istri gak bener make it make sense,"""Istri selingkuh, berarti istrinya kegatelan. Suami selingkuh, berarti istrinya gak bener.""

Make it make sense."
Degradasi Moral & Pelecehan Seksual,kegatelan ken nikah suka baca au homo suka cowok cantik diselingkuhin backburner cinta wonxin gimana nikah coba kalo gua gapunya calon kek gin,"kegatelan pengen nikah tapi masih suka baca au homo, masih suka cowok cantik, diselingkuhin 20 kali, di backburner, masih kecintaan sama wonxin gimana mau nikah coba kalo gua gapunya calon dan kek gini lagi "
Degradasi Moral & Pelecehan Seksual,semi kak takut ambil temen yg kegatelan,"semi kak, takut diambil temen soalnya banyak yg kegatelan "
Degradasi Moral & Pelecehan Seksual,fogging insidal kegatelan masal diobatin,"Harus di fogging insidal, itu kegatelan masal harus diobatin"
Degradasi Moral & Pelecehan Seksual,bru dont have any time for doing that shit schedule gw aja lembur trus lu tbtb dm gw nyuruh unfoll block cowo lu cowo lu yg kegatelan and dont give him any response,bru i dont have any time for doing that shit schedule gw aja 9-9 bahkan bisa lembur trus lu tbtb dm gw nyuruh unfoll n block cowo lu padahal cowo lu yg kegatelan and i dont give him any response
Degradasi Moral & Pelecehan Seksual,yes kalo putus jawab udah abis masa availability and capability udah ga balance that simple kecuali emang laku minus akhlak kaya ngefitnah kegatelan ngejar wajib buka perilaku buruk biar ga korban,"Yes, kalo ditanya kenapa putus, jawabanku ya udah abis masanya. Availability and capability udah ga balance. That simple. Kecuali emang kelakuan minus akhlak kaya ngefitnah aku kegatelan ngejar dia ya, nah ini wajib dibuka perilaku buruknya biar ga ada korban lagi."
Degradasi Moral & Pelecehan Seksual,kegatelan bgt,pada kegatelan bgt ya
Degradasi Moral & Pelecehan Seksual,deket deket tembok tuh kegatelan mang gaboleh ceo tiduuur,"Jangan deket deket tembok makanya dia tuh kegatelan  mang gaboleh, ceo juga perlu tiduuur "
Degradasi Moral & Pelecehan Seksual,cewek wajib ilmu beladiriketika sperti tarik driver tendang biar gk kegatelan,"Cewek wajib ada ilmu beladiri,ketika ada kasus sperti ini tarik driver keluar tendangkan  nya biar GK kegatelan."
Degradasi Moral & Pelecehan Seksual,mending ga sih bang ga tara dri jelas cwek kmu udh pacar psti prnah ngewe pling ga skali klo gue jdi si cewek umur sgitu cwok gakan kegatelan lgi klo serius psti gakan musingin dry text,"mending ga usah sih bang, kalian ga setara. dri penjelasanmu dia cwek baik, sedangkan kmu udh sering pacaran psti prnah ngewe kan? pling ga skali, klo gue jdi si cewek pun umur sgitu ada cwok gakan kegatelan lgi, klo dia serius psti gakan musingin dry text--"
Degradasi Moral & Pelecehan Seksual,ga main hakim salur atur main suami yg kegatelan,"Harusnya ga boleh main hakim sendiri, semua ada salurannya, ada aturan main nya, jangan2 suaminya yg kegatelan."
Degradasi Moral & Pelecehan Seksual,iya kegatelan by,Iya lagi apa mereka kegatelan ya by?
Degradasi Moral & Pelecehan Seksual,kegatelan anying tu cewe setan,kegatelan anying tu cewe setan
Degradasi Moral & Pelecehan Seksual,lee ahnnya jaga image huijunya kegatelan,"Lee Ahnnya jaga image, Huijunya kegatelan "
Degradasi Moral & Pelecehan Seksual,trus knp elo yg kegatelan,trus knp elo yg kegatelan ?? 
Degradasi Moral & Pelecehan Seksual,wkwkwk trumph main kayak bencong bikin fitnah,wkwkwk ternyata Trumph mainnya kayak bencong juga ... bikin fitnah
Degradasi Moral & Pelecehan Seksual,finis ngomong doang bain perempuan bain transgender alias bencong gw cwo ga embel finis gw bela perempuan kalo yg ganggu kaum bencong,feminis ngomong nya doang belain perempuan padahal lebih belain transgender alias bencong. gw sebagai cwo ga perlu embel2 feminis gw bakal bela perempuan apalagi kalo yg ganggu kaum bencong.
Degradasi Moral & Pelecehan Seksual,bencong nama,bencong ternama
Degradasi Moral & Pelecehan Seksual,banget nendaaang bahasa bencong,"Enak, banget nendaaang... Itu bahasa bencong"
Degradasi Moral & Pelecehan Seksual,si bencong twit amin min,Si bencong yang twit nya diamini para peminis
Degradasi Moral & Pelecehan Seksual,hrusnya neng idola pria normal cinta wanita bencong gagah mapan rugi ga pacar yg cantik bening mulus fans tolol emg,Hrusnya seneng ya idola kalian pria normal pecinta wanita bukan bencong. Gagah mapan ya rugi ga punya pacar yg cantik bening mulus. Fans tolol emg
Degradasi Moral & Pelecehan Seksual,bencong kanan,Itu bencong yang kanan?
Degradasi Moral & Pelecehan Seksual,bencong bgt lagih hisokanya,bencong bgt lagih hisokanya
Degradasi Moral & Pelecehan Seksual,skin care bencong seriously sblom yg nama skin care itunlebih go public cuci muka pake sabun muka aja dkatain what should use then mama lime sunlight daia,"Skin care= bencong, seriously? 
Sblom yg namanya skin care itunlebih go public cuci muka pake sabun khusus muka aja dkatain   what should i use then? Mama lime? Sunlight? Daia? "
Degradasi Moral & Pelecehan Seksual,suka bilang cowok denger metal yg denger kpop bencong ngaku hindia homophobic ngaku dukung palestine bela radiohead kaya bela nabi alibi gua mah nikmatin karya aja gk hubung orgnya tai monyet,"suka bilang:
cowok harus denger metal
yg denger kpop bencong

- ngaku hindia tapi homophobic.
- ngaku dukung palestine tapi bela radiohead kaya bela nabi.
alibinya selalu sama gua mah nikmatin karyanya aja gk ada hubungan sama orgnya tai monyet."
Degradasi Moral & Pelecehan Seksual,lu prime time aj ga tau ck ck ck sgl prime time tv fans bencong tolol,Lu prime time aj ga tau artinya ck ck ck sgl prime time tv fans bencong  tolol
Degradasi Moral & Pelecehan Seksual,brati beti bencong titit,Brati Beti.... Bencong bertitit
Degradasi Moral & Pelecehan Seksual,bencong,bencong kali
Degradasi Moral & Pelecehan Seksual,kamus aku bencong women,Kamus harus mengakui bencong sebagai women
Degradasi Moral & Pelecehan Seksual,bencong bences,bencong dan bences
Degradasi Moral & Pelecehan Seksual,bedain lakilaki perempuan jenggot cuman helai lakilaki pala botak jenggot lebat coba cek bencong jenggot klimisin,"Yang bedain laki-laki dan perempuan adalah jenggot.. walau cuman 3 helai.. 
Laki-laki meski pala nya botak, jenggot biasanya masih ada lebat..

Coba Cek bencong.. meski ada jenggot,  pasti di klimisin.. "
Degradasi Moral & Pelecehan Seksual,transpuan transgender perempuan bahasa sini wariabencongbanci laki gender puan cispuan manusia memek cislaki manusia kontol transpuan perempuan logika transpuan cislaki,"transpuan itu transgender perempuan, bahasa sininya waria/bencong/banci (laki2 bergender puan)

cispuan itu manusia bermemek, cislaki itu manusia berkontol. Tapi transpuan itu perempuan. Logika mereka: transpuan = cislaki"
Degradasi Moral & Pelecehan Seksual,mbb tangan bekad minyak beb kalo semenjak tau lesbi tuh laki ganas ngejar do say fetish ama cewe lesbi,"Mbb, tanganku bekad minyak tadi. Tapi beb, kalo semenjak tau kamu lesbi juga tuh laki makin ganas ngejar.... I do say, dia punya fetish ama cewe lesbi...."
Degradasi Moral & Pelecehan Seksual,gmn kt bs dapetin juun rambut lesbi,gmn caranya kt bs dapetin JUUN RAMBUT LESBI
Degradasi Moral & Pelecehan Seksual,juun rambut lesbi emang memggoda bgt,juun rambut lesbi emang MEMGGODA BGT
Degradasi Moral & Pelecehan Seksual,tonton lesbi gl series ka,Tontonan lesbi gl series ka
Degradasi Moral & Pelecehan Seksual,wow wow labeling cewe lesbi problematik dasar lu goblok sih aplg ngecap cewe problematik sendiriny jelasin logika lucu jg wkwk generalization dasar gagal ngejelasin controversial ignorance,"Wow wow labeling cewe lesbi + problematik tanpa dasar = lu goblok sih. Aplg ngecap cewe problematik tapi sendiriny g bisa jelasin logikanya, lucu jg wkwk. Generalization tanpa dasar + gagal ngejelasin = bukan controversial, cuma ignorance."
Degradasi Moral & Pelecehan Seksual,lesbi problematik kak,Kamu lesbi apa problematik kak?
Degradasi Moral & Pelecehan Seksual,zuzur cewk cewk nyipnyop lesbi aja kaya gweh mah,ZUZUR SAMA cewk cewk nyipnyop lesbi aja kaya gweh mah
Degradasi Moral & Pelecehan Seksual,lesbi gara gara wolfcut gobloookkkkkkok mikir gitu yak,dikira lesbi gara gara wolfcut gobloookkkkkkok orang ada yang bisa mikir gitu yak
Degradasi Moral & Pelecehan Seksual,sumpah cinta nyul kalo lesbi suka ma homo nama ken gw cipok tuh nyol nyolnya,"Sumpah aku kecintaan sama nyul, kalo lesbi suka ma homo namanya apa...?? Pengen gw cipok tuh nyol nyolnya"
Degradasi Moral & Pelecehan Seksual,teman gei lesbi then lapender merij,dari pertemanan gei dan lesbi then lapender merij
Degradasi Moral & Pelecehan Seksual,selesai tanam butterbur rumi alih patch prism mi sisi onshitsu mah tanamantanaman tumbuh tinggi batang kokoh cabang bentuk,"Setelah menyelesaikan menanam Butterbur, Rumi beralih ke lima patch Prism Mikan yang berada di sisi lain Onshitsu Mah?.

Tanaman-tanaman itu kini telah tumbuh lebih tinggi. Batangnya kokoh, dengan percabangan yang mulai terbentuk jelas."
Degradasi Moral & Pelecehan Seksual,rumi panen spring dew rumi patch kosong onshitsu mah tanah bersih gembur terima hidup,"Satu hari setelah Rumi panen Spring Dew, Rumi kembali lima patch kosong di Onshitsu Mah?. Tanahnya telah bersih dan gembur, siap menerima awal kehidupan yang baru."
Degradasi Moral & Pelecehan Seksual,ku bantai mulut tetangga yg suka nyinyir pake zoltrak maho wkwkwkwk,Akan ku bantai mulut2 tetangga yg suka nyinyir pake zoltrak maho wkwkwkwk
Degradasi Moral & Pelecehan Seksual,urus keluarga mu maho,"Urus saja keluarga mu sendiri,  itu pun kalau ada. Paling2 juga maho..."
Degradasi Moral & Pelecehan Seksual,domoto reiken lambat kecuali muncul pintu onshitsu mah,"Tentu saja. Domoto Reiken tidak pernah terlambat
Kecuali bahwa tiga hari ke depan, yang akan muncul di pintu Onshitsu Mah? bukan dirinya."
Degradasi Moral & Pelecehan Seksual,ruang rapat onshitsu mah selesai tanam fuki baamintos tanam musim semi pertama ambil kaleng siram gantung dinding pintu,"Tapi ini bukan ruang rapat. Ini Onshitsu Mah?, dan ia baru saja selesai menanam Fuki dan Baaminto-s?, tanaman musim semi pertamanya. Ia mengambil kaleng penyiram yang tergantung di dinding dekat pintu masuk,"
Degradasi Moral & Pelecehan Seksual,pagi onshitsu mah sunyi suara gemericik sistem sihir lembap desis lembut sudutsudut rumah kaca cahaya musim semi seruak panel kaca jatuh hangat deret patch tanah kosong,"Pagi itu, Onshitsu Mah? terasa lebih sunyi dari biasanya  hanya suara gemericik sistem sihir pelembap yang sesekali mendesis lembut di sudut-sudut rumah kaca. Cahaya musim semi menyeruak melalui panel kaca, jatuh hangat di atas deretan patch tanah yang masih kosong."
Degradasi Moral & Pelecehan Seksual,mah hode cb cek yg maenin akun om om loser pecun incel retard bau ketek anggur,"itu mah hode jelas, cb cek siapa yg maenin akunnya ya om om loser pecun incel retard bau ketek pengangguran"
Degradasi Moral & Pelecehan Seksual,lahdiplomasi tugas pimpin yg udh lu pilih knp nyalahin netizen ni kalo pecun termulotak gak tp tp sok paham udehhlu tiktokan aja,"Lah..diplomasi itu tugas pemimpin yg udh lu pilih, knp nyalahin netizen? Begini ni kalo PECUN TERMUL...otak gak ada tp tp sok paling paham. Udehh...lu tiktokan aja sana"
Degradasi Moral & Pelecehan Seksual,kacung soggy pecun berani pake akun awkwkwk soggy,kacung soggy pecun beraninya pake akun baru awkwkwk apa ini soggy sendiri?
Degradasi Moral & Pelecehan Seksual,inti zionis indonesia tetep patut karma khianat brics birah diktator prabowo ngemis proyek trump rela piece of shit termul pecun bisa ngejilat mah mikir,"Intinya zionis Indonesia tetep patut mendapat karma setelah berkhianat dari BRICS karena birahi diktator Prabowo yang ngemis proyekan dari Trump dengan rela masuk ""piece of shit"".

Tapi Termul pecun yang bisanya ngejilat mah mana bisa mikir."
Degradasi Moral & Pelecehan Seksual,emang dasar pecun,Emang dasar pecun
Degradasi Moral & Pelecehan Seksual,njiiir ngakak apa ternak mulyono maklum sih kaum wabahpecun alias,Njiiir  ngakak apa² ternak mulyono maklum sih kaum wAbah/pecun alias 24% 
Degradasi Moral & Pelecehan Seksual,ajar atur nikah agama eh lu pecun lonte mah ga didik pake agama pantesan sih pecun lonte buang sm orantuanya,Belajar lagi aturan pernikahan dalam agama.. eh lu pecun lonte mah ga dididik pake agama ya.. ya pantesan sih jadi pecun lonte.. langsung dibuang sm orantuanya
Degradasi Moral & Pelecehan Seksual,ngeri takuttt tampol pecun hhhh,Ngeri juga... Takuttt tampol dong sini pecun hhhh
Degradasi Moral & Pelecehan Seksual,plss bgt yg nagihh bgt asa pecun,"plss pernah bgt sama yg begini, nagihh bgt berasa jadi pecun "
Degradasi Moral & Pelecehan Seksual,ga baca ga paham point gua mana lu pake foto wowok enggak pecun gitu ngatain pake akun anon jirr,Ga bisa baca ga bisa paham point gua kemana mau lu pake foto wowok juga ...seenggaknya jangan jadi pecun gitu ngatain orang pake akun anon jirr
Degradasi Moral & Pelecehan Seksual,bocil barbar biadab model pecun,"Bocil2 barbar biadab.

Modelan pecun semua."
Degradasi Moral & Pelecehan Seksual,nikah marriage rape ga nikah mbak melihara pecun aja,Kalau pernikahan ada marriage rape ga usah nikah mbak melihara pecun aja
Degradasi Moral & Pelecehan Seksual,dumay dunia tipu nipu wajah nipu lokasi nipu sgl trick tipu jgn pecun jg slm,"Dumay , dunia tipu² 
  - Nipu Wajah
  - Nipu lokasi
  - Nipu sgl Trick Penipuan
Jgn²  PECUN  jg slm ini"
Degradasi Moral & Pelecehan Seksual,diliatliat emang style kek pecun ye,diliat-liat emang style nya kek pecun ye
Degradasi Moral & Pelecehan Seksual,iya istri salah gak maen fisik cok pecun,"Iya istrinya salah, tapi gak maen fisik juga cok. Pecun amat"
Degradasi Moral & Pelecehan Seksual,katain lonte pecun,enak mana di katain lonte apa pecun?
Degradasi Moral & Pelecehan Seksual,gue liatliat kayak pecun,gue liat-liat mulai kayak pecun ya
Degradasi Moral & Pelecehan Seksual,suruh goddess fae kau isap dick la butoh muka serabut goddess fae sial lacur la support malam puki hahaha,Suruh goddess Fae kau isap dick I la butoh ...muka serabut goddess Fae sial ..macam pelacur la dia .kenapa u support sangat malam2 dia bagi u puki ke hahaha
Degradasi Moral & Pelecehan Seksual,gw yz ga kek syq aja hei shou ndiri bjir tega bgt panggil lacur,gw kira yz ga bakal kek syq ternyata sama aja...... hei ini shou kalian ndiri bjir tega bgt dipanggil pelacur........
Degradasi Moral & Pelecehan Seksual,bayar rm utk recognised kawan binatang muka buruk hati busuk hitam duit org taknak bayar dasar kongkek lacur dpt kau bayar duit org deal dgn anak haram make sure mintak duit kau dah expert,"Aku bayar rm500 utk recognised kawan binatang muka buruk hati busuk hitam. Duit org taknak bayar. Dasar bapak dia kongkek pelacur dpt kau tak bayar duit org. 

Deal dgn anak haram make sure mintak duit dulu jika kau dah expert kerja."
Degradasi Moral & Pelecehan Seksual,nemu yg zaman mitologi kayak speechless masak jaman mitologi lacur lacut gtu sih hmmmm kepooooo kepo bgd tipe anak,"nemu yg zaman mitologi juga, kayak speechless masak jaman mitologi ada pelacur pelacut gtu sih???
hmmmm kepooooo, kepo bgd lagi aku tipe anaknya:"""""
Degradasi Moral & Pelecehan Seksual,klo sampe film gtu kisah lacur gtu yg tobat fix gw nntn kayak sejarah hidup gak sih sejarah hidup org beda beda yah,"klo sampe ada di film gtu kisah pelacur gtu yg tobat, fix gw bakal nntn!!

kayak itu sejarah hidup gak sih:""

sejarah hidup org kan beda beda yah...."
Degradasi Moral & Pelecehan Seksual,lik dlu ntr share ttg lacur perempuan jaja butuh nasib hidup,"lanjut kulik dlu, ntr mau share ttg PELACUR/ PEREMPUAN YANG MENJAJAKAN DIRINYA untuk kebutuhan atau nasib hidup~~~"
Degradasi Moral & Pelecehan Seksual,baca baca ttg artikel artikel lacur dunia,"lagi baca baca ttg artikel artikel  ""pelacur"" di seluruh dunia~~~"
Degradasi Moral & Pelecehan Seksual,lacur zionist,Pelacur zionist!!!
Degradasi Moral & Pelecehan Seksual,benar benci lacur hina anak haram capcap erat jerat jiwa raganyaseakan ukir bara tak padam andai bakar lacur lacur lacur mata kabut emosi tumpuk gumpal,"dengan kebenaran yang ia benci.

LACUR. HINA. ANAK HARAM.

Cap-cap itu mengerat, menjerat jiwa dan raganyaseakan terukir dengan bara yang takkan padam, bahkan andai ia membakar dirinya sendiri sekalipun.

LACUR. LACUR. PELACUR.

Matanya mengabut. Emosi menumpuk, menggumpal ..."
Degradasi Moral & Pelecehan Seksual,abis jilmek lacur,Abis jilmek pelacur??
Degradasi Moral & Pelecehan Seksual,betina anak lacur,Betina anak pelacur
Degradasi Moral & Pelecehan Seksual,nyebarinny ko hoax krn udh tau km anak lacur dajjal kah hshah,nyebarinny ko hoax? krn udh ketauan km anak pelacur dajjal kah? hshah
Degradasi Moral & Pelecehan Seksual,dewasa yg nyuruh mati ngatain mak lacur laen ente,Orang dewasa mana yg nyuruh orang lain mati & ngatain mak orang pelacur? Agak laen ente
Degradasi Moral & Pelecehan Seksual,mecari dukung kristen caci maria lacur ludah ikut yesus, mecari dukungan orang2 kristen padahal mereka mencaci maria sebagai pelacur dan meludahi pengikut yesus.
Degradasi Moral & Pelecehan Seksual,btw lucu lu mikir ga perawan lacur asli sadar banggg sadar elu yg gila sinijd gay aja lu bg kasi bgt gw,"btw, lucunya, lu malah mikir yang ga perawan itu pelacur. asli, sadar banggg sadar elu yg gila di sinijd gay aja lah lu bg kasian bgt gw"
Degradasi Moral & Pelecehan Seksual,anak lacur melayu da bising lapor bedah siasat adib takde luka badan adib consistent pukul tangan kaki mai dr lacur melayu ala prof betina melayu bodo tu tukar naratif bodoh melayu,"Anak pelacur melayu da bising. Laporan bedah siasat adib pertama kata takde luka atas badan adib yang consistent dengan pukulan guna tangan dan kaki. Mai dr pelacur melayu ala2 prof betina melayu yang bodo tu, terus Tukar Naratif. Bodoh punya melayu."
Degradasi Moral & Pelecehan Seksual,bantak driver grap yg pd ajak main vidio porno mrk yg suka ngalong malam sdh bnyk kasus grap main live lacur lacur yg bigo ka jd bgtu laku,Bantak driver2 grap itu yg pd diajak main vidio porno & mrk itu yg suka ngalong malam & sdh bnyk kasusnya grap main live sama pelacur pelacur yg di bigo ka jd memang bgtu kelakuannya
Degradasi Moral & Pelecehan Seksual,lu yg dapet perek lahirin lu,Bapak lu yg dapet perek lahirin lu
Degradasi Moral & Pelecehan Seksual,perek,Perek
Degradasi Moral & Pelecehan Seksual,perek,perek
Degradasi Moral & Pelecehan Seksual,fandom neraka sih bayangin onggok kontol korea nonexistent sampe segitunya ngerendahin kaum lu kayak lu perempuan gampang banget ngatain lonte perek perempuan,"Itu fandom bakal paling banyak masuk neraka sihbayangin buat seonggok kontol Korea yang nonexistent itu sampe segitunya ngerendahin kaum lu sendiri, kayak lu perempuan tapi gampang banget ngatain lonte, perek ke sesama perempuan????"
Degradasi Moral & Pelecehan Seksual,perek,sini perek
Degradasi Moral & Pelecehan Seksual,kontol gw nyari temen maen gilir gua ajakin maen gamau tp gw iseng ngmg kalo cuddle eh perek gw ken hangout anjenggg,"kontol gw nyari temen maen giliran gua ajakin maen gamau, tp gw iseng ngmg kalo cuddle dia mau eh perek gw pengen hangout anjenggg"
Degradasi Moral & Pelecehan Seksual,gua kata perek ama franco tuh tp gaada bilang tank hama,"gua dikata perek ama franco tuh, tp gaada bilang tank hama"
Degradasi Moral & Pelecehan Seksual,gaada yg salah kalo dipakenya butuh kuliah anjrit emang tuju kecuali tu duit kipk dipake foya nonton konser mabok sewa perek dah pukulin rame rame kalo,"ya lagian gaada yg salah kalo dipakenya buat kebutuhan kuliah anjrit. kan emang tujuannya itu. kecuali tu duit kipk dipake foya2. nonton konser lah mabok lah sewa perek lah, baru dah kita pukulin rame rame kalo ini"
Degradasi Moral & Pelecehan Seksual,fav perek,fav perek aku
Degradasi Moral & Pelecehan Seksual,perek banget jir,perek banget jir
Degradasi Moral & Pelecehan Seksual,cela perek lacur mulut lu,Dari semua kata celaan kenapa harus perek sama pelacur yang keluar dari mulut lu.
Degradasi Moral & Pelecehan Seksual,perek gmn,Perek apa gmn ini
Degradasi Moral & Pelecehan Seksual,perek mah bkn istri some aja udh,Perek itu mah bkn istri  ikut 4some aja udh
Degradasi Moral & Pelecehan Seksual,perek bangsat,Perek bangsat!
Degradasi Moral & Pelecehan Seksual,wkwkwk nama bandot tau tua muda mas yg nyeruduk aja,"wkwkwk namanya bandot mana tau tua atau muda mas, yg penting nyeruduk aja "
Degradasi Moral & Pelecehan Seksual,kadang emang realitanya makhluk yg ken manja jg suka tarik ulurjadi si bandot jg nyari sempat mas bim,Kadang emang realitanya makhluk yg pengennya di manja itu jg suka tarik ulur..jadi si bandot jg nyari kesempatan lain kan mas bim 
Degradasi Moral & Pelecehan Seksual,wkwkw makhluk yg mandja bby yg neng seruduk ama bandot,"Wkwkw karena dia kan makhluk yg harus d mandja bby, bukan yg seneng d seruduk ama bandot "
Degradasi Moral & Pelecehan Seksual,ikan dah ni bang bandot,ikannya dah banyak ni bang bandot
Degradasi Moral & Pelecehan Seksual,ngakak wkwk bayi bandot,Ngakak wkwk bayi bandot
Degradasi Moral & Pelecehan Seksual,manusia tolol lu bandot klo gw elu gue nabung bank depo anjing wlwkwkwkwk nyari scatter lu,"Manusia paling tertolol adalah LU  bandot 
Klo gw jadi elu bakal gue nabung ke bank bukan depo anjing wlwkwkwkwk nyari scatter lu"
Degradasi Moral & Pelecehan Seksual,asli engga bandot,Asli apa engga bandot
Degradasi Moral & Pelecehan Seksual,lucu bela si bandot pipi tembem maling kuota haji,Tambah lama tambah lucu pembelaan si bandot pipi tembem maling kuota haji...
Degradasi Moral & Pelecehan Seksual,amerika kalah perang perang vietnam perang mujahidin afghanistan film action anggap menang muncul si bandot tua silvester stallone si tua bangka arnold schwarzenegger,"Sebenarnya Amerika itu kalah terus dalam Perang, sejak Perang Vietnam hingga Perang dengan Mujahidin Afghanistan.
Hanya di Film Action saja yang dianggapnya menang, dengan memunculkan Si Bandot Tua Silvester Stallone atau Si Tua Bangka Arnold Schwarzenegger..."
Degradasi Moral & Pelecehan Seksual,ngefly nampaknya bandot,Ngefly nampaknya bandot ini
Degradasi Moral & Pelecehan Seksual,cabe bandot kh,cabe bandot kh itu
Degradasi Moral & Pelecehan Seksual,wkwkwkwk bandot kebelet kawin,Wkwkwkwk.... Ada bandot kebelet kawin 
Degradasi Moral & Pelecehan Seksual,iya kuh pidana undang lindung anak ikhlas anak perempuan umur thn trus dikawinin bandot tua astagfirullah sah agama sah negara anggap pidana,"dulu iya. sekarang tidak. ada kuh pidana n undang2 perlindungan anak. jadi kamu ikhlas, jika punya anak perempuan umur 6thn, trus dikawinin sama bandot tua?
astagfirullah. sah menurut agama? sah! sampai sekarang masih begitu. tapi negara akan menganggapnya pidana."
Degradasi Moral & Pelecehan Seksual,yg sebar musuh benci dengki iri bandot wahabi layak panutan,"Orang yg selalu ini  menyebar permusuhan, kebencian, dengki, iri seperti bandot Wahabi ini tak layak jadi panutan"
Degradasi Moral & Pelecehan Seksual,antum rela anak perempuan thn dikawinin bandot tua diewek umur thn bejat bejat nunjuk bejat ga bikin bejat agama antum bejat bejat ajaantum kaum munafik calon huni hawiyah,"jadi antum rela punya anak perempuan masih 6thn dikawinin sama bandot tua, diewek saat umur 9thn? jika sama bejatnya, ya bejat saja. nunjuk bejatnya orang lain ga bikin bejat ""agama"" antum jadi lebih baik. bejat ya bejat aja.antum memang kaum munafik, calon penghuni hawiyah."
Degradasi Moral & Pelecehan Seksual,iya dimedsos grombolan bela si bandot maling kuota haji intens bela tua sy sih nila menjijikanmereka usaha rubah tai kucing jd permen coklat,"Iya dimedsos grombolan pembela si bandot maling kuota haji begitu intens membela tuanya...
Sy sih menilainya menjijikan...mereka berusaha merubah tai kucing jd permen coklat..."
Degradasi Moral & Pelecehan Seksual,iya sy prihatin dg sitem hukum indonesia sy jawa tp liat laku lukas tdk adil si bandot maling kuota haji dpt istimewa sehat lukas prioritas yg mmenuhi syarat bantar tahan rmhkota,"Iya sy prihatin dg sitem hukum di Indonesia... 

Sy orang jawa tp liat perlakuan pak Lukas seperti tdk adil karena si bandot maling kuota haji seperti dpt keistimewaan padahal sehat... 

Harusnya pak Lukas lebih prioritas yg mmenuhi syarat untuk dibantarkan atau tahanan rmh/kota"
Degradasi Moral & Pelecehan Seksual,senjata makan tuan bandot tengik,Senjata makan tuan bandot tengik. 
Serangan Psikologis & Sindiran,hancur knalpot kl ngotot tembak mati aja sampah tolol gembel busuk model goblok gitu,"HANCURKAN KNALPOTNYA DI TEMPAT!!!
KL DIA NGOTOT, TEMBAK MATI AJA SAMPAH2 TOLOL GEMBEL BUSUK MODEL GOBLOK GITU!!!"
Serangan Psikologis & Sindiran,cape bgt ken mati aja,cape bgt pengen mati aja
Serangan Psikologis & Sindiran,oalah fans persib mati aja deh lu bubarin aja liga tarkam nambah nambahin populasi org tolol,Oalah fans persib. Mati aja deh lu. Bubarin aja liga tarkam ini nambah nambahin populasi org tolol
Serangan Psikologis & Sindiran,udah mati aja udah ngga kuat,"Aku udah mau mati aja, aku udah ngga kuat:("
Serangan Psikologis & Sindiran,mending si bahlil si gendut mati aja anjing biang indo,"mending si bahlil sama si gendut itu mati aja anjing, biang masalah indo"
Serangan Psikologis & Sindiran,manusia pedo tuh mati aja,manusia² pedo tuh mati aja
Serangan Psikologis & Sindiran,ka jgn mati aja sih,"boleh ka, jgn mati aja sih"
Serangan Psikologis & Sindiran,istril kontol mati aja binatang,istril kontol mati aja sana binatang
Serangan Psikologis & Sindiran,halah ngentot emang lu hetero gak normal tuh temen lu tuh monyet nyebarin sakit anak perempuan goblok mati aja lu anjing hetero salah idiot anak anjing,"halah ngentot, emang lu hetero juga pada gak normal kok, tuh temen lu tuh monyet, nyebarin penyakit ke anak kecil sama perempuan, goblok, mati aja lu anjing hetero itu salah, idiot anak anjing."
Serangan Psikologis & Sindiran,mati aja kau neraka,Mati aja kau di neraka
Serangan Psikologis & Sindiran,ken mati aja,pengen mati aja rasanya
Serangan Psikologis & Sindiran,team angkat nder smsm waktu umur tahun tau bgt pandang kasihan sm org org tp tau jg asa ttg kasih sayang papa krn suka bapak mati aja peluk nder isokay isokay papa paham sana,"Kita y team seangkatan nder smsm waktu umur 10 tahun. Tau bgt rasanya dipandang kasihan sm org org. Tp kurang tau jg perasaanmu ttg kasih sayang papa krn aku lebih suka bapakku mati aja  peluk jauh nder isokay isokay, papamu pasti paham kok disana"
Serangan Psikologis & Sindiran,yg ngerokok kendara mobil motor truk mending lnsg mati aja drpd bikin org celaka jalan raya abu rokok muncul statement kalo jalan pake kaca,"Apalagi yg ngerokok di kendaraan (mobil, motor, truk).
Mending kalian lnsg mati aja drpd bikin org celaka di jalan raya kena abu rokokmu!

*Paling muncul statement:
Makanya kalo di jalan pake kacanya!"
Serangan Psikologis & Sindiran,bot mati aja la kontol ga idup lo smoga idup lo gabakl tenang boto playingviktim najis kontol,boti mati aja la kontol ga guna idup lo smoga idup lo gabakl tenang boto playingviktim najis kontol
Serangan Psikologis & Sindiran,si peler alay banget babi babi pusinh ga mati aja haha,"Si peler alay banget babi babi pusinh katanya, kenapa ga mati aja sekalian haha"
Serangan Psikologis & Sindiran,suntik mati biaya ka pikir pikir hidup tua habis biaya tabung ditinggalin gitu aja mending pas uang program suntik mati aja biar keluar hidup efisien,"Kalau suntik mati biayanya berapa ka?
Saya pikir pikir hidup misalnya sampai tua, habis biaya ini itu, tabungan bakalan ditinggalin gitu aja. Mending pas uangnya cukup ikut program suntik mati aja biar pengeluaran hidup lebih efisien."
Serangan Psikologis & Sindiran,kalo stres bunuh aja bang,Kalo stres bunuh diri aja bang
Serangan Psikologis & Sindiran,gue ga bunuh aja uda keren bgt,gue ga bunuh diri aja uda keren bgt
Serangan Psikologis & Sindiran,bunuh aja lu monyetmau gue penggal kepala lu hah,"Bunuh diri aja lu monyet,mau gue penggal kepala lu sini hah?"
Serangan Psikologis & Sindiran,bunuh aja bang,bunuh diri aja bang
Serangan Psikologis & Sindiran,mending bunuh aja bang kasi orgtua lu,Mending bunuh diri aja bang sana kasian orgtua lu
Serangan Psikologis & Sindiran,gw bunuh aja gak jg gw,"gw bunuh diri aja, gak guna jg gw"
Serangan Psikologis & Sindiran,hama dunia bunuh aja dek,Hama dunia bunuh diri aja sana dek
Serangan Psikologis & Sindiran,penyepong rezim mending mati bunuh aja sih lo gua,penyepong rezim mending mati bunuh diri aja sih lo kata gua
Serangan Psikologis & Sindiran,ga gua bunuh aja,apa ga lebih baik gua bunuh diri aja?
Serangan Psikologis & Sindiran,gua nggak tau gubernur malu gua saranin bunuh aja dah,"gua nggak tau siapa gubernurnya. tapi kalau masih punya malu, gua saranin bunuh diri aja dah "
Serangan Psikologis & Sindiran,ku trump netanyahu bunuh aja,"Menurut ku, lebih baik Trump sama Netanyahu bunuh diri aja"
Serangan Psikologis & Sindiran,kalo gue bunuh aja sih hsksjshs,KALO GUE BUNUH DIRI AJA SIH HSKSJSHS
Serangan Psikologis & Sindiran,ayat larang bunuh aja isi allah sayang,"Ayat larangan bunuh diri aja isinya ""Allah sayang kamu"""
Serangan Psikologis & Sindiran,ngarep kalo jo muncul rsj bunuh aja gara ga nerima nyata tolak ian kalah tj,Aku ngarep nya kalo jo muncul antara dia masuk rsj atau ya bunuh diri aja sekalian gara2 ga nerima kenyataan ditolak ian & kalah sama tj
Serangan Psikologis & Sindiran,nggak hindar marital rape bunuh muncul rasarasa cabul ambil pisau bunuh aja ,Nggak. Untuk menghindari marital rape kalian harus bunuh diri. Jadi setiap muncul rasa-rasa cabul langsung ambil pisau dan bunuh diri aja ya ^____^
Serangan Psikologis & Sindiran,emang binatang lakilaki kalo gak kontrol nafsu mending mati bunuh aja gihhh itungitung ngurangin populasi,"Emang binatang, laki-laki kalo gak bisa kontrol nafsu mending mati bunuh diri aja gihhh. Itung-itung ngurangin populasi."
Serangan Psikologis & Sindiran,tri lu ga bunuh aja keren gue,"trian lu ga bunuh diri aja keren menurut gue 
#BCWIsAboutToEndEps195"
Serangan Psikologis & Sindiran,bijak mutih yg gue gak suka kalo pns tes cpns angkat aja pegawai gak guna,"Kebijakan pemutihan dia yg gue paling gak suka. Kalo mau jadi PNS ya tes CPNS, ini asal angkat aja akhirnya tambah pegawai2 gak berguna"
Serangan Psikologis & Sindiran,gak anak nanggung beban rumah anak gak guna anak bontot gantiin peran anak tulang punggung,"Gak semua anak pertama nanggung beban di rumah, ada juga anak pertama yang gak berguna sama sekali, justru anak bontot yang gantiin  peranan anak pertama sebagai tulang punggung."
Serangan Psikologis & Sindiran,sempat nonton cdrama reborn bapak bener bikin gemes gak guna banget kakek nenek om tante ngeselin parah,"Baru berkesempatan nonton cdrama Reborn. Bapaknya bener2 bikin gemes. Jadi bapak kok gak berguna banget?? Kakek, nenek, om, dan tantenya juga ngeselin parah."
Serangan Psikologis & Sindiran,iya jgn anggap enteng bgt ah gin doang ngamuk dri entengkecil doang lu anggap gak guna bgt gimana lu dpt feedback think better twice ngmngngetik tuh,"Iya, jgn anggap enteng bgt dengan kata ah cuma segini doang ngamuk. Malah dri hal enteng/kecil ini doang lu anggap gak berguna bgt, gimana lu mau dpt feedback hal serupa? Think better twice lah kalau mau ngmng/ngetik tuh"
Serangan Psikologis & Sindiran,kuliah abai mertua mama sayang besarin kalo suami keluarga suami gak guna topang dengerin saran sesat,"kuliah, abaikan mertua begitu  mama kamu masih sayang dan mau besarin kamu, jadi kalo suami dan keluarga suami gak berguna, kamu masih ada penopang. jangan dengerin saran menyesatkan."
Serangan Psikologis & Sindiran,tukang parkir gak guna gak amanah,Tukang parkir Gak berguna gak amanah
Serangan Psikologis & Sindiran,pilih bagus bagus ngurangin populasi manusia gak guna,"Pilihan bagus, bagus buat ngurangin populasi manusia2 gak berguna"
Serangan Psikologis & Sindiran,skill gak guna lo kuasa banget lo bangga,"Apa satu skill ""gak berguna"" yang lo kuasai banget dan lo bangga sama itu?"
Serangan Psikologis & Sindiran,gak guna,22nya gak berguna
Serangan Psikologis & Sindiran,bener nih nyoblos biji anak tuh pejuh guna ingetin nyoblos si biji gak guna gabisa bikin ngedesah sampe klimaks makan ati,"Nah, baru bener nih yang nyoblos bijinya 2 dan bisa beranak dan tuh pejuh berguna. Ingetin dia karena dia pernah nyoblos si biji 1 yang gak berguna dan gabisa bikin ngedesah sampe klimaks + makan ati"
Serangan Psikologis & Sindiran,pimpin gak guna ngebacot,"Pemimpin gak berguna, cuma bisa ngebacot"
Serangan Psikologis & Sindiran,turun diplomasi gabung perintah aja kaga wkwkwk minimal malu bayar menlu mahal gak wapresnya gak guna,"Malah yang turun diplomasi orang yang gabung pemerintahan aja kaga wkwkwk. 
MINIMAL MALU! 
Kita bayar menlu mahal tapi gak ada guna, apa lagi wapresnya lebih gak berguna lagi."
Serangan Psikologis & Sindiran,org tolol bodoh yg gak guna spt yg tahan tahan negara efek main org yg keliling hidup makmur lanjut rakyat gigit jari,Justru org tolol dan bodoh yg gak berguna spt inilah yg bakal tetap bertahan dan di pertahankan di negara. efeknya bukan main buat org yg di sekelilingnya bisa hidup makmur berkelanjutan. Rakyat? Ya cuma gigit jari
Serangan Psikologis & Sindiran,beda beda nasib beda rezeki iri dgn rezeki donk lambat suamimenikah cari lelaki yg bertanggungjawab sdh mapan mokondo cut off aja gak guna depan sprt banding nasib,"Beda orang, Beda nasib, Beda Rezeki, jangan iri dgn rezeki orang donk !
Makanya sebelum terlambat, sebelum punya suami/menikah, cari lelaki yg baik, bertanggungjawab & sdh mapan. Mokondo cut off aja, gak berguna, kedepannya akan sprt itu terus !
Jangan membanding nasib orang lain"
Serangan Psikologis & Sindiran,gak guna elu tau elu doyan bawa drama dalih lindung oshi namber wan sok banget mulut ngatain enak jidat,"Gak berguna baik lagi sama elu sejak tau elu doyan bawa drama dengan dalih pelindung oshi namber wan.

Sok banget mulutnya ngatain orang seenak jidat."
Serangan Psikologis & Sindiran,kau pikir serang orientasi seksual pakai narasi queerfobik bikin takut lakilaki cishet kayak kau anggur gak guna gak level,"Kau pikir dengan menyerang orientasi seksual, pakai narasi queerfobik, bisa bikin takut? Laki-laki cishet kayak kau pengangguran, gak berguna, gak selevel."
Serangan Psikologis & Sindiran,engga suka kasih bunga gak guna soalnyaa,"aku engga suka dikasih bunga, gak berguna soalnyaa "
Serangan Psikologis & Sindiran,tuh aparat desa negara gak guna bang lo rekam viralin biar rujak netizen ampuh,"Sekarang tuh aparat desa & negara gak berguna bang. Lo rekam, viralin, biar dia di rujak netizen. Itu cara paling ampuh "
Serangan Psikologis & Sindiran,kek lu engga celah gw aja inget banget gw kuliah ngerantau lu vokal ngecela gw bilang nyusahin ortu buang buang duit karma anak lu lu,"Kek lu engga pernah mencelah gw aja. Inget banget gw kuliah ngerantau lu paling vokal ngecela gw di bilang nyusahin ortu, buang buang duit. Ya mungkin ini karma ke anak lu karena dulu lu begitu"
Serangan Psikologis & Sindiran,bodoh gak hitung nyusahin plis dah cewe yg kek gin gausah lu naek motor mending pake ojol dah lu,"BODOH, GAK PUNYA PERHITUNGAN DAN NYUSAHIN ORANG. Plis dah cewe2 yg kek gini gausah lah lu naek motor, mending pake ojol dah lu pada."
Serangan Psikologis & Sindiran,allah ken kuliah sampe selesai kasih kerja proper dikelilingin gak nyusahin aamiin allah,"Ya allah pengen lanjut kuliah sampe selesai, dikasih kerjaan yang proper, dikelilingin orang"" baik, gak nyusahin orang""..
AAMIIN YA ALLAH"
Serangan Psikologis & Sindiran,ntar jatuh nyusahin,Ntar kalau jatuh nyusahin orang sekitar
Serangan Psikologis & Sindiran,mending warung bapak aja deh kasih uang harga normal ga tenang bgt nyusahin rejeki org,"mending balik ke warung bapaknya lagi aja deh, aku kasih lagi uang harga normalnya, ga tenang bgt nyusahin rejeki org"
Serangan Psikologis & Sindiran,nyusahin bgt sih bel yg,"nyusahin bgt sih bel, dikira L sendiri yg punya masalah?"
Serangan Psikologis & Sindiran,popular sih anak gamau nyusahin,"ini popular sih ya, tapi sebagai anak pertama kita paling gamau nyusahin orang lain"
Serangan Psikologis & Sindiran,susah kerja nyusahin,Orang susah kerjanya nyusahin orang lain
Serangan Psikologis & Sindiran,astaghfirullah knp nyusahin si,Astaghfirullah knp dia nyusahin orang banyak si
Serangan Psikologis & Sindiran,bank pinjol biar usaha drpada nntinya nyusahin sender keluarga tega jahat,"selama masih ada BANK dan PINJOL biarkan mereka berusaha sendiri drpada nntinya malah nyusahin sender dan keluarga. ini bukan tega atau jahat, tapi TEGAS!"
Serangan Psikologis & Sindiran,temennya yg cwe asik gerbong cwonya ga bgt bjir edan nyusahin bgt deym,"Temen2nya yg cwe asik2 di gerbong ini, tapi cwonya ga bgt bjir edan nyusahin bgt deym"
Serangan Psikologis & Sindiran,kocak anjir nikah nyusahin wkwkwk,kocak anjir  dia nikah buat nyusahin diri sendiri wkwkwk
Serangan Psikologis & Sindiran,bang pengaruh rokok loh iya gak nyusahin,"Tapi bang, pengaruh rokok itu bukan cuma buat sendiri loh. Apa iya gak nyusahin orang"
Serangan Psikologis & Sindiran,nyusahinnya tuu rill nyusahin banget asu,nyusahinnya tuu rill nyusahin banget asu
Serangan Psikologis & Sindiran,tolak aja sih ngerasa ga nyusahin disusahin ngerasa ga tolak aja,"Harusnya langsung tolak aja sih, jangan ngerasa ga enak. Dia yang nyusahin, kenapa yang disusahin yang ngerasa ga enak. Tolak aja lain kali"
Serangan Psikologis & Sindiran,dipikirpikir ngapain galau gue cewe ga nyusahin ga matre ga mandang fisik ekonomi gue mantap anjirrr,"setelah dipikir-pikir ngapain galau, gue jadi cewe ga nyusahin, ga matre, ga mandang fisik apalagi ekonomi. GUE MANTAP ANJIRRR!!"
Serangan Psikologis & Sindiran,moga hiduplu susah lu nyusahin karna lu ngerusak imej,semoga hiduplu susah terus sebagaimana lu nyusahin orang2 karna lu ngerusak imej  tersebut
Serangan Psikologis & Sindiran,ga nyusahin hama,ga nyusahin lagi tapi hama
Serangan Psikologis & Sindiran,udah jelek susah nyusahin lu sampah,Udah jelek susah nyusahin orang lain lu sampah
Serangan Psikologis & Sindiran,lu mending mati aja deh ajak temen bot lu bener ye sampah manusia lu,Lu mending mati aja deh ajak temen2 boti lu. Bener2 ye sampah manusia lu
Serangan Psikologis & Sindiran,gw sih mending mati ngelawan jajah,Gw sih mending mati ngelawan penjajah
Serangan Psikologis & Sindiran,anak gagal pasang gagal gagal gagal mending mati aja bro ga guna hidup,"@UzerNovandhikaa
 jadi anak gagal, jadi pasangan gagal, jadi diri sendiri gagal, bahkan gagal semua. mending MATI aja bro, ga berguna hidup juga "
Serangan Psikologis & Sindiran,usaha anjeng muka sok polos asu tua bangka mending mati aja,Perusahaan nya sendiri lagi anjeng2 muka nya sok polos lagi asu tua Bangka mending mati aja
Serangan Psikologis & Sindiran,gun to your head mending mati muda surga umur akpol,gun to your head mending mati muda tapi masuk surga apa panjang umur tapi masuk akpol
Serangan Psikologis & Sindiran,ngasih tugas sore deadlinenya malem pas libur mending mati aja ngentot,orang yang ngasih tugas sore terus deadlinenya malem pas liburan mending mati aja ngentot
Serangan Psikologis & Sindiran,better lu mending mati aja sih,Better lu mending mati aja sih.
Serangan Psikologis & Sindiran,lu ngedukung ojolterus nyalahin baju kakanya mending mati dah lu sono kesel banget gue,"Lu pada yang masih ngedukung itu ojol,terus nyalahin baju kakanya lah mending mati dah lu sono.
Kesel banget gue."
Serangan Psikologis & Sindiran,kalo emang ngeluarin rb bayar makan pas first date aja ga harap cowo bayarin mending mati aja sih miskin larang pacar emis,"Kalo emang ngeluarin 250rb buat bayar makanan sendiri pas first date aja ga bisa (dan masih berharap cowo buat bayarin) mending mati aja sih

Orang miskin dilarang buat pacaran, apalagi pengemis "
Serangan Psikologis & Sindiran,mending mati suri,mending mati suri
Serangan Psikologis & Sindiran,cowok dewasa mending mati ga rokok,"Tapi sebagian besar cowok dewasa, 70,5%, lebih mending mati daripada ga merokok"
Serangan Psikologis & Sindiran,kemaren gw lg nganggur diomelin suruh cari udh diomelin jarang rumah mending mati aja deh gw kaya ga ngerepotin gada yg peduli,"kemaren gw lg nganggur diomelin disuruh cari kerja, sekarang udh kerja diomelin karena jarang dirumah. mending mati aja deh gw kayanya, enak ga ngerepotin siapa"". gada yg peduli ini"
Serangan Psikologis & Sindiran,wtf idol kpop rumah gedong lelucon kalo lu gak tau kpop mending mati aja bro asbun,Wtf? Idol k-pop punya rumah gedongan? Lelucon macam apa ini  kalo lu gak tau apa apa soal kpop mending mati aja bro dari para asbun 
Serangan Psikologis & Sindiran,ga fandom ga toxic sayang waktu suga wamil keti carat mending mati aja lu anggap fandom waktu member bts wamil lu koar seola pakar wamil mana gen wamil,"Ga ada fandom yang ga toxic sayangku, waktu Suga belum wamil terus ada ketikan carat yang ""mending mati aja"" itu lu anggap fandom apa? Waktu member bts belum wamil terus lu pada koar seola² pakar wamil itu kalian dimana sekarang saat ada dari gen 3 yang belum wamil?"
Serangan Psikologis & Sindiran,wasik tolol mending mati aja lu brengsek,wasik tolol mending mati aja lu brengsek
Serangan Psikologis & Sindiran,kalo mati mah mending mati,kalo bisa mati mah aku mending mati
Serangan Psikologis & Sindiran,si jukik nnti hapus akun,Si jukik tiba2 nnti hapus akun
Serangan Psikologis & Sindiran,ken hapus akun,Pengen hapus akun ini....
Serangan Psikologis & Sindiran,jasa hapus akun fb kak hack mantan kontak no hp email pulih ambil milik akun asli akun fb foto milik,"jasa hapus akun fb kak, ini di hack mantan dan semua kontak no hp atau email untuk pemulihan diambil semua, tapi ini pemilik akun asli nya dan di akun fb itu banyak foto pemilik juga"
Serangan Psikologis & Sindiran,galau yap hapus akun twitter yg fanfic buat lost spark malu liat tulis sisi serpih bahagia ku gak tau diemin kangen moots nya,"Galau yap! mau hapus akun twitter yg khusus fanfic buatan aku  i lost spark dan malu liat tulisan lama, tapi disisi lain, itu serpihan yang pernah jadi bagian kebahagiaan ku  mau balik lagi gak tau kapan. Diemin, yang ada kangen terus, apalagi moots²nya mereka baik."
Serangan Psikologis & Sindiran,blok hapus akun,diblok atau hapus akun dia)
Serangan Psikologis & Sindiran,ka nanya hapus akun via aplikasi aja surat bukti lunas aman sistem app sebenernya hapus akun kalo wajib yg bayar gabisa tetep,"Ka mau nanya, hapus akun via aplikasi aja tanpa minta surat bukti lunas aman? Kemudian secara sistem app sebenernya hapus akun kalo masih ada kewajiban yg harus dibayar itu pasti gabisa atau tetep bisa?"
Serangan Psikologis & Sindiran,oke dilunasin mak gua hapus akun dr apk pinjol hapus akun verifikasi muka mak gua coba lab brrti sistem verifikasi muka lu jelek tolol pake muka aja kontol,oke dilunasin setelah itu mak gua mau hapus akun dr apk pinjol dan hapus akun pun ada verifikasi muka dan mak gua coba lab dan bisa.. brrti sistem verifikasi muka lu jelek tolol pake muka siapa aja bisa kontol
Serangan Psikologis & Sindiran,open jasa jasa hapus akun hack sadap balikin akun lupa sandi lacak lokasi by no hpimei email lacak lokasi hp hilang jasa hack waigtwitterfbtiktokemail pulih akun game hack back,"OPEN JASA
JASA HAPUS AKUN HACK ATAU SADAP
BALIKIN AKUN LUPA SANDI
LACAK LOKASI BY NO HP/IMEI ATAU EMAIL
LACAK LOKASI HP HILANG 
JASA HACK ( WA,IG,TWITTER,FB,TIKTOK,EMAIL )
PEMULIHAN AKUN GAME / HACK BACK 
 #zonauang #zonajajan??"
Serangan Psikologis & Sindiran,jasa hapus akun facebook waktu sd lupa data,jasa hapus akun facebook lama dong (waktu sd)  lupa data #zonauang #zonaba #zonajajan
Serangan Psikologis & Sindiran,gua hapus akun bumble kaya sih berbulanbulan gua main tu aplikasi,"waktunya gua hapus akun bumble, kaya buat apa sih berbulan-bulan ini gua main tu aplikasi"
Serangan Psikologis & Sindiran,suruh arnold hapus akun tik tok plis,Suruh arnold hapus akun tik tok nya plis
Serangan Psikologis & Sindiran,bro ketar tir sampe hapus akun kah akun blok,Bro dia ketar ketir sampe hapus akun kah? Apa akunnya di blok
Serangan Psikologis & Sindiran,kerna kemarin ga hapus akun gw rusak,Kerna kemarin ada yang buat ga terus di hapus akun gw jadi rusak
Serangan Psikologis & Sindiran,kak bantu hapus akun dep,halo kak saya bisa bantu hapus akun ya ^dep
Serangan Psikologis & Sindiran,gw hapus akun stelah meet,akan gw hapus akun itu stelah meet nanti
Serangan Psikologis & Sindiran,apresiasi kakak kakak tepuk eos rela ga hapus akun abis lakuin,"Aku apresiasi kakak kakak yang mau tepuk eos, mereka rela ga hapus akun nya abis lakuin itu "
Serangan Psikologis & Sindiran,bhkan liat trailer gue skip adegan harry abs gue lporin sori tpi gila bgt udh mental gue,"bhkan liat trailernya gue skip ke adegan harry abs itu gue lporin, sori tpi ini gila bgt, udh kena mental gue"
Serangan Psikologis & Sindiran,gak worth baik fokus hadap deket kek gin uras energi jujur ikut mental manusia layak cinta cinta,"bukan gak worth, tapi ada baiknya mereka fokus ke diri sendiri dulu. aku pernah hadapi dan deket sama orang kek gini, cukup menguras energi dan jujur rasanya jadi ikutan kena mental. semua manusia layak dicintai kok, asalkan dirinya bisa mencintai diri sendiri dulu."
Serangan Psikologis & Sindiran,mental,Kena mental
Serangan Psikologis & Sindiran,agz doang yg bikin gw patah hati mental dunia halu pedih banget sial,Agz doang yg bisa bikin gw patah hati dan kena mental di dunia halu. Pedih banget sialan.
Serangan Psikologis & Sindiran,iya nad allah mental nonton gajelas arah mana,IYA NAD YA ALLAH KENA MENTAL AKU NONTON YA GAJELAS ARAHNYA KEMANA 
Serangan Psikologis & Sindiran,kalo ketemu pejabut erti sih dibeliin makan ngelembur beliau bantu kalo pejabutnya nyebelin udah mau anti komunikasi staff beuh aja mental,"Kalo ketemu pejabut yang pengertian sih dibeliin makanan, bahkan ikut ngelembur, beliaunya ikut bantu. Tapi kalo pejabutnya nyebelin, udah maunya banyak, anti komunikasi sama staff, beuh siap siap aja kena mental."
Serangan Psikologis & Sindiran,introvert dp mental,introvert ke dp kena mental
Serangan Psikologis & Sindiran,mental gw ga baca danmei yg gong maki shou ketemu syq yz gblk ah,kena mental gw ga pernah baca danmei yg gong nya maki2 ke shou baru kali ini ketemu syq sama yz gblk ah
Serangan Psikologis & Sindiran,panutan lu udh mental wkwkw,"@Versntappen
 panutan lu udh kena mental wkwkw"
Serangan Psikologis & Sindiran,si arab pas dibecandain iq mem mental ngab smpe depressi cenah sikolognya,Itu si arab pas dibecandain iq lewat mem kena mental juga ngab smpe depressi cenah kata sikolognya
Serangan Psikologis & Sindiran,kayak mental smf introvert,Justru kayaknya dia kena mental di smf makanya jadi introvert 
Serangan Psikologis & Sindiran,halah fun reading gak funfun bikin mental baca mending bikin pekob aja,"Halah fun reading yang gak ada fun-fun nya, malah bikin kena mental yang baca  Mending bikin pekob aja"
Serangan Psikologis & Sindiran,bingung kak gue ikut mental senyumin aja,Karena bingung kak. Gue ikutan kena mental soalnya jadi senyumin aja
Serangan Psikologis & Sindiran,tolong obat gue mental banget gue,"Tolong obati gue, kena mental banget gue ini"
Serangan Psikologis & Sindiran,runtuh mental militer kaisar jepang perang panjang meminimalisir korban belah jepang gak kenal serah kalo ngga mental ngga henti perang,"1) ""benar"" karena langsung meruntuhkan mental militer dan kekaisaran jepang, perang tidak berkepanjangan dan meminimalisir korban kedua belah pihak

jepang yang gak kenal kata menyerah, kalo ngga dibuat kena mental ngga bakal berhenti perang"
Serangan Psikologis & Sindiran,anak satu bawa psikolog anak udah mental sampe ken mati biar jera aja,"bolehlah itu anak yang satunya dibawa ke psikolog, anak yang ini udah kena mental sampe pengen mati biar pada jera aja"
Serangan Psikologis & Sindiran,main beckham hujat main wcq main bagus ga yg hujat komen sananta inti persib kalo lu main bagus aman kalo main jelek hujat netizen timnas sesimple,"belum main? lah Beckham dihujat kan itu saat main di WCQ, ini dia main bagus ga ada yg hujat.
kali ini justru pada komen Sananta, intinya bukan soal Persib, kalo lu main bagus ya aman, kalo main jelek ya dihujat.

netizen timnas sesimple itu  "
Serangan Psikologis & Sindiran,hujat netizen udah ngeles maaf loe taik,"Dihujat netizen udah beberapa hari masih ngeles, akhirnya minta maaf juga loe 
@KPK_RI
 taik"
Serangan Psikologis & Sindiran,moon lovers mah kalo reuni gak ngarepin sbs sbs loh anak tiri moon lovers wkwkwk seinget gua best couple kalo gak hujat netizen sempet gak nominasi kalo reuni mending ius palette septembernovember,"Moon lovers mah kalo mau reunian gak bisa ngarepin sbs.
Sbs loh menganak tirikan Moon Lovers wkwkwk
Bahkan seinget gua best Couple pun kalo gak dihujat netizen sempet gak masuk nominasi.

Kalo mau reunian mending di IU's Palette bulan september/november nanti"
Serangan Psikologis & Sindiran,pagi casting news plus photoismmm malem hujat netizen gapapa sumpisss,"Pagi casting news plus photoismmm

Malem dihujat netizen gapapa sumpisss"
Serangan Psikologis & Sindiran,gw hujat netizen ngomong gitu gw boros buy the service angkot because no such thing as good service supir angkot,Gw pernah dihujat netizen karena ngomong gitu. Menurut gw agak pemborosan untuk buy the service dari angkot because no such thing as good service dari supir angkot.
Serangan Psikologis & Sindiran,yg bikin nang tu org kaya ken hujat netizen deh,siapa yg bikin nangis ?? tu org kaya pengen dihujat netizen deh
Serangan Psikologis & Sindiran,gak hujat netizen kah,Gak bakal dihujat netizen kah? 
Serangan Psikologis & Sindiran,nantangin bro gara video hujat netizen org npd kaya gin hujat nantangin,"Dia nantangin bro, gara2 video sebelumnya dihujat netizen.
Org NPD kaya gini makin dihujat makin nantangin."
Serangan Psikologis & Sindiran,si ojol yg hujat netizen si bot,"si ojol ya,, tapi yg dihujat netizen si boti nya"
Serangan Psikologis & Sindiran,joget otak taroh sampahketika hujat netizen ambil lagikurang guoblog gimana coba,"Saat joget"" Otaknya di taroh di tempat sampah,ketika dihujat netizen diambil lagi,kurang Guoblog gimana coba,#CenAsuTenan"
Serangan Psikologis & Sindiran,proyek apbn flexing hujat netizen proyek henti playing victim eskalasi cepat banget,"Dapat proyekan apbn, flexing, dihujat netizen, proyek dihentikan, playing victim.

Eskalasinya cepat banget."
Serangan Psikologis & Sindiran,please deh klo kasih alas yg rasional dikit jng ngawur gin babak bur hujat netizen,"Please deh 
@KPK_RI
 klo kasih alasan yg rasional dikit lah, jng ngawur gini malah makin babak belur dihujat netizen."
Serangan Psikologis & Sindiran,alina dadak hamil panik takut branding sosial media noda takut hujat netizen endorse kurang sisi milik anak,Tetapi suatu ketika Alina mendadak hamil dan keduanya pun menjadi panik. Mereka takut branding mereka di sosial media akan ternodai dan takut dihujat netizen serta endorse pun akan berkurang. Disisi lain mereka memang tidak siap untuk memiliki seorang anak.
Serangan Psikologis & Sindiran,novel lu direview neh siapsiap hujat netizen,"Novel lu direview neh siap-siap dihujat netizen 
@burninginnoise"
Serangan Psikologis & Sindiran,yaudahlah mwndingan penjara puas bunuh sakit hidup penjara gak buruk buruk tinggal suami model yg polisi adil hujat netizen,"Yaudahlah, mwndingan dipenjara, sudah puas juga bunuh penyakit di hidupnya, dipenjara juga gak buruk2 amat, lebih buruk lagi tinggal sama suami model begitu. Nah yg kena pasti Polisi dan Pengadilan nya, dihujat netizen pasti"
Serangan Psikologis & Sindiran,alas sederhana hujat netizen,Alasannya sederhana : karena dihujat netizen
Serangan Psikologis & Sindiran,dak hujat netizen posting yg urus mbg,Kalau dak mau dihujat netizen jangan di posting yg berurusan dengan MBG
Serangan Psikologis & Sindiran,knp erspo gen yg hujat netizen si sadad erspo knp ga pssi yg hujat,Knp erspo gen 1 yg dihujat netizen si sadad erspo??? Knp ga pssi yg dihujat saat itu???
Serangan Psikologis & Sindiran,kelas netizen korea aja nang hujat netizen indonesia ompreng mbg sok sok nantangin,"sekelas netizen Korea aja nangis dihujat netizen Indonesia, ini ompreng MBG sok Sokan mau nantangin"
Serangan Psikologis & Sindiran,posting heboh viral hujat netizen salah awak mana,"Dia yang posting ,dia yang heboh setelah viral dan dihujat netizen. 
Salah awak dimana ? "
Serangan Psikologis & Sindiran,asli jgn dibully yak ane kaga tau skali si amanda zahra tu kek bgt fansnya,"asli jgn dibully yak, ane kaga tau sama skali si Amanda Zahra tu siapa, keknya banyak bgt fansnya"
Serangan Psikologis & Sindiran,dibully kak,Jangan dibully kak 
Serangan Psikologis & Sindiran,dibully teman gak,Dibully temannya gak ya ? 
Serangan Psikologis & Sindiran,kayak gni pantes dibully serang si gendut jahanam yg mangsa polisi,Orang kayak gni pantes dibully. Serang si gendut jahanam yg akan jadi pemangsa di kepolisian
Serangan Psikologis & Sindiran,dibully abangan mpl wkwk,"dibully abang""an mpl wkwk"
Serangan Psikologis & Sindiran,gin yah guys bentuk yg hina tetap manusia ada manusia yg terima dibully caci maki umum alas dibully karna bti wajar lawan,"Gini yah guys, bagaimana pun bentuknya, yg kalian hinakan itu tetaplah manusia. Dan adakah manusia yg terima dibully, dicaci maki di tempat umum?. Jika alasannya dibully karna mereka bti. Tentu wajar mereka melawan."
Serangan Psikologis & Sindiran,mind you pas gua ngelaporin gua dibully bilang ngelawan pas udah gua lawan ampe pelipis gua sobek gua yg salah,"Mind you pas gua ngelaporin gua dibully dia bilangnya, ""kenapa kamu g ngelawan?"" Pas udah gua lawan ampe pelipis gua sobek malah gua lagi yg salah"
Serangan Psikologis & Sindiran,film bagus loh meranin snape si alan rickman lekat banget tiba ganti adegan dibully si snape,"Padahal di filmnya bagus loh yang meranin snape si alan rickman, melekat banget tiba² ganti... mana bakal ada adegan dibully pula si snape"
Serangan Psikologis & Sindiran,tinggal rumah si laki laki gamau rumah mertua si perempuan situ dibully wkwkwkwk,"Tinggal di rumah si laki2, laki2 nya gamau di rumah mertuanya. Dan si perempuan ini disitu malah dibully terus wkwkwkwk"
Serangan Psikologis & Sindiran,kemarin liat ngejokes anggep intensional snape yg black ppl dibully,"kemarin aku liat orang orang malah ngejokes dan anggep ""ini intensional ya buat snape yg black ppl dibully"" "
Serangan Psikologis & Sindiran,sebel banget ga sihh ga bayang adegan snape dibully the marauder,"Sebel banget ga sihh, ga kebayang adegan snape dibully the marauder"
Serangan Psikologis & Sindiran,sy saking kesalx dibully gk semgaja wajahx hidungx darah,dulu sy saking kesalx dibully gk semgaja pukul wajahx sampai hidungx berdarah .
Serangan Psikologis & Sindiran,diawarga desa gak kasih tau kalo bapak hokage warga takut waswas kalo enggak tau naruto bapak gak dibully segitunya jabat konoha protektif gak ditangkep aktsuki,"Bahkan dia/warga desa gak dikasih tau kalo bapaknya dia dulu hokage. 

Warga boleh takut & waswas tapi kalo seenggaknya tau naruto siapa & bapaknya siapa, pasti gak akan dibully segitunya

& pejabat konoha harusnya lebih protektif supaya gak ditangkep aktsuki"
Serangan Psikologis & Sindiran,power moratti bang saking sakti hobi liat tim puasa gelar dibully rival tahun tahun gak logika emang pola pikir moratti,"Lebih punya power Moratti lah bang,

Saking saktinya, dia hobi liat tim nya puasa gelar & dibully rival bertahun tahun. Gak masuk logika emang pola pikir Moratti."
Serangan Psikologis & Sindiran,sukurin salah minoritas udah minoritas dibully pindah aja israel,Sukurin.. salah sendiri Minoritas.. udah minoritas dibully lagi.. pindah aja ke Israel.. 
Serangan Psikologis & Sindiran,oiya yg nolong pas dibully ino pas gede sakura nganggap ino rival ngerebutin sasuke emng ngelunjak pas dah ditolongin ehh nikung temennya,"Oiya, dan siapa yg nolong dia pas dibully? Ino. Pas mulai gede sakura nganggap Ino apa? Rival ngerebutin Sasuke. Emng ngelunjak padahal pas kecil dah ditolongin ehh... Malah nikung temennya"
Serangan Psikologis & Sindiran,betull ga dibully lohhh,"betull, ga dibully lohhh"
Serangan Psikologis & Sindiran,gak dibully loh,gak dibully loh
Serangan Psikologis & Sindiran,pansos yg difollow gaperlu posting ga sii orgorg yg sound dipake gaperlu post sampe ga sii,"Kalau pansos harusnya yg difollow gaperlu posting ga sii, dan orgorg yg d atau sound ya dipake gaperlu post sampe beberapa kali ga sii"
Serangan Psikologis & Sindiran,jungkook pansos entar endak follow ngemis nyuru follow wkwwkw,Jungkook pansos ? Entar endak di follow ngemis2 nyuru follow wkwwkw
Serangan Psikologis & Sindiran,jeon jeongguk pansos are kidding mee global pop star dikatain pansos ketawa banget,"Seorang Jeon Jeongguk PANSOS??? ARE U KIDDING MEE?
Global pop star dikatain pansos, ketawa banget "
Serangan Psikologis & Sindiran,pansos fans idol lo noh senang follow jungkook ngpin pansos followers jungkook,"Pansos"" fans idol lo noh senang di follow jungkook ngpin juga pansos followers Jungkook juga sebanyak itu"
Serangan Psikologis & Sindiran,buahahah tau aja si wibu bau jungkook bgt shipin idol cewek dihhh kata pansos nama kalo jelema belegug,"Buahahah belum tau aja si wibu bau jungkook sering bgt di ship-in idol cewek mereka2 dihhh dikata pansos apa namanya kalo bukan

jelema belegug"
Serangan Psikologis & Sindiran,jungkook pansos,jungkook???? pansos?????
Serangan Psikologis & Sindiran,bener aja idol daesang all kill kata pansos,yang bener aja idol dengan daesang lebih dari 70 dan all kill terbanyak dikata pansos
Serangan Psikologis & Sindiran,anjg emang gin yg bikin males tuh mikir aja deh yakali jungkook pansos kek dihh yaampun,"KAN ANJG, emang gini yg bikin males tuh, mikir aja deh yakali seorang JUNGKOOK pansos kek dihh yaampun"
Serangan Psikologis & Sindiran,lebay pas romeny cetak gol pas lino udah akun fifa pansos timans,"Lebay dulu pas romeny cetak gol juga begitu, pas lino juga. Udah biasa kali akun fifa pansos ke timans"
Serangan Psikologis & Sindiran,brrti pansos lu yaa wkwk,Brrti ini yang pansos lu yaa wkwk
Serangan Psikologis & Sindiran,kak barusan bilang jungkook pansos follow artis,"kak, barusan aku lihat ada yang bilang jungkook pansos karena follow banyak artis"
Serangan Psikologis & Sindiran,hahhhhh pansos ama,Hahhhhh? Pansos ama siapa?
Serangan Psikologis & Sindiran,dih kalo dibandingin views idol lu kalah pansos anjirr,"dih kalo dibandingin views idol lu pasti juga kalah, di bagian mana pansos nya anjirr"
Serangan Psikologis & Sindiran,anjing bgt teh jeon jungkook dikatain pansos wkwk,"anjing bgt teh
seorang jeon jungkook dikatain pansos wkwk"
Serangan Psikologis & Sindiran,wkwkwk hati ketar tir adek goreng bilang pansos komedi,"Wkwkwk
Padahal dalam hati malah ketar ketir adek digoreng sana sini, malah dibilang pansos 
Komedi apalagi ini"
Serangan Psikologis & Sindiran,ngakak banget jungkook dikatain pansos,Ngakak banget Jungkook dikatain pansos 
Serangan Psikologis & Sindiran,aura bot kuat bgt ajg pacar gue katain pansos model kek,Aura boti nya kuat bgt ajg pacar gue di katain pansos sama modelan kek dia
Serangan Psikologis & Sindiran,jungkook pansos ak,kapan ya jungkook pansos ke ak
Serangan Psikologis & Sindiran,bejirorang kenal jk bilang pansos gegara follow leader onoh lawak lawak,"bejir,orang seterkenal JK dibilang pansos gegara follow leader onoh?? lawak lawak"
Serangan Psikologis & Sindiran,sender fandom belah yg sok asik ngajak twice,soalnya sender fandom sebelah yg sok asik ngajak twice
Serangan Psikologis & Sindiran,kemarin mbak mbak manajemen sok asik komentar pas pake sunscreen yes just sunscreen pake blush on dehhh ku balas lantang apasih mbak sok asik wkkwwk shock,"Kemarin ada mbak mbak dari bagian manajemen sok asik komentar pas aku lagi pake sunscreen. Yes just sunscreen

""Pake blush on sekalian dehhh""

Ku balas dengan lantang

""Apasih mbak sok asik"" wkkwwk orang nya shock."
Serangan Psikologis & Sindiran,amann sok asik,"amann, aku juga sok asik"
Serangan Psikologis & Sindiran,normalisasi model mba gin pentung aja gausah sok asik sok lucu sok mememew sok ngartis sok viral sok gaul org gaya,"Normalisasi orang2 modelan mba nya gini, dipentung aja kali ya. Gausah sok asik, sok lucu, sok mememew, sok ngartis, sok paling viral, sok gaul lah. Masing2 org punya gaya sendiri."
Serangan Psikologis & Sindiran,akun emang sok asik kaya gak deh tweetnya nyebelin gin situ aja udah kasih tau gak ngumbar aib keras kepala banget kalo gak salah gua block annoying lucu kagak,"Itu akun emang sok asik. Kayanya gak sekali dua kali deh tweet-nya nyebelin gini. Di situ aja udah dikasih tau supaya gak ngumbar aib, dia malah keras kepala banget kalo dia gak salah. Gua block. Annoying, lewat terus lucu kagak"
Serangan Psikologis & Sindiran,akun emang sok asik kaya gak deh tweetnya nyebelin gin situ aja udah kasih tau gak ngumbar aib keras kepala banget kalo gak salah gua block annoying lucu kagak,"Itu akun emang sok asik. Kayanya gak sekali dua kali deh tweet-nya nyebelin gini. Di situ aja udah dikasih tau supaya gak ngumbar aib dia malah keras kepala banget kalo dia gak salah. Gua block. Annoying, lewat terus lucu kagak"
Serangan Psikologis & Sindiran,emg sok asik kemarin pas bikin tweet amanda brownies aja trnyata tahu blunder replies sm caption tweet emg si manda nyawer marapthon pdahal gak ufh kasi tau tpi tetep aja batu kasi bu banget kyknya si catholic,"dia emg sok asik, kemarin pas dia bikin tweet soal Amanda Brownies aja trnyata ketahuan blunder, replies2 dia sm caption tweet dia seolah2 mengatakan emg si Manda nyawer di marapthon, pdahal gak, ufh dikasi tau tpi tetep aja batu, kasian BU banget kyknya si catholic."
Serangan Psikologis & Sindiran,biarin aja sok asik,Biarin aja soalnya dia sok asik
Serangan Psikologis & Sindiran,sok asik lu bangsat,"@MeekMill
 sok asik lu bangsat"
Serangan Psikologis & Sindiran,sok asik gamau ngaku kalo salah makan coba ubah topik,Sok asik. Gamau ngaku kalo ternyata salah makannya mencoba ubah topik 
Serangan Psikologis & Sindiran,coba admin gerindra yg jek sok asik ama sembah,Coba admin gerindra yg jek begitu. Dikatakan sok asik ama penyembahnya
Serangan Psikologis & Sindiran,ga sok asik grok aduin papi elon,Ga usah sok asik ya grok. Nanti aku aduin sama papi elon
Serangan Psikologis & Sindiran,thankyouuuu moga betah teman sm akuu yess please be not surprise ak orgnya sok asik sorry,THANKYOUUUU !! Semoga betah berteman sm akuu yess ! Please be not surprise ak orgnya sok asik (sorry)
Serangan Psikologis & Sindiran,kek sok asik rt if youre relate,"rasanya kek aku sok asik ke semua orang disini .....

rt if you're relate"
Serangan Psikologis & Sindiran,senin gua rapiin akun unfoll akunakun ga aktif ga seru sok asik follow akunakun cenblue seru lucu cantik mari raih cuan bersamasama indonesia emas hijriah,"Mulai Senin gua mau rapiin akun ini. Unfoll akun-akun yang ga aktif, ga seru, dan sok asik. Dan memulai follow akun-akun cenblue seru, lucu dan cantik  Mari kita meraih cuan bersama-sama untuk Indonesia emas 2045 Hijriah"
Serangan Psikologis & Sindiran,sok asik,Sok asik
Serangan Psikologis & Sindiran,gua bilang lu so asik lu personal sih ujug ujug bilang munafik like we know each other ga tuh qrt gue ngatain personal topic starter ga lo aja jump in ga gue bilang sok asik dasar sok asik,"gua bilang lu so asik karena lu personal sih. ujug ujug bilang munafik, like we know each other? 

ada ga tuh qrt gue ngatain personal ke topic starter? kan ga. lo aja jump in ga jelas, makanya gue bilang sok asik. 

dasar sok asik"
Serangan Psikologis & Sindiran,waktu rintis suka dance orange caramel girlsday partner jhope jimin lu lu new army sok iye mentang ngestan grup pas udah sukses lupa gimana waktu rintis fandom army gak sehalu catet,"Waktu masih merintis dia suka dance orange caramel , girlsday dan partnernya ya Jhope sama Jimin dulu. Jadi buat lu lu pada new Army jangan sok iye , mentang2 ngestan grup pas udah sukses jadi lupa gimana dulu mereka waktu merintis. Fandom Army dulu gak sehalu ini, catet ya"
Serangan Psikologis & Sindiran,kuliah ndeeer modal usaha tanggung suami lu klw lu ijazah lu insya allah nolongin mertua lu sok iye bener yg nguliahin emak lu gas aja nder kuliah gw jg kuliah anak,"Kuliah ndeeer... masalah modal usaha itu tanggung jawab suami lu, klw lu mau kerja nantinya ijazah lu insya Allah bisa nolongin, mertua lu sok iye bener yg nguliahin juga emak lu, gas aja nder kuliah gw jg lagi kuliah sekarang dan kita sama ibu anak 1"
Serangan Psikologis & Sindiran,favenya nyanyiin hooligan sok iye,Favenya belum tentu bisa nyanyiin Hooligan  sok iye
Serangan Psikologis & Sindiran,sok iye bnget bjir bener cut off kakk,"sok iye bnget dia bjir, paling bener dicut off memang kakk"
Serangan Psikologis & Sindiran,rekan ngebet banget kontak ngajak kerjasama dll udah ngobrolin kerja az sok iye banget deal ehhh diucapin selamat lebaran read doang,"Aku punya rekanan, awalnya dia ngebet banget punya kontak aku buat ngajak kerjasama dll. Udah ngobrolin kerjaan A-Z, sok iye banget bakal deal. Ehhh diucapin selamat lebaran cuma di read doang "
Serangan Psikologis & Sindiran,,#NAME?
Serangan Psikologis & Sindiran,sok iye bgt najis bagus jg outfit si adek drpd elu,sok iye bgt najis bagusan jg outfit si adek drpd elu
Serangan Psikologis & Sindiran,bagus aja pdhl sok iye lu mbak,bagus2 aja pdhl.. sok iye lu mbak
Serangan Psikologis & Sindiran,udahhh manusia sok iye sok kenal sok asik sokkkk,"Udahhh, manusia sok iye sok kenal sok asik SOKKKK"
Serangan Psikologis & Sindiran,sok iye dah fans wowo bahas data debat capres ajh dy udah nyawit,Sok iye dah fans wowo bahas data padahal dulu debat capres ajh dy udah nyawit
Serangan Psikologis & Sindiran,sok iye kontol,sok iye kontol
Serangan Psikologis & Sindiran,sok iye tantang petenteng gilir kasih faham klo tindak salah balelol ngomongnya cih kliatan takut ituu ngomong jd gagu gak syg bgt korban trllu santuy minimal dkit anak trauma,Awal sok iye petantang petenteng giliran dikasih faham klo tindakan dia salah langsung balelol ngomongnya! Cih kliatan takut ituu ngomong jd gagu dan gak jelas. Syg bgt korban trllu santuy minimal ada tegasnya dkit lah mana itu ada anak kecil pasti trauma.
Serangan Psikologis & Sindiran,sok iye bnget,Sok iye bnget
Serangan Psikologis & Sindiran,mertua sok iye suami yg tanggung nafkah bener combo maut pilih yg untung km depan aja nder,Mertua sok iye + suami yg tidak menanggung nafkah bener2 combo maut. Pilih yg paling menguntungkan buat km ke depannya aja nder
Serangan Psikologis & Sindiran,sok jokes jakes jokes gen sok iye,"Sok2an jokes jakes jokes
Gen Z sok iye"
Serangan Psikologis & Sindiran,iya sih tp kek gmn pd sok iye maap,iya sih tp kek gmn ya pd sok iye *maap
Serangan Psikologis & Sindiran,mksd gue tuh lu ngapain sih vt kek gitu sok iye anjirrr,"mksd gue tuh lu ngapain sih buat vt kek gitu, sok iye anjirrr"
Serangan Psikologis & Sindiran,udah pake muka sok iye lu anjengg anjeng,Udah pake muka orang sok iye lu anjengg anjeng 
Serangan Psikologis & Sindiran,tweet harmless aja serang udah yg problematik tar kemudi putar olah army yg duluan sok suci bgt,"tweet harmless aja diserang, udah jelas yg problematik siapa, tapi tar dikemudian hari diputar balik seolah olah army yg mulai duluan  sok suci bgt "
Serangan Psikologis & Sindiran,gantung nasib kak gantung ngelamar sesuai ijazah lu sok suci taat ibadah apa gw karna usaha doa gw gw percaya tuhan,tergantung nasib kak sama tergantung u ngelamar sesuai ijazah lu. bukan sok suci taat beribadah atau apapun itu tapi gw bisa kerja karna usaha dan doa gw dan gw percaya tuhan.
Serangan Psikologis & Sindiran,circle depan sok suci wkwkwk,wah satu circle kita ya tapi didepan aku dia sok suci WKWKWK
Serangan Psikologis & Sindiran,gw heran hit tweet puluh ribu likes profil kalo ga curut arin athena pisces gabut bgt kah hidup wkwk ngehate gg lagak sok suci bah haha,"gw sampai heran hit tweet sampai puluhan ribu likes, tiap lihat profilnya ya kalo ga mereka ya curut. arin, athena, terus pisces apa itu, gabut bgt kah hidupnya wkwk. mana ngehate gg juga lagi, tapi lagaknya sok suci kali bah haha"
Serangan Psikologis & Sindiran,emang pakai tanktop ga atur ga pakai tanktop lu aurat gimana nama sange sange ga sok suci lu taik,Emang kenapa kalau pakai tanktop? Ga boleh? Ada aturannya ga boleh pakai tanktop? Jadi yang lu maksud aurat itu gimana? Orang namanya sange ya sange. Ga usah sok suci lu taik.
Serangan Psikologis & Sindiran,bikin tweet provokatif fans sih sok suci banget kek idolnya kaga pake chatgpt aja,Yang bikin tweet provokatif itu fans siapa sih?? Sok suci banget kek idolnya kaga pernah pake ChatGPT aja 
Serangan Psikologis & Sindiran,reza arap oktovian gamers ganteng idam fak citra nakal tampan yutub gue ngomongnya anjing bangsat instagram cewe cewe dekat sok suci hahaha,"reza arap oktovian gamers ganteng idaman fak pencitraan nakal tapi tampan di yutub gue ngomongnya anjing bangsat
tapi di instagram semua cewe cewe mendekat sok suci? hahaha "
Serangan Psikologis & Sindiran,bawa al quran bilang sok suci sok alim blablablamulut manusia sengklek begitualasan murtad cm islam ktp,Bawa Al Qur'an nanti di bilang sok suci sok alim bla..bla..bla..mulut manusia² sengklek kan begitu?..alasan murtad cm islam ktp...
Serangan Psikologis & Sindiran,yg suka tegur sm odol udah tegur laku fansnya msih kek setan tukang fitnah lagak kek fandom sok suci,"Itu katanya yg suka ditegur sm odolnya, udah ditegur pun tapi kelakuan fansnya msih kek setan tukang fitnah. tapi selalu berlagak kek fandom sok suci"
Serangan Psikologis & Sindiran,gausah sok suci tolol emang dasar elu suka mancing ribut cenblue tolol,"Gausah sok suci tolol, emang dasarnya elu suka mancing keributan cenblue tolol"
Serangan Psikologis & Sindiran,aja tolol fans klub ngga sok suci mending introspeksi,Sama aja. Masih banyak orang tolol di kedua fans klub itu. Ngga usah saling sok suci mending saling introspeksi
Serangan Psikologis & Sindiran,alhamdulillah tl gak panas kayak temen udh capek utk marah dmd ngeladenin dmd stanfans setan yg sok suci,Alhamdulillah TL gak terlalu panas. Kayaknya temen2 udh pada capek juga utk marah sama dmd atau ngeladenin dmd stan/fans setan yg sok suci itu
Serangan Psikologis & Sindiran,cewe cewe dekat sok suci sok suci gue ustadz,cewe cewe mendekAt sok suci sok SUCI GUE BUKAN USTADZ
Serangan Psikologis & Sindiran,alah aja dibilangin yg bener ga denger aja bandel bilang sok suci emang rame aja nyesel laku kalo ga nyesel udah selamat btw minggu yg lebaran sok suci,"Alah sama aja, dibilangin yg bener ga denger, sama aja bandel
Bilang sok suci segala, kamu emang mau rame aja, nanti ada masa kamu nyesel sendiri karena kelakuanmu
Tapi kalo kamu ga nyesel, ya udah selamat, btw baru seminggu yg lalu lebaran, jadi mau SOK SUCI"
Serangan Psikologis & Sindiran,sok suci mana kak salah kah bagi muslim jaga,sok suci dimananya kak? salah kah sebagi muslim saling menjaga?
Serangan Psikologis & Sindiran,lu sebutin fandom lakuin gausah sok suci gt blok cewe aja slutshaming namjoon langgan dihate fisik gimana tuh,"yang lu sebutin ini pun semua fandom pernah lakuin, gausah sok suci gt lah blok sesama cewe aja pada slutshaming, namjoon langganan dihate fisiknya. gimana tuh? "
Serangan Psikologis & Sindiran,elu kappir goblok nyet jgn sok pintar yg lu banggain pembantayan anak gaza yg zionist,"elu kappir goblok nyet, jgn sok pintar. 
yg lu banggain cuma pembantayan anak² gaza yg dilakukan oleh zionist"
Serangan Psikologis & Sindiran,tnipolrikejagung dllalat negara inti sok pintar sok hidup karna rakyatkamu jongos jongos selamanyatapi laku kaya negara sajamikir suuuu,"BUAT TNI/POLRI/KEJAGUNG  DLL.ALAT NEGARA INTINYA...!!
KALIAN JANGAN SOK PINTAR ,SOK PALING TAHU, WONG KALIAN HIDUP ITU KARNA RAKYAT...KAMU ITU JONGOS  DAN JONGOS SELAMANYA...TAPI KELAKUAN KAYA YANG PUNYA NEGARA SAJA...MIKIR SUUUU"
Serangan Psikologis & Sindiran,gak sok pintar diskusi pakai bahasa indonesia tibatiba tabrak pakai bahasa inggris jamin gaji jt umr jadi anak layak ukt tinggi balik anak pns insentif lanjut kuliah,"Gak usah sok pintar, diskusi awal pakai bahasa Indonesia, tiba-tiba ditabrak pakai bahasa Inggris. Jadi, jaminan gaji 2-5jt, yang pada umumnya di bawah UMR, menjadikan anaknya layak diberi UKT tinggi? Harusnya dibalik, anak PNS justru diberi insentif untuk melanjutkan kuliah..."
Serangan Psikologis & Sindiran,elo sape sok pintar nuduh buzzer syiah logika sesat,Elo sape . Sok pintar. Nuduh orang buzzer syiah dengan logika sesat.
Serangan Psikologis & Sindiran,not unpopular jd ga tau main ga sih wkwkw sok pintar aja,"Not unpopular jd ga perlu dijawab disini
Ini orang orang pada tau cara mainnya ga sih wkwkw
Apa cuma mau sok pintar aja"
Serangan Psikologis & Sindiran,ente bedebat kusir ilmu ga sok pintar dasar kafir bahlul,Ente pun bedebat kusir. Ilmu ga ada tapi sok pintar. Dasar kafir bahlul
Serangan Psikologis & Sindiran,mah sok pintar aja pimpin cewe cowo anak,"Itu mah lagi sok pintar aja, pemimpinnya memang cewe sama cowo beranak."
Serangan Psikologis & Sindiran,si tifa inget teman kampus sy sok pintar nol,Lihat si Tifa... Inget teman kampus sy... Sok pintar tapi nol.
Serangan Psikologis & Sindiran,malasss sok pintar kau emg pinter,"MALASSS 
 SOK PINTAR KAU 
 lah emg pinter"
Serangan Psikologis & Sindiran,gak ban menteri goblok yg milik bangsa bicara sok pintar tolol mimpi negara negara kembang negara maju lha jabat sperti meng expose ketololannnya,"Gak bisa dibantah inilah Menteri  Tergoblok yg dimiliki bangsa ini, bicaranya dibuat2 seolah2 sok pintar padahal tolol..!

Janganlah mimpi negara ini akan jadi negara berkembang apalagi negara maju, lha pejabatnya  sperti ini dia meng expose ketololannnya sendiri.."
Serangan Psikologis & Sindiran,amat abal yg sok pintar,Pengamat abal2 yg sok pintar
Serangan Psikologis & Sindiran,ga hitung sok pintar lu ngurus negarangurus dompet lu aja ga becus,"Cuma? ga perlu hitungan? sok pintar lu mau ngurus negara,ngurus dompet lu sendiri aja ga becus "
Serangan Psikologis & Sindiran,otak batas baca kulit ari gak sok pintar,"Otak mereka sebatas membaca kulit ari gak sampai dalam, jadi ya sok pintar"
Serangan Psikologis & Sindiran,maling besi aja cakap sok pintar,Maling besi aja cakap sok pintar
Serangan Psikologis & Sindiran,ilmu pancing sjw sjw sok pintar,ilmu memancing sjw sjw sok pintar
Serangan Psikologis & Sindiran,gue blok sekolah sok pintar,Gue blok ya orang yang tidak pernah sekolah tapi sok pintar
Serangan Psikologis & Sindiran,basically sandang pangan papan aman fasilitas negara tinggal mikir majuin negara klo fomo pick me kirim aja selat hormuz ajar nunggang onta ngangon kebo moga nalar terbonta buka survive alam,"Basically  Sandang, pangan, papan aman difasilitasi negara, tinggal mikir buat majuin negara

Klo masih juga FOMO & Pick Me
Kirim aja ke selat Hormuz, 
belajar nunggang onta sambil ngangon kebo, semoga nalar para ""Terbonta"" kebuka buat survive dialamnya sendiri "
Serangan Psikologis & Sindiran,apa menu bgt pick me,sama apanya? menunya?  harus bgt pick me?
Serangan Psikologis & Sindiran,lo komen kek gitu spesial emang dongo nih pick me,"Lah kata terakhir lo komen
""Yang kek gitu spesial""
Emang dongo nih orang2 pick me"
Serangan Psikologis & Sindiran,ngomongnya ga peduli timnas timnas maen kenceng banget nimbrung ken liat beda alias pick me kalo anak jaman mah wkwkwkwkwk,"ngomongnya ga peduli timnas tapi tiap timnas maen kenceng banget nimbrungnya, pengen keliatan beda alias ""pick me"" kalo kata anak jaman sekarang mah wkwkwkwkwk"
Serangan Psikologis & Sindiran,sumpah mending kaum judes humble aja dah centil pick me,Sumpah kita mendingan jadi kaum terlihat judes tapi humble aja dah daripada centil dan pick me 
Serangan Psikologis & Sindiran,btw meme lu annoying sok edgy gak nyambung gk org kayak lo emg tipikal org yg pick me musik beda gk adajangan denial deh,Btw meme lu annoying sok edgy gak nyambung gk semua org kayak lo emg ada tipikal org yg pick me soal musiknya paling beda gk semua tapi ada...jangan denial deh
Serangan Psikologis & Sindiran,oga pick me,"Oga pick me 

#DaysmanOyakhilome"
Serangan Psikologis & Sindiran,bener gw udh buru buru cariin suami tmn gw yg tekdung luar nikah jadiin contoh si muda aja udah nikah wft gw ga marah untung ngomong gtu asa jajan ga gw tawarin niall pick me up please,"Bener! Gw baru 24 dan udh buru buru di cariin suami. Tmn gw yg tekdung diluar nikah malah di jadiin contoh ""si itu yang lebih muda aja udah nikah"" Wft! Gw ga marah untungnya sama yang ngomong gtu. Berasa jajanan ga laku gw di tawar2in ke orang niall pick me up please.."
Serangan Psikologis & Sindiran,gabut yg gfrent kah nada pick me,"Aku lagi gabut, tidak ada yg mau gfrent aku kah? (Bertanya dengan nada pick me)"
Serangan Psikologis & Sindiran,kmu kpn pick me,Kmu kpn pick me? 
Serangan Psikologis & Sindiran,pick me banget mau dibales cepet,Pick me banget maunya dibales cepet 
Serangan Psikologis & Sindiran,gw medium dark skin temen gw ngmg lu cantik bgt sih tp pick me kelas gw nyaut kalo mah cantik kalo manis doang kalo putih bilang cantik skrg si pick me status wa pusing mikir jodoh mulu jls ga cewe pick me akut,"Gw medium dark skin. Ada temen gw ngmg, ""lu cantik bgt sih"" tp pick me kelas gw nyaut, ""kalo dia mah bukan cantik. Kalo dia itu manis doang. Kalo putih baru dibilang cantik"". Skrg si pick me ini status wa dia pusing mikir jodoh mulu y jls ga ada yang mau sama cewe pick me akut"
Serangan Psikologis & Sindiran,udah pick me gak pilih wkwk,"Udah pick me, tetap gak dipilih wkwk"
Serangan Psikologis & Sindiran,diaa google ngetik negara infoinfo negara pick me banget politis wkwkkw,"Itu diaa, bukan pertanyaan karena di google kita mau ngetik negara apa juga bakal keluar info-info tentang negara itu, lagian pick me banget bapak politisi itu wkwkkw"
Serangan Psikologis & Sindiran,pick me gimana tpi nyobain seblak cuman denger temen yg nyeblak jaman cowo pdkt nuduh duit abis nyeblak hell nyium aunya aja eneg gua,"Bukannya pick me apa gimana, tpi belum pernah nyobain seblak cuman denger dari temen yg tiap hari nyeblak katanya enak, bahkan jaman sekarang cowo pdkt pun selalu nuduh 'paling duitnya abis buat nyeblak' ??  Hell nah, nyium aunya aja eneg gua"
Serangan Psikologis & Sindiran,kpopes bilang btsmember bts takut fansy makany blabla ehh pas tatang jk follow idolsolo skrng narasiy beda laginarsiscaper kpopes kalo bahas btsmember suka amnesia jkapa lo suka gw akun gw,"Dulu kpopes bilang BTS/member BTS takut sama fans'y makan'y BLAbla, ehh pas di Tatang sama JK dengan dia follow banyak idol/solo skrng narasi'y beda lagi(narsis+caper)
Kpopes kalo bahas soal BTS/member suka amnesia

JK:apa Lo suka2 gw lah akun2 gw"
Serangan Psikologis & Sindiran,mah caper,Biasa itu mah CAPER
Serangan Psikologis & Sindiran,cuit org caper anggur idupnya gada guna caper sosmed gausah gubris yakali org dah nikah masing dah dewasa urus kek gitu aja sampe cerai iuuhh jijik kek bocil smp pacar moga ga karunia anak kasi anak ntr gila pnya ortu kk mrk,"Cuitan org caper, pengangguran, idupnya gada gunanya makanya caper ke sosmed. Gausah digubris, yakali ada org dah nikah, masing² dah dewasa urusan kek gitu aja sampe cerai. Iuuhh jijik kek bocil smp baru pacaran. Moga ga dikaruniai anak, kasian anaknya ntr Gila pnya ortu kk mrk."
Serangan Psikologis & Sindiran,dih postingan caper,dih postingan caper
Serangan Psikologis & Sindiran,muter muter sumpah sesimple cari root causenya naruto benci nakal naruto nakal caper naruto caper jauhin root causenya udah ketemu cuman stop naruto nakal wajar ngebenci cari tau knapa,"U muter muter sumpah, padahal sesimple cari root causenya, 
Naruto dibenci karena nakal
Naruto nakal karena caper
Naruto caper karena orang orang jauhin dia
Root causenya udah ketemu kan? Jangan cuman stop di naruto nakal terus wajar orang ngebenci, tapi cari tau knapa dia begitu"
Serangan Psikologis & Sindiran,caper nih,Caper amat nih ya
Serangan Psikologis & Sindiran,klo lg suka org tuh liat jls bgt org suka tb kyk caper gtu sw jd upload wkwkwkwk,"Klo lg suka org tuh keliatan jls bgt ya org suka tb"" kyk caper gtu di sw jd sering upload wkwkwkwk"
Serangan Psikologis & Sindiran,typo anjrt maksud anggap aja satoru caper yuji,"typo anjrt, maksudku. anggap aja satoru lagi caper ke yuji"
Serangan Psikologis & Sindiran,indon kalo tongkrong yg deketin abangan caper diakuin suruh alias korpe doang kalo yg ngomongnya gede bgtpadahal mah kosong,"Indon ini kalo di tongkrongan, orang yg selalu deketin abang2an, caper, mau diakuin. Jadinya, disuruh apa apa mau, alias jadi korpe doang. Kalo sama yg baru, ngomongnya gede bgt...padahal mah kosong~"
Serangan Psikologis & Sindiran,udah onarbelum naruto benci sepi caper caper ngga nemenin zzzzz akademi bener ngebenci cuman gelintir jugasisanya cuman risih,"itu udah buat onar?belum
Naruto dibenci > Kesepian > caper
dia ini caper karena ngga ada yang mau nemenin dia zzzzz
lagian di Akademi yang bener ngebenci dia juga cuman segelintir orang juga,sisanya paling cuman risih"
Serangan Psikologis & Sindiran,caper sih mah,caper sih ini mah
Serangan Psikologis & Sindiran,fyp caper medsos,Tempat kita FYP dan Caper sebelum ada medsos
Serangan Psikologis & Sindiran,nyetatus maaf beneran sebdh ego akun palsu caper yak ckckck,Yang nyetatus begitu itu maaf beneran seb*d*h & seegois itu atau itu akun palsu yang caper yak ckckck
Serangan Psikologis & Sindiran,alah alah noir pake caper einar wkwkkwkwk,Alah alah noir nya di pake buat caper ke einar wkwkkwkwk
Serangan Psikologis & Sindiran,fandom suka nimbrung caper kak ama,"Fandom suka nimbrung. Caper amat kak, ama aku"
Serangan Psikologis & Sindiran,caper banget heraaannn,orang caper banget heraaannn
Serangan Psikologis & Sindiran,caper banget akun akun anomali anjg,caper banget akun akun anomali anjg
Serangan Psikologis & Sindiran,sih caper banget,apa sih aku ini? caper banget
Serangan Psikologis & Sindiran,caper banget sm si king,Caper banget sm si King
Serangan Psikologis & Sindiran,rillll lucuuuu banget tuh caper banget sih sok imut iyaaa bangunn selesai maka jugaaak,RILLLL LUCUUUU BANGET  tapi dia tuh caper banget sih sok imut :) iyaaa aku baru bangunn terus ini baru selesai makaan jugaaak ^^
Serangan Psikologis & Sindiran,oppa liat liat caper banget anak esema,oppa diliat liat caper banget ke anak esema.. 
Serangan Psikologis & Sindiran,akun caper banget heran,itu akun caper banget heran
Serangan Psikologis & Sindiran,gue ilfeel kaya gin aja dipermasalahin sampe ngomong base anjing caper banget,sekarang gue mulai ilfeel sama orang yang hal kecil kaya gini aja dipermasalahin sampe ngomong di base anjing caper banget
Serangan Psikologis & Sindiran,najis liat mah liat aja njing gak make narasi bias baekhyun tetep liat liat monggo klo liat mah make duit lu ntu yaa stop njing bawabawa nama baekhyun caper banget taik,"Najis, mau liat mah liat aja njing
Gak usah make narasi ""biasku baekhyun tapi tetep ikut liat. Kapan lagi bisa liat"" Monggo klo mau liat mah, make duit lu juga kan ntu. Tapi yaa stop njing bawa-bawa nama Baekhyun. Caper banget taik"
Serangan Psikologis & Sindiran,tuh serah yaa make duit gitu stop katakata bias baekhyun tetep liat konser wkwkwk anjing ngapain cokkk caper banget,"Sebenarnya tuh terserah yaa make duit mereka juga gitu
Tapi stop dengan kata-kata ""biasku baekhyun tapi aku tetep liat konser"" wkwkwk anjing?? Ngapain cokkk, caper banget "
Serangan Psikologis & Sindiran,caper banget aneh,caper banget aneh
Serangan Psikologis & Sindiran,ni dah libur caper banget dah udah ngumpulin,ni orang kenapa dah. orang masih liburan juga. caper banget dah jadi orang. orang orang juga belum tentu juga udah ngumpulin
Serangan Psikologis & Sindiran,gak bilang orangorang anggap aja rumah temen rumah deket aja nyelonong main lantai caper banget anjing,"aku gak pernah bilang ke orang-orang ""anggap aja rumah sendiri"" ke temen yang datang ke rumah. jangan kira kita deket malah seenaknya aja nyelonong main naik ke atas lantai 2. caper banget anjing."
Serangan Psikologis & Sindiran,caper banget lu surip,caper banget lu surip
Serangan Psikologis & Sindiran,caper banget ah ajg,caper banget ah ajg
Serangan Psikologis & Sindiran,sok asik lu aguss,Sok asik lu aguss
Serangan Psikologis & Sindiran,sok asik lu tukang nyolong,sok asik lu tukang nyolong
Serangan Psikologis & Sindiran,wkwkwk yaudah deh sok asik lu nay,"wkwkwk yaudah deh, sok asik lu nay"
Serangan Psikologis & Sindiran,gausah sok asik lu kontol,gausah sok asik lu Kontol
Serangan Psikologis & Sindiran,sok asik lu kontol,sok asik lu Kontol
Serangan Psikologis & Sindiran,sih sok asik lu,Apa sih sok asik lu
Serangan Psikologis & Sindiran,gausa sok asik lu kontol,gausa sok asik lu Kontol
Serangan Psikologis & Sindiran,lu stop gas mampir akun gua lu tuh ga ajak gausah sok asik lu temen gua udah tau gua pw stan aja mampir caper curiga lu fans gua,"lu bisa stop gasi mampir ke akun gua?? lu tuh ga diajak, gausah sok asik lu bukan temen gua..
udah tau gua PW stan, masih aja mampir ke sini..
caper amat, curiga lu fans gua ya?"
Serangan Psikologis & Sindiran,yeeee sok asik lu diem lu standar ganda,"Yeeee sok asik lu, diem lu standar ganda!"
Serangan Psikologis & Sindiran,sok asik lu bang gk temen,"Sok asik lu bang, gk ada temen ya?"
Serangan Psikologis & Sindiran,nggak mood banget moga cancel aja tuhan,nggak mood kerja banget semoga cancel aja ya Tuhan
Serangan Psikologis & Sindiran,cancel aja nanggung ngonten nih dibagiin grup,cancel aja nanggung mau ngonten nih buat dibagiin ke grup 
Serangan Psikologis & Sindiran,cancel aja deh ide mual,"cancel aja deh ide kamu, mual aku"
Serangan Psikologis & Sindiran,sampe palembang set kondisi perut laper bener keroncong lg dak hati jalan mikir makan ah mampir bentar tp males ah pulang maleman sempet nekat mall cancel aja,"Sampe Palembang set8, padahal kondisi perut laper bener keroncongan + lg dak enak hati, dijalan mikir mau makan ah mampir bentar, tp males ah nanti pulang kemaleman, sempet nekat mau ke mall cuma cancel aja"
Serangan Psikologis & Sindiran,gue cancel aja akbi box set gue take yg harga diskon aja keepsake,Apa gue cancel aja ya ini akbi box set gue take yg harga diskon aja buat keepsake
Serangan Psikologis & Sindiran,abang ketemu beneran nongki gak ketemu udah cancel aja agenda temu abang sesal,"Kalau nanti abang ketemu kamu... kita beneran nongki, tapi kalau gak ketemu ya udah kita cancel aja itu agenda dan temui abang di rasa sesalmu itu. <ngedrama> "
Serangan Psikologis & Sindiran,nge cancel aja kak,untuk nge cancel aja masih banyak yang punya tapi kak..
Serangan Psikologis & Sindiran,kirim tanggal kakk gabisa ku cancel aja karna emang bener butuh yg kirim cepet,"kalau bisa di kirim sebelum tanggal 2 ya kakk, kalau gabisa ku cancel aja karna emang bener"" butuh yg di kirim cepet"
Serangan Psikologis & Sindiran,cancel aja gak sih takut drop,cancel aja gak sih? takut malah drop
Serangan Psikologis & Sindiran,beli dasi aespo mingdep tp po anjir si toko gaada nulis pre order deskripsi title produk cancel aja,"beli dasi buat aespo mingdep tp po nya 7 hari anjir.. si tokonya gaada nulis pre order di deskripsi/ title produknya, apa cancel aja ya"
Serangan Psikologis & Sindiran,najis bgt amit amit,najis bgt amit amit
Serangan Psikologis & Sindiran,dih najis,Dih najis
Serangan Psikologis & Sindiran,najis bot tolol ngga nyadar muka bawah standar umr jogjaa,"Najis boti tolol, ngga nyadar mukanya dibawah standar umr jogjaa"
Serangan Psikologis & Sindiran,antem puas hati lu gblk jgn ngerusak event aja najis,"berantem lah sepuas hati lu gblk, jgn sekali kali ngerusak event orang, seenaknya aja najis"
Serangan Psikologis & Sindiran,buzzzer cari duit gin sih najis menjijikanbukanya gubenur parno anung ranokarno anis bawa ngakak buzer otak syarat jd buzzeer ngk malu,"Buzzzer cari duit nya gini sih , najis menjijikan,bukanya gubenur sekarang parno Anung ya sama ranokarno, Kok Anis yang di bawa2, ngakak buzer tak berotak , Syarat JD buzzeer yang penting ngk punya malu"
Serangan Psikologis & Sindiran,gue gitu wkwk skarang udh gue najis najisin gue yg kerja gamonin org,gue dulu gitu wkwk tapi skarang udh gue najis najisin diri gue yg dulu. kurang kerjaan gamonin org:(
Serangan Psikologis & Sindiran,yaallah najis bgt smt,yaAllah najis bgt sama smt 4
Serangan Psikologis & Sindiran,sodara nyusahin doang najis bgt,"Jangan, sodara nyusahin doang, najis bgt"
Serangan Psikologis & Sindiran,jujur kak sih najis lihat doa cepat sadar hidayah allah,"jujur kak, aku sih najis ya lihatnya, tapi sepertinya mereka tidak merasa seperti itu kita doakan saja mereka cepat sadar dan mendapat hidayah dari Allah"
Serangan Psikologis & Sindiran,gw up art pake hastsag kolebnya najis kalo inget laku oknum,"Gw up lagi art nya tanpa pake hastsag kolebnya apa ya, najis kalo inget kelakuan oknumnya"
Serangan Psikologis & Sindiran,rp anjing najis ppk kalo ribut bawa bawa agama tolol,"rp anjing, najis kali ppk kalo ribut bawa bawa agama, tolol."
Serangan Psikologis & Sindiran,najis banget jdi cowok ngemis mending lu kumpulin kaleng minum trus kiloin lumayan tuh duit,"Najis banget jdi cowok kok ngemis. Mending lu kumpulin kaleng minuman, trus kiloin. Lumayan tuh duitnya"
Serangan Psikologis & Sindiran,jijik,jijik
Serangan Psikologis & Sindiran,jijik anjing jijikkk bener set gila,"jijik anjing jijikkk, bener² sinet gila"
Serangan Psikologis & Sindiran,jijik bgt sumpah aagz udh tau pacar cemburu mas yaaa scene sakit bgt anying tulis,jijik bgt sumpah aagz udh tau pacarnya cemburu ke s f tapi masi ada yaaa scene begitu sakit bgt anying itu penulis
Serangan Psikologis & Sindiran,anjir jijik ngeliat trailer,anjir jijik ngeliat trailer 
Serangan Psikologis & Sindiran,maaf jijik banget lihat,Waduh maaf ya jijik banget lihatnya
Serangan Psikologis & Sindiran,idih jijik banget deh,Idih jijik banget deh
Serangan Psikologis & Sindiran,jijik gw berita gin mulu beranda gwhari gin zaman perang asisrael vs iran woynggak mutu berita ginihedeuh,"Jijik gw berita gini Mulu ada di beranda gw...hari gini zaman lagi perang as,Israel vs Iran woy....nggak mutu berita gini....hedeuh...."
Serangan Psikologis & Sindiran,napaa si jinkkk amatt anjir tu sinetron gw ga liat trailer penasaran liat jijik gw nama masalalu tai,napaa si jinkkk berlebihan amatt demi anjir tu sinetron gw ga liat trailer penasaran liat makin jijik gw sama yang namanya masalalu tai
Serangan Psikologis & Sindiran,gemes jijik ngerti nggak sih,Gemes tapi jijik ngerti nggak sih
Serangan Psikologis & Sindiran,ngomongin yaa bela idol sampe ngeslushaming idol perempuan jijik banget liat tingkah kremy,"ngomongin diri sendiri yaa? bela idol sampe ngeslushaming idol perempuan, jijik banget liat tingkah kremy satu ini"
Serangan Psikologis & Sindiran,jijik banget liat udah geng cokelat,"Jijik banget liatnya, udah hampir 11 12 sama geng cokelat."
Serangan Psikologis & Sindiran,gw benci mulut cowo lemes jijik banget,"Gw benci mulut cowo lemes, jijik banget."
Serangan Psikologis & Sindiran,jijik banget sih,Jijik banget sih ini
Serangan Psikologis & Sindiran,ih jijik banget,Ih jijik banget
Serangan Psikologis & Sindiran,ih anjir gue block acc bikin tweet jijik doi udah istri anak yaa ih jijik banget ih liat gue block serta antekantek gue gamau ngeliat tweet tweet muncul timeline gue even gue gak follow,"ih anjir gue langsung block acc nya setelah
dia bikin tweet menjijikan padahal doi udah punya istri dan anak 1 yaa katanya? 

ih jijik banget ih liatnya
gue block beserta antek-antek nya karena gue gamau ngeliat tweet tweet itu muncul di timeline gue even gue gak saling follow"
Serangan Psikologis & Sindiran,jijik banget,Jijik banget aku
Serangan Psikologis & Sindiran,real jujur jijik banget semenjak shipper frab bahas dimanamana sampe base gila muka aja dah bikin mual orangorang ngehype problematik pake embelembel jokes gitu dah,"real, jujur jijik banget apalagi semenjak shipper f*rab itu makin dibahas dimana-mana sampe masuk base. gila, lihat mukanya aja dah bikin mual. orang-orang kok pada bisa ngehype orang problematik pake embel-embel ""jokes"" gitu dah."
Serangan Psikologis & Sindiran,ih mual liat jijik banget sampah masyarakat,ih.. kok mual liatnya ya... jijik banget sampah masyarakat
Serangan Psikologis & Sindiran,najisss jijik banget kalo sampe fattah aqeela iloveyou an segalaaa vemmy angga gue dendam bgt kalo sampe bener jadi,"Najisss jijik banget kalo sampe Fattah aqeela iloveyou an segalaaa.
@SCTV
 @sinemart_ph
 
Vemmy Angga gue dendam bgt sama kalian kalo sampe bener kejadian"
Serangan Psikologis & Sindiran,jijik banget gw liat muka org jelek emng tingkah araujo kontol,"Jijik banget gw liat mukanya. ORG JELEK EMNG BANYAK TINGKAH, ARAUJO KONTOL!!!!"
Serangan Psikologis & Sindiran,yall need stop furaban roblox jijik banget sumpah liat orang yg dukung cowo problematik tukang kdrt selingkuh,"y'all need stop furab""an sampai ke roblox , jijik banget sumpah liat orang² yg dukung cowo problematik tukang kdrt sama selingkuh itu"
Serangan Psikologis & Sindiran,jijik banget yg ngomong gitu fans tau aja,"jijik banget. dan biasanya yg ngomong gitu bukan fans keduanya, cuma tau mereka aja"
Serangan Psikologis & Sindiran,jijik banget kaann,jijik banget kaann
Serangan Psikologis & Sindiran,kira tipu bub eh guna pinjol bangga gak malu,"Awalnya kukira penipuan tahu, Bub. Eh, ternyata itu sesama pengguna pinjol makanya pada bangga dan gak tahu malu."
Serangan Psikologis & Sindiran,lu tuh yg bilang benci beth lol dasar fans ikan suka gak malu,"Lu tuh yg bilang ""BENCI BETH"" lol dasar fans ikan suka gak tahu malu"
Serangan Psikologis & Sindiran,gak malu udah tua ngebully anak,"Gak tahu malu, udah tua ngebully anak kecil."
Serangan Psikologis & Sindiran,gak malu gak undang ko ken makan gratis plus angpau,"Gak tahu malu gak diundang ko datang, pengen makan gratis plus angpau."
Serangan Psikologis & Sindiran,manusia gak malu otak pantat,Ini manusia gak tahu malu otaknya di pantat
Serangan Psikologis & Sindiran,anak ingus tepat anak gak malu gak usak demokrasi akibat ulah paman goblok bangga,"Memang bukan anak ingusan.. Lebih tepatnya anak gak tahu malu dan gak tahu diri..
Selamanya akan tetap di ingat sebagai seorang perusak Demokrasi akibat ulah bapak serta pamannya.. Dan dengan kegoblokannya dia pun bangga..."
Serangan Psikologis & Sindiran,benci islam ampe ngelampar isu nyari makan indo aja jatuh warga indo rantau heran gak malu sakit hati bawa ampe jepang,"Ini orang benci sama Islam ampe ngelampar isu begitu. Ini orang masih nyari makan dari orang indo aja, malah saling menjatuhkan sesama warga indo di perantauan. Heran gak tahu malu. Penyakit hati kok dibawa2 ampe ke jepang."
Serangan Psikologis & Sindiran,haha si anis gak malu nis anis bener muka tembok,"Haha si Anis gak tahu malu,
NIS Anis bener2 muka tembok"
Serangan Psikologis & Sindiran,salah sih gak gak malu aja kemarin tikam dr baik dukung,"Salah sih gak, cuma gak tahu malu aja. Setelah kemarin menikam dr belakang sekarang minta baikan dan minta dukungan ?."
Serangan Psikologis & Sindiran,emang ngeselin muka tembok,"Ya emang. Soalnya anda ngeselin, muka tembok pula "
Serangan Psikologis & Sindiran,rata rata jabat indo gatau malu muka tembok,"rata rata pejabat indo pada gatau malu, muka tembok"
Serangan Psikologis & Sindiran,istirahat dr tifa lebaran waktu kobar ijazah palsu jokowi niat jokowi capres muka tembok sekolah uud presiden periode,"Istirahat  saja  Dr. Tifa. 
Masih  suatu  Lebaran. 
Waktu  masih  panjang  .
KOBARKAN TERUS
IJAZAH PALSU  JOKOWI..
SAMPAI 2029.
KARENA ADA  NIAT LAGI JOKOWI AKAN CAPRES DI 2029.
   MUKA TEMBOK TIDAK  SEKOLAH,  UUD  HANYA  BOLEH  PRESIDEN 2 PERIODE"
Serangan Psikologis & Sindiran,efisiensi tingkat tinggi nggak modal modal muka tembok aja tibatiba muntah beling dukun siapatanya aja cermin serendah jentik dikit ah biar pakupaku mulut bunyi klotakklotak,"Efisiensi tingkat tinggi: nggak perlu modal, cukup modal muka tembok aja. Tapi kalau nanti tiba-tiba muntah beling, jangan tanya dukunnya siapatanya aja ke cermin, 'kok bisa ya aku serendah ini?'. Jentik dikit ah, biar paku-paku di mulutmu makin bunyi klotak-klotak!"
Serangan Psikologis & Sindiran,gausah diladenin jir si daw plenger muka tembok najis hok cuh,Gausah diladenin lagi jir si daw plenger ini. Muka tembok najis hok cuh
Serangan Psikologis & Sindiran,bak melayu muka tembok,Bak Melayu kata buat muka tembok
Serangan Psikologis & Sindiran,gedeg bgt sampe klo nginget si plagiat ampe gaada klarifminta maaf agens or artis bener muka tembok,"Masih gedeg bgt sampe sekarang klo nginget si plagiat itu, mana ampe sekarang gaada klarif/minta maaf dari agensi or artis nya bener2 muka tembok "
Serangan Psikologis & Sindiran,muka tembok,Muka tembok
Serangan Psikologis & Sindiran,muka tembok,Muka tembok ya begitu 
Serangan Psikologis & Sindiran,ga langgar atur suka suka org sih canda lo ga lucu norak banget liat yg kaya diledekin bikin org ga nyaman aja,"selama ga melanggar aturan suka suka org sih, bercandaan lo ga lucu, norak banget liat yg kaya begitu langsung diledekin, bikin org ga nyaman aja"
Serangan Psikologis & Sindiran,cowok suka cewek mandirisat set atas mandidandan nggak keponggosip drama nggak rewel makanpesta minum mana aja hayo nggak borostukang ngutang nipu tampil nggak norak jujursopannggak emosi,"Umumnya cowok paling suka cewek

Mandiri,sat set jika mengatasi masalah.
Mandi,dandan nggak lama
Tidak banyak kepo,nggosip & drama
Nggak rewel ketika makan,pesta bersama, minum dimana aja hayo
Nggak boros,tukang ngutang & nipu
Penampilan nggak norak & jujur,sopan,nggak emosian"
Serangan Psikologis & Sindiran,lu gatau blm payout muak kek kasih mutiara ss analitik ajg norak,"Lu gatau itu yang blm payout muaknya kek apa, ini malah di kasih kata2 mutiara ss analitik, ajg norak."
Serangan Psikologis & Sindiran,kalo gin rawan sppg klo mah karyawan norak,Kalo gini bisa disebut relawan SPPG. Klo yang sekarang soalnya mah karyawan norak ya.
Serangan Psikologis & Sindiran,kampung norak,"Kampungan, norak"
Serangan Psikologis & Sindiran,aja ntuh normal pls stranger norak,"ada ada aja, padahal itu ntuh normal pls, stranger norak "
Serangan Psikologis & Sindiran,cenblue norak,Akulah cenblue norak itu
Serangan Psikologis & Sindiran,norak emang payout aja pamerin,Norak emang payout aja di pamerin
Serangan Psikologis & Sindiran,norak si,Norak si
Serangan Psikologis & Sindiran,ga da yg tau nasib msa jd klo jd versi trbaik hidup lu dr skolah dewasa dll knpa engga jgn gra tlisan sosmed segilintir trus ga mo brusha prestasi ja yg picik baca trus mikir ah bener jg,"Ga da yg tau nasib orang d msa depan. Jd klo bisa jd versi trbaik dihidup lu dr kecil, skolah, dewasa, kerja, dll ya knpa engga. Jgn gra² tlisan d sosmed segilintir orang, trus ga mo brusha punya prestasi. Soalnya ada ja orang yg picik, baca trus mikir ""ah bener jg"" "
Serangan Psikologis & Sindiran,kalo org rumah dg jalan raya purbaya kalo org dg paksa dg gaji hidup kau tanggung otak menkeu kau beda dg majikan picik,"Kalo org tak keluar rumah dg MENGGUNAKAN JALAN RAYA terus dia mau kerja gunakan apa Purbaya ???
Kalo org tak bekerja (sebagian dg terpaksa dg GAJI KECIL ) terus hidupnya mau kau tanggung ???

Otak Menkeu tak kau beda dg majikan ,PICIK !!!"
Serangan Psikologis & Sindiran,tionghoa lahir juang mati tanah air suruh pulang china rasisme picik yg abai fakta sejarah realitas kewarganegaraan indonesia bangun ragam yg lahir setia pancasila nkri anak bangsa,"Tionghoa yang lahir, besar, berjuang, dan akan mati di tanah air ini

Menyuruh pulang ke China adalah rasisme picik yg abaikan fakta sejarah & realitas kewarganegaraan. Indonesia dibangun oleh keragaman

Siapapun yg lahir di sini, setia pada Pancasila & NKRI, adalah anak bangsa"
Serangan Psikologis & Sindiran,mikir piccolo udah ngebantu piccolo picik banget benerbener ngunjukin quagliarella beneran juang adil nyuruh quagliarella bawa keping cd latih purapura lupa cdnya biar,"Soalnya dia mikir Piccolo udah ngebantu dia di kasus ini.

Piccolo ini picik banget, dia bener-bener ngunjukin ke Quagliarella kalau dia beneran berjuang buat keadilan. Dia pernah nyuruh Quagliarella bawa kepingan CD ke latihan, tapi harus pura-pura kelupaan CDnya biar nanti~"
Serangan Psikologis & Sindiran,aja bahas anis picik termul hibur krn manusia yg jerumus negara kpd mundur,"Masih aja bahas2 anis, picik sekali termul ini. Atau menghibur diri krn dia termasuk manusia2 58% yg menjerumuskan negara ini kpd kemunduran "
Serangan Psikologis & Sindiran,loh amerika israel yg bom sekolah puter minab negara iran dewan hak azasi manusia pbb desak iran tanggung nyaotak miring sungsangtololgwoblokbisa meng nama hak asasi manusiapicik yah,"Loh Amerika ,Israel yg membom sekolah puteri Minab dalam Negara Iran kok Dewan Hak Azasi manusia PBB mendesak Iran berikan pertanggung jawaban nya.Otak kalian miring sungsang,tolol,gwoblok,bisa bisa nya meng atas namakan Hak Asasi Manusia,Picik sekali kalian yah,"
Serangan Psikologis & Sindiran,yaelah mah kau kebelet nyari celah aja yg bilang muda ente twist far younger picik mulut kau sih gak masalah isu age gap samasama udah usia legal selesai yg cerewet ngasih stigma kau,"Yaelah ini mah kau cuma kebelet nyari celah aja. 

Yg kubilang lebih muda, tapi ente twist ""far younger"". Picik juga mulut kau 

Aku sih gak pernah mempermasalahkan soal isu age gap selama keduanya sama-sama udah usia legal. Selesai.

Yg cerewet ngasih stigma itu kau sendiri."
Serangan Psikologis & Sindiran,picik buang usa hubung internasional,Terlalu picik dan Kita Seharusnya Membuang USA dari Semua Hubungan Internasional
Serangan Psikologis & Sindiran,astagaaa hopeless sih aja tp ga gitu pake picik kalik bang,"astagaaa hopeless sih boleh2 aja, tp ga gitu juga pake cara picik kalik bang "
Serangan Psikologis & Sindiran,tampang lagu sok ustad tp nurani akal picik ngak sampah dg kotbahnya,Tampang & lagunya sok jadi ustad ... tp nurani & akal picik ngak lebih dari sampah dg kotbahnya
Serangan Psikologis & Sindiran,main watak picik wajar yg guru,Pemain watak dan picik. Wajar banyak yg berguru dengan dia.
Serangan Psikologis & Sindiran,bantu indonesia kapal indonesia ga selat hormus picik,minta bantuan ke indonesia tapi kapal indonesia ga boleh lewat selat hormus... picik....
Serangan Psikologis & Sindiran,picik munafik loo,picik munafik loo..
Serangan Psikologis & Sindiran,gua sosmed update sm sosmed jd manusia liar anjir picik bgt pikir heran,Bukan berarti gua punya banyak sosmed dan terlalu update sm sosmed jd manusia liar ya anjir picik bgt pikiran nya heran
Serangan Psikologis & Sindiran,blg plinplan lantas ga coba ngaca,"kamu blg aku plinplan, lantas kamu apa? apa kamu ga coba untuk ngaca?"
Serangan Psikologis & Sindiran,pegawai bagus bos apresiasi beberapakali effortku kayak ketemu bos apresiasi dapat bos plinplan janji aku ikhlas rejeki,"Kalau dapat pegawai begini, bagus kalau dapat bos yang apresiasi. Beberapakali kerja, effortku kayak apa, belum ketemu bos yang apresiasi. Dapatnya bos yang plinplan atau hanya besar di janji. Mungkin akunya kurang ikhlas, mungkin belum rejeki."
Serangan Psikologis & Sindiran,mosan udah dukung jummo plinplan babi san,mosan udah di dukung banyak orang walau jummo masih plinplan mau babii apa san
Serangan Psikologis & Sindiran,apasih plinplan banget emang suka ngasih harap palsu, apasih plinplan banget. Emang suka ngasih harapan palsu orang orang itu.
Serangan Psikologis & Sindiran,gajadi gusy gw furabphobic mff plinplan,"gajadi gusy, gw furabphobic. mff plinplan"
Serangan Psikologis & Sindiran,bgt yak pen mamah ganti aja wkwkwk ah no no no lg pgn yg straight ortunya atulah aja mumpung drakornya gemes author plinplan hgatse rise poko,"Kebetulan bgt yak.. memen mamahnya ganti aja apa ya? Wkwkwk ah no no no lg pgn yg straight ortunya atulah sekali aja. Mumpung drakornya gemes
Author paling plinplan h2gatse rise pokonya"
Serangan Psikologis & Sindiran,gemes banget eunah diam yg kesan plinplan taeso ot problema hidup turut sih tuh emang kayak not meant to be together krn banyak ngebatin mikir,#stillshining  gemes banget lihat Eunah dengan segala kediamannya yg jadi berkesan plinplan... Taeso dengan OT nya dan problema kehidupannya.. menurutku sih mereka tuh emang kayak not meant to be together.. krn kebanyakan ngebatin sama mikir sendiri2..
Serangan Psikologis & Sindiran,janji haramdi janji plinplan,"Di perjanjian lama itu haram,di perjanjian baru boleh. Bagaimana bisa se plinplan itu?"
Serangan Psikologis & Sindiran,iya suspen nyesek bagus yah karma jual plinplan,IYA LAGI LANGSUNG SUSPEN. NYESEK KARENA BAGUS tapi yah itulah karma menjadi penjual plinplan.
Serangan Psikologis & Sindiran,sombong sadar ngga deket tulus ngga ramai rumah,"bukan makin sombong, tapi makin sadar.
bahwa ngga semua yang deket itu tulus, dan ngga semua yang ramai itu rumah"
Serangan Psikologis & Sindiran,lu sombong anjir,LU LEBIH SOMBONG ANJIR
Serangan Psikologis & Sindiran,si nala sombong yakh kwca,ternyata si nala sombong yakh kwca
Serangan Psikologis & Sindiran,udah lihat tuhan laku takabur bawah aja sombong bayangin aja atas wkwkwkwkwk bangen dah sampe sombong,"udah dilihatkan Tuhan kelakuan takaburnya mereka

mereka dibawah aja sombongnya luar biasa, bayangin aja mereka diatas. 

wkwkwkwkwk kelihatan bangen dah dari atas sampe bawah SOMBONG semua"
Serangan Psikologis & Sindiran,oiya yaudah dua nguawur pasien sensei sombong butuh liat illust aja kalo ga udah renti main yh beb ak aja udah ga nyentuh bjir gasin gosong aja tu usaha sok banget eiai eiai gw bakar,"Oiya juga yaudah kita berdua nguawur karena sama2 pasien sensei /sombong

Masih butuh liat illust nya aja kalo ga udah berenti main dari lama yh beb ak aja udah ga pernah nyentuh lagi bjir 
Gasin kita gosongkan aja tu perusahaan sok2 banget eiai eiai gw bakar u"
Serangan Psikologis & Sindiran,pikir sesat cocok pria sombong ketidaktahuan,Cara berpikir yang menyesatkan hanya cocok untuk membuat pria lebih sombong dalam ketidaktahuan mereka.
Serangan Psikologis & Sindiran,kadang sombong,kadang kok merasa sombong ya
Serangan Psikologis & Sindiran,mintune ga sombong kak,minTune ga sombong kok kak
Serangan Psikologis & Sindiran,kesel ken bikin diem bilang mahal nih ketawa ledek anggap jahat yg sombong momen ngebela,"karena kesel, saat itu aku cuma pengen bikin dia diem  aku bilang, mahal menurut siapa nih? sambil ketawa meledek. 

jadilah aku dianggap orang jahat yg sombong  padahal di momen itu, aku cuma ngebela diri."
Merendahkan Intelektual & Sosial,lucu bgt kayak jamet on traininggg,lucu bgt kayak jamet on traininggg
Merendahkan Intelektual & Sosial,lagu orangorang jamet,Lagu orang-orang jamet .
Merendahkan Intelektual & Sosial,bnran abis bgitu tinggalin tua wahh bjir shibal saekkiya bgt jamet emng tua tuh main pake,Lah bnran abis bgitu d tinggalin tua nya? Wahh bjir sangat shibal saekkiya bgt ya s jamet itu emng d kira tua tuh mainan sekali pake kali ya
Merendahkan Intelektual & Sosial,jelek kayak jamet,jelek kayak jamet
Merendahkan Intelektual & Sosial,kemarin gk foto pose jamet loh senyum aja gk sudi rasanyh saking capek,w kemarin gk ada foto pose jamet loh??? itulah w senyum aja gk sudi rasanyh saking capeknya
Merendahkan Intelektual & Sosial,sempet bilang klo yg kayak gin tuh jamet eh skrg si jungkook gin,"Dulu sempet bilang klo orang yg kayak gini tuh jamet, eh skrg si jungkook malah gini"
Merendahkan Intelektual & Sosial,emang salah suka lagu jawa sampe ngatain jamet gitu,"Lah emang salah ya, kalau suka lagu jawa? Sampe ngatain jamet gitu.."
Merendahkan Intelektual & Sosial,ajarin jamet minat banget diajarin,"Ajarin jadi jamet, minat banget ini jadi p1 buat diajarin"
Merendahkan Intelektual & Sosial,jamet bgtt skrng,jadi jamet bgtt skrng
Merendahkan Intelektual & Sosial,ajarin jamet kak gue gaul gen alpha re louis jokesnya gen alpha alias,"Ajarin jadi jamet juga dong, kak? Kebetulan karena gue gaulnya sama gen alpha (re: Louis) jadi jokesnya lebih mirip gen alpha alias 6 7!!!"
Merendahkan Intelektual & Sosial,plsss kasih tau nyadarin abg ganteng jamet kuproy,"Plsss kasih tau cara nyadarin abg ganteng jamet kuproy

#OnlyFriendsDreamOnEP5"
Merendahkan Intelektual & Sosial,otak udang,Otak udang..
Merendahkan Intelektual & Sosial,aneh otak udang kepala batu negara serang yg nyerang aman aman aja,"Aneh tapi nyata .
Beginilah otak udang kepala batu .
Negara di serang malah yg nyerang aman aman aja"
Merendahkan Intelektual & Sosial,kaum onta otak udang wahabi dajjal jilat oten pesek,"Kaum onta, Otak udang, wahabi dajjal, penjilat Oten Pesek"
Merendahkan Intelektual & Sosial,yakannn mewah skill coba squad ipul emang dasar latih otak udang,YAKANNN. Kurang mewah (secara skill) apa coba squad ipul sekarang? Emang dasar pelatihnya otak udang.
Merendahkan Intelektual & Sosial,keyboard warrior tolol anjjng bilang takut heh lu kalo gak kontrol emosi mukul akamsi double sial otak udang gruduk warga dilaporin mukul duluan mikir tolol korban jambretbegal aja salah,"Keyboard warrior pada tolol anjjng
Bilang penakut
Heh lu pada kalo gak kontrol emosi tiba tiba mukul orang akamsi kena double sialnya ya otak udang
Kena gruduk warga sana
Dilaporin karena mukul duluan
Mikir lah tolol, orang korban jambret/begal aja bisa jadi salah"
Merendahkan Intelektual & Sosial,bal inggris china rusia india aja mesjid yg megah yg udah diri poin lu oten otak udang,"Jangankan di Bali, di Inggris, China, Rusia bahkan India aja banyak mesjid yg lebih megah dari ini yg udah berdiri. Lalu poin lu apa oten otak udang??"
Merendahkan Intelektual & Sosial,nyebelin cewek pinter dandan pinter selfi gak otak otak otak udang korban jugadan buka pintu sembarang cewek untung bapak si cewek nyadar bentak anak cewek untung refleks ngerem,"Nyebelin kan cewek cuma pinter dandan pinter Selfi tapi gak ada otak. Otaknya otak udang. 
Aku pernah hampir jadi korban juga..dan yang buka pintu sembarangan juga cewek. 
Untungnya bapaknya si cewek nyadar dan langsung bentak anak ceweknya itu. Untung juga aku refleks nge-rem."
Merendahkan Intelektual & Sosial,otak udang tafsir roh kudus allah pake sumber imani ye,"Otak udang menafsir, roh kudus Allah pake sumber imani ye?"
Merendahkan Intelektual & Sosial,bocah tolol gak otak pake keras,Bocah tolol gak punya otak apa ya... Apa apa selalu pake kekerasan....
Merendahkan Intelektual & Sosial,urat malu putus gak otak,urat malunya putus gak punya otak
Merendahkan Intelektual & Sosial,syarat buzzer gak otak,Memang betul syarat jadi buzzer adalah gak punya otak
Merendahkan Intelektual & Sosial,gak otak itumah,Gak punya otak itumah
Merendahkan Intelektual & Sosial,mah gak otak om,Mereka mah gak punya otak om
Merendahkan Intelektual & Sosial,dh gk kaget smua anak yg gw kenal genz emank krisis moralpunya otot gak otakgk tau istilah musyawarah,Dh gk kaget smua anak yg gw kenal genz emank krisis moral...punya otot gak punya otak..gk tau istilah musyawarah
Merendahkan Intelektual & Sosial,gak otak mikir tolol aja pelihara hahahhaha,"Dia gak punya otak mana dia mikir, tolol nya aja di pelihara hahahhaha"
Merendahkan Intelektual & Sosial,otak kek tai bang tainya buang waktu berak gak otak tamplatenya putus sekolah putus sekolah pikir kek gak sekolah,"Mereka otaknya kek tai bang, tainya kebuang waktu berak, jadi gak punya otak  

tamplatenya putus sekolah putus sekolah terus, tapi dia sendiri pemikirannya kek gak sekolah "
Merendahkan Intelektual & Sosial,gak lu aja mending gak ngebacot kayak gak otak aja ngebacot gak isi,"Kenapa gak lu aja yang Mending gak usah ngebacot, kayak gak punya otak aja, ngebacot kok gak ada isinya"
Merendahkan Intelektual & Sosial,dasar bego lu,Dasar bego lu 
Merendahkan Intelektual & Sosial,asa benci minimal bego lu another retard aktif cengeng islamofobia sampaisampai berani bayi teroris ironis kalo lu kristen lu ga cermin agama penuh kasih,"Punya perasaan benci boleh tapi minimal jangan bego. 
Lu cuma another retard aktif yang cengeng dan islamofobia sampai-sampai berani menyatakan bahwa bayi adalah teroris. Ini bakal jadi ironis kalo lu Kristen, karena lu ga mencerminkan agama yang penuh kasih."
Merendahkan Intelektual & Sosial,bangun gereja bangun bego banguanan alih bangun bangun pakai nama bangun ulang bangun bangun utama hancur bangun wilayah biar dasar bego lu,"Pembangunan gereja bukan berarti membangun satu lagi bego banguanan A, di alihkan ke bangun B jadi bangunan tidak di pakai ada namanya bangun ulang ada yang bangun kembali dengan bangunan utama di hancurkan dan di bangun di wilayah tertentu biar dekat dasar bego lu"
Merendahkan Intelektual & Sosial,trus lu ekspek dri cwe pas first date bego lu trakhir first date kaoan dah kah,"Lah trus lu ekspek apa dri cwe pas first date bego, lu trakhir first date kaoan dah? 1970 kah?"
Merendahkan Intelektual & Sosial,peristiwa oktober mulu bawa jajah puluh tahun bantai ribu nyawa ga tilol bangsat udah tua goblok kaya bego lu udah genetik,"Peristiwa oktober mulu di bawa. Itu pejajahan puluhan tahun, pebantaian ribuan nyawa sebelum itu ga dilihat? Tilol bangsat. Udah tua tapi tetap goblok. Kayanya bego lu itu udah genetik"
Merendahkan Intelektual & Sosial,si bahlil ngomong bego lu jgn yg sih tolol emang mana masakan udah matang kompor nyala ngerti emang elu pro perintah ketimbang bersihin pantat si bahlil ga elu ajarin jgn berak sembarang,"Pak, si bahlil ngomong bego, lu jgn jadi yg bersihkan ketololannya. Emang dimana ada orang masakannya udah matang kompornya tetap dinyalakan? Ngerti emang, elu pro pemerintah. Tapi ketimbang bersihin pantat si bahlil, apa ga lebih baik elu ajarin dia supaya jgn berak sembarangan?"
Merendahkan Intelektual & Sosial,otak kopong wapres gaakan kirim prabowo malu ngirim gibran otak tara anak sd anak sd aja kalah debat ternak mulyono paham,"Lagian otak kopong walaupun wapres juga gaakan di kirim sama prabowo. Malu kali ngirim Gibran otak nya setara anak SD sama anak SD aja kalah debat.

Ternak Mulyono mana paham"
Merendahkan Intelektual & Sosial,yg kemaren ngatain smpe bully beckham bilang oknum smpe trending lo jack isi fans otak kopong,"mana yg kemaren ngatain smpe bully2 Beckham
dibilang oknum, tapi smpe trending lo Jack, isi fans nya otak kopong"
Merendahkan Intelektual & Sosial,yg otak mesum mah elu kocakk sagapung teriak sagapung liat si jennie make beha dikit ngatain slut lonte whore macem otak kopong cacat logika,Yg otak mesum mah elu kocakk sagapung teriak sagapung. Liat si Jennie make beha dikit langsung ngatain slut lonte whore segala macem otak kopong cacat logika
Merendahkan Intelektual & Sosial,monyet dungu otak kopong,monyet dungu otak kopong
Merendahkan Intelektual & Sosial,jelek otak kopong,"jelek rupa, otak kopong"
Merendahkan Intelektual & Sosial,gimana kabar berita amada ngga muncul krn udah lahiranfans otak kopong gimanaitu amanda udah nongol lg endors,gimana kabar berita yang kata kamu amada ngga muncul krn udah lahiran...fans otak kopong gimana..itu amanda udah nongol  lg endors..
Merendahkan Intelektual & Sosial,bocil mati jjimjilbang lari lari enak diapain kesel njing,"Bocil kematian di jjimjilbang yang lari lari enaknya diapain?
Kesel njing"
Merendahkan Intelektual & Sosial,bocil mati emang,bocil kematian ini emang
Merendahkan Intelektual & Sosial,wkkwkw bocil mati,WKKWKW BOCIL KEMATIAN INI
Merendahkan Intelektual & Sosial,bocil mati tas,Lagi jadi bocil kematian minta tas 
Merendahkan Intelektual & Sosial,wokwok bocil mati,wokwok bocil kematian
Merendahkan Intelektual & Sosial,ga perang selesai cuman kecuali perang efef lawan bocil mati ga hari bang tahan puluh menit aja lawan bocil efef udah hebatt,""" ga ada perang yang selesai cuman 1 hari kecuali Perang di efef lawan bocil kematian"" 

Ga perlu sehari bang, bisa bertahan sepuluh menit aja lawan bocil efef udah hebatt"
Merendahkan Intelektual & Sosial,ga nyamar gembel kaya atta halilintar,Kenapa ga nyamar jadi gembel kaya atta halilintar dulu ya?
Merendahkan Intelektual & Sosial,tampil kek gembel ketemu kenal anj,tiap penampilan kek gembel tiap ketemu kenalan anj
Merendahkan Intelektual & Sosial,gembel akun lukh,gembel akun lukh
Merendahkan Intelektual & Sosial,malas banget gacha gembel,malas banget gacha gembel
Merendahkan Intelektual & Sosial,indonesia mantan presiden longsor give away asa pengaruh lawan ngamuk tum sampe gembel buzzer warnet imbang nul,"Di indonesia ada mantan presiden longsoran give away & berasa paling berpengaruh, dilawan ngamuk dari ketum sampe gembel buzzer warnet .

Seimbang kan Nul 
@ch_chotimah2
 ?"
Merendahkan Intelektual & Sosial,hobi sobat kismin,"kalau kata 
@PardedeReza666
 hobinya sobat kismin"
Merendahkan Intelektual & Sosial,iya emang wkwkwk kisah kismin pas ngekost tp krn single haha hihi aja pas udah anak pegang uang anak derita,"iya emang wkwkwk. banyak kisah2 kismin pas aku ngekost dulu. tp krn masih single haha hihi aja. pas udah punya anak, harus selalu pegang uang. anakku jangan sampai menderita :("
Merendahkan Intelektual & Sosial,kismin maksa nikah nyari utang rasain tuh siklus gin nikah susah biayain ekonomi judolpinjol kdrt cerai curhat dimedsos hujat stress bundir nyusahin tetangga,"Kismin, maksa nikah. Ya begitulah, nyari utangan sana sini. Nah sekarang rasain tuh. Siklusnya gini, > nikah > kesusahan biayain ekonominya > judol/pinjol > kdrt (kemungkinan) > cerai > curhat dimedsos malah dihujat> stress > bundir (nyusahin tetangga) ."
Merendahkan Intelektual & Sosial,kismin mas,aku kismin mas.
Merendahkan Intelektual & Sosial,kasi bgt seblak tuduh kalo golong kismin yg ga makan seblak tuh krn ga cocok gamau aja makan serba mentah gitu,kasian bgt seblak dituduh kalo golongan kismin. padahal yg ga makan seblak tuh pasti cuma krn ga cocok dan gamau aja makan2 serba mentah gitu
Merendahkan Intelektual & Sosial,kismin rashford bahagia sana oiya gainget barca gimana fans munyuk ngusir doi bilang ampas bupati take the sap now,"kismin tapi kok rashford bahagia disana? oiya gainget sebelum ke barca gimana fans munyuk ngusir doi? yang segala dibilang ampas lah, bupati lah. TAKE THE SAP NOW!!!"
Merendahkan Intelektual & Sosial,ribet banget mas lu miskin kismin mlarat sok sok ngatain main yg dapat udah ratus juta mending lu fokus hilanghilangin deh pikir ujar benci biar otak lu kaga anjing,"Ribet banget mas, lagian lu masih miskin kismin mlarat, sok sokan ngatain pemain yg pendapatannya udah ratusan juta, mending lu fokus kerja, hilang-hilangin deh pikiran ujaran kebencian itu biar otak lu kaga seperti anjing."
Merendahkan Intelektual & Sosial,bacot gak kismin,Bacotnya orang gak pernah kismin begitu.
Merendahkan Intelektual & Sosial,shizuragi yen gas ga anjritlah april uda kismin aja,shizuragi 2300 yen gas ga.... anjritlah belum april uda kismin aja diri ini
Merendahkan Intelektual & Sosial,mamah kismin,mamah nya ini kismin 
Merendahkan Intelektual & Sosial,yah lu gak nganggur tetep kismin,"Yah, lu gak nganggur juga tetep kismin "
Merendahkan Intelektual & Sosial,temen kuliah yg gitu pdhl sobat kismin puasa keluar makan rp sahur buka nebeng mesjid,Temen kuliah ada yg gitu pdhl dia bukan sobat kismin. Bulan puasa pengeluaran makan Rp 0 karena sahur buka nebeng ke mesjid 
Merendahkan Intelektual & Sosial,ekonom twitter kalo ngejelasin generalisir ga middle class rasa sisi kismin kaya ngga rasa teori rata ekonom twatter,Kenapa ekonom twitter kalo ngejelasin selalu generalisir ya. Kan ga semua middle class merasakan  hal yang sama. Pun di sisi orang kismin dan orang kaya juga pasti ngga semuanya merasakan keadaan teori pukul rata para ekonom twatter
Merendahkan Intelektual & Sosial,kagapapa dah maen modal lari kayak mudah mudah emyu aja dah klub kismin modal nyicil najissss cuihhh,Kagapapa dah maen modal lari kayak begini mudah mudahan balik ke emyu aja dah dari pada ke klub kismin modal nyicil 3 kali najissss cuihhh
Merendahkan Intelektual & Sosial,ngga ah kismin blm jd sultan,"Ngga ah, aku masih kismin blm jd sultan"
Merendahkan Intelektual & Sosial,ajar ibternet fasih ucap dialek rupa native jadibyg kismin minder,Belajar dari ibternet bisa fasih juga dan pengucapan kata dan dialeknya bisa menyerupai native  jadibyg kismin jangan minder ya..
Merendahkan Intelektual & Sosial,habis bayar modal utang merdeka tata indo tahun merdeka kembang tahun merdeka an fokus lunasin hutang merdeka mbg wkwkw,"habis buat bayar modal utang merdeka. sekarang baru menata. jadi kalau kenapa indo 80tahun merdeka masih berkembang, karena dari tahun merdeka sampai 2000an fokus lunasin hutang merdeka. lalu sekarang di tambah mbg wkwkw"
Merendahkan Intelektual & Sosial,ajar mahal kejar pesta impi beban nikah modal utang bikin sesak jujur kondisi finansial pasang syukur sesuai budget gengsi pesta sederhana,"Pelajaran mahal: jangan cuma kejar ""pesta impian"" tapi malah jadi ""beban masa depan"". 

Nikah modal utang itu bikin sesak, apalagi kalau belum jujur soal kondisi finansial ke pasangan. Syukuri yang ada, sesuaikan budget, dan jangan gengsi. Lebih baik pesta sederhana daripada"
Merendahkan Intelektual & Sosial,kasih makan modal utang tar bayar kasih mbg mending ngutang pilih menu makan,"Kasih makan modal utang, tar yang bayar yang dikasih MBG. Mending ngutang sendiri bisa pilih menu makannya"
Merendahkan Intelektual & Sosial,mbg habisin triliun jalan modal utang,MBG habisin triliunan jalan terus modal utang
Merendahkan Intelektual & Sosial,hajat kalo modal utang gin,Hajatan kalo modal utang ya gini
Merendahkan Intelektual & Sosial,mbg ga sasar ikn modal utang fungsi rakyat yg sengsara,"mbg ga tepat sasaran, IKN cuma modal utang terus apa fungsinya buat rakyat? yg ada cuma buat sengsara"
Merendahkan Intelektual & Sosial,maksd gue minimal lu bikin dlu jalan toll jalan komplek lu pake landas sah sah aja tu peswatnya modal utang markup,"nah itu maksd gue minimal lu bisa bikin dlu , mau jalan toll  atau jalan komplek lu pake landasan sah sah aja, karena bakalan banyak tu peswatnya. lah ini cuma modal Utang + markUp"
Merendahkan Intelektual & Sosial,untung prabowo kroninyatp rakyat anggar jebol bain mbgbayar utang wooshbikin kopdes yg gak manfaat masyarakt pd sibuk nyari modal utang kedok investasi nutupin mbg,"Menguntungkan buat prabowo & kroni2nya,tp tidak buat rakyat.
Anggaran jebol bela2in MBG,bayar utang woosh,bikin kopdes 
Yg gak ada manfaatnya buat masyarakt pd umumnya.
Makanya sibuk sana sini nyari modal utang berkedok investasi buat nutupin MBG."
Merendahkan Intelektual & Sosial,tipe yg anak yg tahun ganti tas sekolah paham situasi kondisi sekolah tingkat dasar tengah ambruk dibiarin bikin sekolah rakyat tingkat university modal utang,"Sepertinya dia tipe orang yg apa2 harus baru 
Seperti anak kecil yg tiap tahun harus ganti tas sekolah tanpa memahami situasi dan kondisi. 

Sekolah2 tingkat dasar dan menengah ambruk dibiarin, bikin baru 'Sekolah Rakyat'. Sekarang tingkat university. Modal utang sana sini"
Merendahkan Intelektual & Sosial,modal utang,Modal utang
Merendahkan Intelektual & Sosial,oh iya lupa sihfans tingmeen emg gak kampung koktapi fetish susu meen suka ngelecehin meen disosmedkatanya fans meen bikin harga bias jatuh wajar sih fans pusat jijik fans tmsoalnya jadiin meen fantasi seksual,"Oh iya lupa sih,fans tingmeen emg gak kampungan kok,tapi punya fetish ke susu meen dan suka ngelecehin meen disosmed,katanya fans meen tapi malah bikin harga diri biasnya jadi jatuh

Wajar sih fans pusat pada jijik ke fans TM,soalnya kalian cuma jadiin meen fantasi seksual"
Merendahkan Intelektual & Sosial,ngapain nyenggol emang kampung ehehehe,ngapain nyenggol balik? emang kita kampungan? ehehehe 
Merendahkan Intelektual & Sosial,lu videoin ga consent trus upload lu yg ngetawain yg kampung plis ngaca,"1. Lu videoin orang ga consent trus di upload pula
2. Lu yg ngetawain yg kampungan
3. Plis ngaca"
Merendahkan Intelektual & Sosial,apa jurus kuliah gue gak drag that major into jokes lu kuliah jurus gak ngerti halah kampung,"apapun jurusan kuliahnya, gue gak pernah drag that major into jokes ""lu kan kuliah jurusan ini, masa gak ngerti"" halah kampungan"
Merendahkan Intelektual & Sosial,nuduh kampung aq aja anak kampungdesa nggak kayak gitu,"Kenapa nuduh kampungan? 
Aq aja anak kampung/desa nggak kayak gitu"
Merendahkan Intelektual & Sosial,mbanya kampung banget sih,Mbanya kampungan banget sih 
Merendahkan Intelektual & Sosial,fandom base cecinaan klo promote project bias base umum ga sih ga kampung,fandom base cecinaan klo promote project biasnya di base umum bisa ga sih ga usah kampungan
Merendahkan Intelektual & Sosial,gue gapeduli cewek cowok beruk manusia pokok ngerokok mobil udik abis,"Gue gapeduli mau dia cewek, cowok, beruk, manusia pokoknya ngerokok di mobil itu udik abis"
Merendahkan Intelektual & Sosial,sir result ki udik puri family ko or rssb ka koi ata pta nhi abhi tk,"Sir 
Result ki udik puri family ko h
Or rssb ka koi ata pta nhi abhi tk"
Merendahkan Intelektual & Sosial,lu nge fans sm gw smpe mas nyimpen foto gw wkwk sgitunya lu dasar udik gabisa bales opini org jdinya cm bawa fisik gw mulu haha kampung tp grgr lu jd follow gw tuh thanks udikk,"lu nge fans sm gw ya smpe masi nyimpen foto gw wkwk, sgitunya lu dasar udik gabisa bales opini org2 jdinya cm bisa bawa fisik gw mulu haha kampung. tp grgr lu jd pada follow gw tuh, thanks ya udikk"
Merendahkan Intelektual & Sosial,gin ni akibat jawir indon ga tatar etika perilaku publik yg image org indonesia udik image islam bodoh primitif dll yg budaya pinter gak liat krn jawir udik,"Gini ni akibat jawir2 indon ga pernah ditatar tentang etika berperilaku tempat publik, jadinya siapa yg kena? Image org indonesia udik, image orang islam bodoh, primitif dll, padahal yg orang2 berbudaya dan pinter2 banyak tapi gak keliatan krn jawir2 udik ini"
Merendahkan Intelektual & Sosial,lampung nama desa kampung udik,"Di Lampung ada nama desa, Sekampung Udik"
Merendahkan Intelektual & Sosial,jgn suka pamer kampung udik,"Makanya jgn suka pamer 
Kampungan udik"
Merendahkan Intelektual & Sosial,influenza udik si kimberly getol aja cari bonus si gendut wowo,Influenza Udik macam si Kimberly ini makin getol aja cari bonus dari si gendut Wowo 
Merendahkan Intelektual & Sosial,beneran yg mobil ga kak ngerokok dalem mobil udik awat mobil ga main kalo asep rokok ngerawat yah,"Kalau beneran dia yg punya mobil pasti ga akan mau kak ngerokok didalem mobil. Selain udik, perawatan mobilnya itu ga main2 kalo kena asep rokok (kalau dia mau ngerawat yah )"
Merendahkan Intelektual & Sosial,salah alas gue ga kampung org ga liat org yg beda liat org yg pakai nyentrik ga omongin ketawain perkara gue org jakarta lg pulkam jajan aja bilang udik hadeh,"itu salah satu alasan kenapa gue ga pernah mau balik kampung. org2 nya ga bisa liat org yg berbeda sedikit, liat org yg pakaiannya nyentrik dan ga biasa buat mereka di omongin, di ketawain. perkara gue org jakarta lg pulkam dan jajan aja di bilang udik. hadeh."
Merendahkan Intelektual & Sosial,tuju kak banget gila normalisasi rokok mobil sekolah nggak sih zaman modern kayak perilaku udik haram nunjukin nggak didik,"Setuju, Kak
Pantas banget disebut Orang Gila kalau ada yang menormalisasi merokok di dalam mobil. 
Dia sekolah nggak sih
Zaman modern kayak sekarang, kok masih ada yang berperilaku udik begitu
Sudah haram
Malah nunjukin orang nggak berpendidikan pula"
Merendahkan Intelektual & Sosial,udik,Orang udik berarti
Merendahkan Intelektual & Sosial,serah org bilang ngerokok mobil udik gw,"Terserah org mau bilang apa, tapi ngerokok dalam mobil itu udik buat gw!"
Merendahkan Intelektual & Sosial,alayudik liat wkkwk,"Alay,udik baru liat orang wkkwk"
Merendahkan Intelektual & Sosial,udh gw tolak ngejar gw katain miskin udik kampung beneran ngejauh kesel gw katain gitu wkwk gimana lu udh gw tolak ngeyel sih,"biasanya karena udh gw tolak dengan baik tapi masih ngejar gw katain miskin, udik, kampungan. baru beneran ngejauh karena kesel gw katain gitu wkwk ya gimana lu udh gw tolak baik baik ngeyel sih."
Merendahkan Intelektual & Sosial,eh monyet bilangin tementemen kartap lu goblok goblok bebal udik norak sih karyawan shopee tuh kerja proyek bidang tech,"Eh monyet bilangin sama temen-temen kartap lu, KENAPA KALIAN ITU GOBLOK GOBLOK BEBAL UDIK NORAK SIH? 
Karyawan shopee tuh ibarat pekerja proyek tapi di bidang tech"
Merendahkan Intelektual & Sosial,udah dasar udik tolol ubah,Memang udah dasarnya udik dan tolol dan tidak akan berubah...
Merendahkan Intelektual & Sosial,aja makan jir kaya kucing gapernah kasih makan aja makan df wf bungkus hari ayam rebus potong minum gw ganti hari anjir aja laku kaya kucing udik,"apa aja dimakan jir kaya kucing gapernah dikasih makan aja padahal makan df selalu ada, wf sebungkus sehari, ayam rebus sepotong tiap hari, minum gw ganti 2x sehari. kurang apa anjir masih aja kelakuan kaya kucing udik. "
Merendahkan Intelektual & Sosial,sumpah kadang kesel banget ucil kek udik banget anjrit gw udah ngomel khawatir ngeluarin liur gitu garagara makan sembarang,sumpah kadang kesel banget sama ucil kek udik banget anjrit gw udah berapa kali ngomel sambil khawatir dia ngeluarin liur gitu gara-gara makan sembarangan.
Merendahkan Intelektual & Sosial,anak yatim join the trend ga,anak yatim harus join the trend ga
Merendahkan Intelektual & Sosial,lu diem gw kasih layan si anak yatim piatu,"lu diem.
gw masih kasih pelayan buat si anak yatim piatu itu."
Merendahkan Intelektual & Sosial,naruto anak korban dr munafik warga konoha alas naruto buat onar warga konoha anggap naruto manusia monster ucap sakura gk wajarkarena bilang sperti hadap anak yatim btw sakura anak yg cerdas,"Naruto adalah anak korban dr kemunafikan warga konoha,.
alasan Naruto berbuat onar agar warga konoha menganggap Naruto itu Manusia bukan Monster,.
dan ucapan Sakura gk wajar,karena dia bilang sperti itu tepat dihadapan anak yatim.
btw Sakura itu anak yg cerdas."
Merendahkan Intelektual & Sosial,duit tabung tua minato kak diplintir nama santun anak yatim hiruzen si korup,"Dari duit tabungan masa tua Minato kak, tapi diplintir namanya jadi ""santunan anak yatim"" sama Hiruzen si korup itu."
Merendahkan Intelektual & Sosial,belanja anak yatim gak sih,Membelanjakan anak yatim gak sih?
Merendahkan Intelektual & Sosial,santun anak yatim,santunan anak yatim
Merendahkan Intelektual & Sosial,hutang njir kadang kasih kakek jual ramen hiruzen laknat aja duit anak yatim piatu korupsi,Hutang njir itu. Kadang dikasih sama kakek penjual ramen. Hiruzen laknat aja. Duit anak yatim piatu dikorupsi
Merendahkan Intelektual & Sosial,tunjang yatim piatu desa konoha subsidi bulan naruto anak yatim piatu tua gugur pahlawan waris jiraiya tinggal indikasi waris harta guru royalti buku icha icha,"Tunjangan yatim piatu dari desa  Konoha memberikan subsidi bulanan untuk Naruto sebagai anak yatim piatu yang orang tuanya gugur sebagai pahlawan.

Warisan dari Jiraiya  Setelah meninggal, ada indikasi mewarisi sebagian harta gurunya.

Royalti buku Icha Icha"
Merendahkan Intelektual & Sosial,lhah kirain kaya raya dg tukin sultanternyata kere kirain gubernur keren pilgubnya rame mahal tuh kere propinsi,"lhah kirain 
@jatengprov
 @provjateng
 @humasjateng
 juga kaya raya dg TUKIN Sultan..ternyata kere juga ya??? kirain gubernurnya keren kan pilgubnya rame n mahal tuh
kok bisa kere ya propinsinya?!
@TajYasinMZ
 @Jateng_Twit
 @BPPD_JATENG
 @PNS_Ababil
 @ASN_TELADAN
 @jokowi
 @ganjarpranowo"
Merendahkan Intelektual & Sosial,laku kayak mahasiswa kere yg kondangan random makan gratis,"Kelakuan 
@aniesbaswedan
 kayak mahasiswa kere yg datang ke kondangan random demi makan gratis "
Merendahkan Intelektual & Sosial,macak kere jatuh biar nggak bahan tepuk tangan rasanrasan,"kalau saya macak kere atau biasa saja, kalau jatuh biar nggak jadi bahan tepuk tangan dan rasan-rasan "
Merendahkan Intelektual & Sosial,fatini qaytarib obkelish kere buni orniga,Fatini qaytarib obkelish kere buni orniga
Merendahkan Intelektual & Sosial,kere tingkah,Wong kere banyak tingkah
Merendahkan Intelektual & Sosial,btw kere ki ora salah lho lurr opo teh kere ning indonesah kancane okeh lurr sing teteg koyo mayoritas ngono kae lho,"Btw, kere Ki ora salah lho lurr, opo meneh kere Ning indonesah, kancane okeh lurr, sing teteg koyo mayoritas ngono kae lho ."
Merendahkan Intelektual & Sosial,asli orangnga legowo banget loh dimusuhin aja ngga ngomong kere keren,Tapi asli orangnga legowo banget loh dia. Mau dimusuhin siapa aja ngga banyak ngomong. Kere  keren
Merendahkan Intelektual & Sosial,otinga topshirish kere uni,Otinga topshirish kere uni
Merendahkan Intelektual & Sosial,wes kere rusuh jan goblok goblok iki kota bubarke wae,"Wes kere, rusuh, jan goblok goblok iki kota bubarke wae"
Merendahkan Intelektual & Sosial,makan porsi kuli,makan besar itu porsi kuli ya
Merendahkan Intelektual & Sosial,kyk kuli,kyk kuli
Merendahkan Intelektual & Sosial,porsi kuli,itu 33 nya porsi kuli
Merendahkan Intelektual & Sosial,nguli bayar aja katain miskin coba kuli bangun mogok bangun rumah lo,"Jadi nguli bayaran 50.000 aja di katain miskin, coba kuli bangunan mogok kerja ,siapa bangun rumah Lo?"
Merendahkan Intelektual & Sosial,udh patriark hilang ingfo kuli bagunan perempuan,Udh saatnya patriarki dihilangkan. Ingfo kuli bagunan perempuan
Merendahkan Intelektual & Sosial,alhamdulilah ala kuli aali,Alhamdulilah Ala kuli aali 
Merendahkan Intelektual & Sosial,porsi kuli,Ini porsi kuli 
Merendahkan Intelektual & Sosial,kaya sean skin kuli gak deh,Kayanya Sean skin kuli gak laku deh
Merendahkan Intelektual & Sosial,aman aja abang ngapain malu kuli,Aman aja abang! Ngapain malu kan bukan kuli.
Merendahkan Intelektual & Sosial,adm bisnis kelas karyawan kuli pabrik resign trs cari kantor mikir bangettt saran pls,"Aku s1 adm bisnis (kelas karyawan)  jadi kuli pabrik mau resign trs cari kerja kantoran jadi mikir bangettt, saran pls"
Merendahkan Intelektual & Sosial,top qualy balap wibu sales indihome pole inara oleholeh jogja pengantin ragnar oratmangoen nekstaym gas melon udah gak mokel alat kuli limbad cari,"Top 10 Qualy balap wibu

Sales Indihome pole lagi
Inara
Oleh-oleh Jogja
Pengantin baru
Ragnar Oratmangoen
Nekstaym lagi
Gas Melon
Udah gak mokel
Alat kuli
Limbad

Jangan cari yang tidak ada 

#F1 #JapaneseGP"
Merendahkan Intelektual & Sosial,alhamdulilah alah kuli ahl,Alhamdulilah alah kuli ahl
Merendahkan Intelektual & Sosial,lebaran kemarin ak abis piring porsi kuli,soalnya lebaran kemarin ak abis 4 piring dengan porsi kuli
Merendahkan Intelektual & Sosial,wih tumben makan gue kaya kuli,Wih tumben makan gue hari ini banyak kaya kuli
Merendahkan Intelektual & Sosial,pikir koruptor biaya menteri jabat strategis gak murah tetep kuli aja wkwkwkwk,"pernah kepikiran jadi koruptor enak, tapi biaya untuk menjadi menteri atau punya jabatan strategis juga gak murah, akhirnya tetep jadi kuli aja sampai sekarang wkwkwkwk"
Merendahkan Intelektual & Sosial,dark system aja kalo solo kwkw pake tank dapet tim ampas,"Masih dark system aja kalo solo ya kwkw, aku dulu pake tank, dapet tim juga ampas terus"
Merendahkan Intelektual & Sosial,bilang ampas,60 dibilang ampas :(
Merendahkan Intelektual & Sosial,benerrr cmn takut ga kuat battle proto ampas,"Benerrr, cmn takut ga kuat buat battle karena protoku ampas semua "
Merendahkan Intelektual & Sosial,brazil ampas bikin main cidera kalah,Brazil ampas bikin pemain pada cidera mana kalah lagi
Merendahkan Intelektual & Sosial,topup yg aja kaya beli barang game gw ngabisin gacha doang ampas hasil,biasanya topup buat yg pasti pasti aja kaya beli barang (di game lain) baru pertama kali gw ngabisin hampir 100k cuma buat berapa kali gacha doang dan ampas hasilnya 
Merendahkan Intelektual & Sosial,gak sushi go menu yg ilang menu baru ampas,"gak akan ke sushi go lagi, menu lamanya banyak yg ilang, menu barunya ampas semua"
Merendahkan Intelektual & Sosial,ampas dikit sih,Ampas tahu lewat dikit sih
Merendahkan Intelektual & Sosial,iyaa gawang bobol beckam emang tim ampastermasuk tim ibukota,"Iyaa yang gawang nya di bobol beckam emang tim ampas,termasuk tim ibukota"
Merendahkan Intelektual & Sosial,ampas bgt setannnn,AMPAS BGT SETANNNN 
Merendahkan Intelektual & Sosial,congrats bebeb aaku ampas,"Congrats bebeb...
Aaku ampas "
Merendahkan Intelektual & Sosial,bentuk ampas kopi kaya rumah patrick,Dalam bentuk ampas kopi kaya rumah patrick 
Merendahkan Intelektual & Sosial,mulut lobang closet sih dr kmaren yg isi ampas mulu,itu mulut atau lobang closet sih... dr kmaren yg keluar isinya ampas mulu...
Merendahkan Intelektual & Sosial,bagai nih pedang ijo wkwkwk samsung ampas,Kebagaian juga nih pedang ijo wkwkwk samsung ampas
Merendahkan Intelektual & Sosial,yuk untung gw musim kaga suruh bawa mobil ampas dah,Yuki : untung gw musim ini kaga disuruh bawa mobil ampas itu dah
Merendahkan Intelektual & Sosial,ni bocah damping,Ni bocah harus didampingi terus
Merendahkan Intelektual & Sosial,kek bocah umur tahun,"Kek bocah, paling umur 13 tahun"
Merendahkan Intelektual & Sosial,niat nidurin bocah gua ngantuk,"Niat mau nidurin bocah, malah gua yang ngantuk"
Merendahkan Intelektual & Sosial,kalo hadiah jawab beratt karna wajar manusia nyaa otak ku wishlist udh abcd tp mikir adik ku hehehe jd moga bocah cpt kelar kuliah deh biar jerih payah pontang panting gua hasil,"kalo ditanya mau hadiah apa ya jawabannya beratt, karna sewajarnya manusia pasti banyak mau nyaa:') di otak ku wishlist udh abcd tp selalu mikir untuk adik ku dulu hehehe jd semoga ini bocah cpt kelar kuliah nya deh biar jerih payah kerja pontang panting gua ada hasil"
Merendahkan Intelektual & Sosial,bocah hiphop,Bocah hiphop 
Merendahkan Intelektual & Sosial,hehehr,Hehehr
Merendahkan Intelektual & Sosial,apasih tolol kaya nyawa harga aja tolol bocah tolol kalo posisi bawa mobil ku matiin,Apasih tolol kaya nyawamu berharga aja tolol bocah tolol itu kalo aku di posisi yang bawa mobil sudah ku matiin
Merendahkan Intelektual & Sosial,geghe bocah mokelnya keenan benar nggak thr kah,"Geghe dan dua bocah mokelnya~~
Keenan benaran nggak dapat thr, kah?"
Merendahkan Intelektual & Sosial,oalah pantesan ngotot bgt klo bacot tau bocah model gitu,Oalah pantesan ngotot bgt klo bacot taunya bocah modelan gitu
Merendahkan Intelektual & Sosial,tau kalo gue pergi jemput tuh bocah,"dia kan tau kalo hari ini gue mau pergi, segala di jemput tuh bocah "
Merendahkan Intelektual & Sosial,copet seklian hati yg debu wkwkwk,copet seklian hatiku yg sudah berdebu ini wkwkwk
Merendahkan Intelektual & Sosial,gamau ah trauma copet kalo sabtu gin kodam,gamau ah trauma copet kalo sabtu gini ke kodam
Merendahkan Intelektual & Sosial,asa kejar copet wkwk ga worth it bagi yg suka restnya,Nah itu dia berasa dikejar copet wkwk ga worth it bagiku yg suka banyak restnya
Merendahkan Intelektual & Sosial,windah ngaku copet,windah ngaku copet
Merendahkan Intelektual & Sosial,thr dd yaya abang copet,"Ini kan THR dari dd Yaya, abang copet."
Merendahkan Intelektual & Sosial,keren banget kemarin nyamar susah bedain presiden copet salutttt,keren banget kemarin nyamar sampai susah bedain mana yang presiden mana yang copet salutttt 
Merendahkan Intelektual & Sosial,stop furab kurap sarap sosmed,bisa stop g furab kurap sarap lewat di sosmed w 
Merendahkan Intelektual & Sosial,cewek sarap lo nikah lo bedua sono jauhin gue anjinnngggg,"CEWEK SARAP LO!!!! NIKAH LO BEDUA SONO, JAUHIN GUE ANJINNNGGGG!!!!"
Merendahkan Intelektual & Sosial,sarap pota,sarap pota
Merendahkan Intelektual & Sosial,toxic fansnya mrk mang amit amit pere pere napa seh cma mrk reportin vid idol sarap,"toxic fansnya mrk mang amit amit itu pere pere napa seh , cma mrk yang reportin vid idol nya sendiri juga *sarap*"
Merendahkan Intelektual & Sosial,dokter sdh sjenis virus versi beda pulih saran minum pil natur rangsang sarap kulit,Kata dokter nya sdh sjenis virus ini tapi versi yang berbeda. Memang untuk pemulihannya agak lama malah disarankan minum pil Natur e untuk merangsang sarap pada kulit.
Merendahkan Intelektual & Sosial,sarap coke,sarap coke
Merendahkan Intelektual & Sosial,sarap emang,sarap emang
Merendahkan Intelektual & Sosial,sarap bro dm me,Sarap bro! Dm me
Merendahkan Intelektual & Sosial,mbeur ak reuyayam nane rek la meuna nekei goorjiguen lolou diekoul sakh sarap khoni dmrm yii rek,Mbeur ak reuyayam nane rek la meuna nekei goorjiguen lolou diekoul sakh sarap khoni dmrm yii rek
Merendahkan Intelektual & Sosial,sinting bgt,sinting bgt
Merendahkan Intelektual & Sosial,still have some hopes temen temen wota cowo gue aman aja lupa kalo sinting,"Still have some hopes soalnya temen temen wota cowo gue aman2 aja, lupa kalo masih banyak yang sinting"
Merendahkan Intelektual & Sosial,ga peduli hodoh gue sylus caleb pokok tu org kudu nyobain masakan ayah gue sinting gue bikin candu lu,ga peduli hodoh gue sylus apa caleb pokoknya tu org kudu nyobain masakan ayah gue sinting gue bikin candu lu pada
Merendahkan Intelektual & Sosial,komunitas sinting,komunitas orang sinting
Merendahkan Intelektual & Sosial,sinting perut gwe dh perih dikit hehe,WAH SINTING PERUT GWE DH PERIH DIKIT hehe
Merendahkan Intelektual & Sosial,waras kak sih udah sinting yaa,"masih waras kak? aku sih udah sinting yaa

#OnlyFriendsDreamOnEP5 #MamixJossGawinMaldivesTrip"
Merendahkan Intelektual & Sosial,njir jam palimanancirebon edan pantura edannnn,"Njir 2 jam palimanan-cirebon
EDAN PANTURA EDANNNN"
Merendahkan Intelektual & Sosial,makhluk apasih ryul ganteng bgt edan gw tres,MAKHLUK APASIH RYUL INI GANTENG BGT EDAN GW SETRES
Merendahkan Intelektual & Sosial,anjirsss buka ig kejut buka kejut lagi anjirss lu wayarr cokk edan,"ANJIRSSS BUKA IG TERKEJUT, BUKA X LEBIH TERKEJUT LAGII, ANJIRSS LU WAYARR COKK EDAN

#OnlyFriendsDreamOnEp5"
Merendahkan Intelektual & Sosial,semir rambut edan rambut ku udah kaya sanji,"Hari ini semir rambut, edan rambut ku udah kaya sanji "
Merendahkan Intelektual & Sosial,bocah gemblung tau wapres edan gin gada fungsi,Bocah gemblung.. Baru tau punya wapres edan gini gada fungsinya
Merendahkan Intelektual & Sosial,edan cakep banget ni genggg,EDAN CAKEP BANGET NI GENGGG
Merendahkan Intelektual & Sosial,buzzer puja anus edan,Buzzer pemuja anus edan
Merendahkan Intelektual & Sosial,menteri guoblokkk soak edan,Menteri guoblokkk Soak EDAN
Merendahkan Intelektual & Sosial,kejar kah pull pull tuh kejam banget edan dias cimit ku letoy,"biasanya kamu memang kejar R3 kah? selalu pull di hari pertama?
600 pull tuh kejam banget, edan. dias cimit² ku langsung letoy melihatnya "
Merendahkan Intelektual & Sosial,yg jahat kelompok dengki puja anus edan,Yg jahat itu kelompok dengki pemuja anus edan
Merendahkan Intelektual & Sosial,geblek bet sial,"Hari hari geblek bet sialan 
@MercedesAMGF1"
Merendahkan Intelektual & Sosial,abis lu apain geblek,abis lu apain geblek
Merendahkan Intelektual & Sosial,yaudah army udh pd gede jg org yg ken fangirlingan partner idolnya sbnrnya udh partner lowkey tp trust issue seperation issue fams issue also man hater want to have bright career dl jg emg geblek aja wkwk,Dan yaudah army udh pd gede  jg. Dan org yg pengen fangirlingan sama partnernya karena idolnya sbnrnya udh punya partner masing2 lowkey adalah aku. Tp trust issue seperation issue fams issue also man hater want to have bright career dl jg aku ?? ?? ?? Emg geblek aja wkwk
Merendahkan Intelektual & Sosial,cari ege nama janji tepat nyuruh gue nunggu gue nunggu gasopan bgt tbtb soldin geblek,"bukan masalah cari yang lain ege, namanya janji ya harusnya ditepati. dia nyuruh gue nunggu ya gue nunggu lah gasopan bgt tbtb sold-in ke orang geblek"
Merendahkan Intelektual & Sosial,gg gemi geblek si alay tau senyum senyum bener jalan izin main bareng sandi noah males rumah,"[  : GG (Gemi Geblek) ]        

 Si paling alay. Aku tau kamu lagi senyum senyum sekarang.
 Bener kan?
 Ini mau jalan keluar.. sekalian mau izin aku mau main bareng Sandi sama Noah. Males di rumah soalnya
 Kamu?"
Merendahkan Intelektual & Sosial,iya omsaya geblek,Iya om...sAya GEBLEK.
Merendahkan Intelektual & Sosial,geblek bjirrr,Geblek bjirrr
Merendahkan Intelektual & Sosial,tutorial ngasih tau normal presiden indon skrg blenger geblek tolol euy,"tutorial ngasih tau orang normal, masalahnya presiden indon skrg blenger geblek tolol euy"
Merendahkan Intelektual & Sosial,bundir geblek,mau bundir geblek
Merendahkan Intelektual & Sosial,geblek beneran jepang slot jlpt ngewar udh gak unlimited bener putus gw berangkat untung desember kemaren udh bagi krn slot nnya udh abis,"Geblek, beneran ternyata di Jepang slot JLPT sekarang ngewar udh gak unlimited lagi. Bener keputusan gw berangkat lebih awal, dan untung desember kemaren udh ikut N3 jadi sekarang masih kebagian N2 krn slot N3nya udh abis "
Merendahkan Intelektual & Sosial,ungu nyadar tp fans idol gb iiih fix dating geblek,"Ungu nyadar tp fans idol gb lain malah ""iiih mereka fix dating"" geblek."
Merendahkan Intelektual & Sosial,tahan digebukin fiks geblek,"Yang masih pada bertahan padahal digebukin tiap hari, fiks geblek"
Merendahkan Intelektual & Sosial,puas banget gilaaaa gw yg gila,PUAS BANGET GILAAAA (gw yg gila)
Merendahkan Intelektual & Sosial,mari tunggu sp peran pria gila,MARI TUNGGU sp yang memerankan pria gila itu...
Merendahkan Intelektual & Sosial,gila berani bgt sertif rumah org iya kalo digadein doang kalo balik nama ga gondok liat tu so called sodara nempatin rumah trs pura budeg pas tuntut wkwkkwk,Gila berani bgt minta sertif rumah org. Iya kalo digadein doang. Kalo dibalik nama sekalian apa ga gondok liat tu so called sodara nempatin rumah kita trs dia pura2 budeg pas kita tuntut wkwkkwk
Merendahkan Intelektual & Sosial,tampil terima kasih sentuh artistik tampil ryul prima sudut pandang gila mampus mampus semsem ryul sekian terima kasih,"ditampilkan. Terima kasih telah memberikan sentuhan artistik yang luar biasa dan memastikan penampilan Ryul tetap prima di setiap sudut pandang. Serta membuat saya gila mampus setengah mampus karena kesemsem Ryul

Sekian yang dapat saya sampaikan, terima kasih 
@LNGSHOT4sho"
Merendahkan Intelektual & Sosial,udh gila kek,udh gila itu keknya
Merendahkan Intelektual & Sosial,main eh playstation sale gila game best tgh murah,Kemain eh playstation punya sale. Banyak gila game best tgh murah
Merendahkan Intelektual & Sosial,gilagilanya,Ada gila-gilanya 
Merendahkan Intelektual & Sosial,gila duit situ,Gila juga duitnya dari situ
Merendahkan Intelektual & Sosial,cuman ken uang aja biar ga gila,"cuman pengen banyak uang aja 
biar ga gila"
Merendahkan Intelektual & Sosial,sumpah koyak gila babi harini,sumpah koyak gila babi harini
Merendahkan Intelektual & Sosial,kedah panas gila siot,Kedah panas gila siot
Merendahkan Intelektual & Sosial,simpatisan sby rasa ekonomi jabat sby yg moncer uang deras lepas ramai korupsi korupsi jamana rejim puluh lipat gila dapat seret,"Saya bukan berarti simpatisan SBY. Yang kami rasakan terutama perekonomian saat masa jabatan SBY yg ke 2 sangat moncer, uang begitu deras. Terlepas dari ramainya kasus korupsi saat itu. Korupsi di jamana rejim selanjutnya berpuluh kali lipat lebih gila, pendapatan seret"
Merendahkan Intelektual & Sosial,jersey ori beli kemaren pas jersey inter oren transformers gila ngebet banget pas tau harga jt duh ga ga kuat financial wkkwkwk,"Sampai sekarang saya belum pernah punya jersey Ori, karena belum mampu beli.
Kemaren pas jersey inter Oren yang transformers gila ngebet banget, tapi pas Tau harganya 2.5jt... duh ga jadi ... Ga kuat financial. Wkkwkwk"
Merendahkan Intelektual & Sosial,gila,Baru hampir belum gila 
Merendahkan Intelektual & Sosial,meriang gw abis gila,Meriang gw abis ini gila
Merendahkan Intelektual & Sosial,udah gila,udah gila ya 
Merendahkan Intelektual & Sosial,gila gw pencet emot ortu gue ujung gue diomelin,"Gila gw kepencet emot depan ortu gue, berujung gue diomelin"
Merendahkan Intelektual & Sosial,gila ihhhh radang nyiksa bangettt pgn makan pdhl ak habis duit tp trnyata cobaannyah,gila ihhhh radang ini nyiksa bangettt pgn makan enak pdhl ak siap menghabiskan duitku itu tp trnyata ini cobaannyah 
Merendahkan Intelektual & Sosial,gila bgt admin modi,GILA BGT ADMIN MODI
Merendahkan Intelektual & Sosial,gila kagak yg top up karna udah saved nasib bansos gue gmn,Gila kagak ada yg top up apa karna udah saved semua nasib bansos gue gmn
Merendahkan Intelektual & Sosial,autis ga konek otak lu,Autis apa ga konek otak lu?
Merendahkan Intelektual & Sosial,bocil autis clueless main ayun teluk benoa negara kntl,"Sementara bocil autis clueless masih main ayunan di Teluk Benoa.
Negara kntl"
Merendahkan Intelektual & Sosial,pm kalo autis autis banget ajg,PM kalo autis autis banget ajg
Merendahkan Intelektual & Sosial,its xuezhangggg bu lai ma hmm autis sih tp ahhh,"Its 3 ! Xuezhangggg bu lai ma ? 

Hmm ada autis sih tp ahhh"
Merendahkan Intelektual & Sosial,huft weekend si autis kelas is literally,Huft weekend ada si autis di kelas is literally 
Merendahkan Intelektual & Sosial,kutuk tolol yg tipu ama bocil autis pake bilang solo bagus bla bla iya dukung all out pusat tuntut ilmu pikir kritis boomer gen gen gen tolol classless,"Terkutuklah orang orang tolol 58 % yg ketipu ama bocil autis begini.
Segala pake dibilang solo bagus, bla bla, ya iyalah didukung all out pusat.
Pentingnya menuntut ilmu untuk berpikir kritis, wahai boomer, gen X, gen Y, gen Z tolol classless sekalian."
Merendahkan Intelektual & Sosial,autis sebut mantan alex gue nonton game of thrones seger sampe sakit autis,"selain autis adalah sebutan buat mantan alex, menurut gue nonton game of thrones dari mata seger sampe sakit juga autis "
Merendahkan Intelektual & Sosial,indonesia ngarep mimpi muncul teknologi edit genome ukur kontol bikin puas sperma ga aja gaptek autis idiot ga tau ukur manuk sungguh,Orang Indonesia itu ngarep dan mimpi di masa depan muncul teknologi untuk edit genome supaya ukuran kontol bisa bikin puas dan jumlah sperma jadi banyak padahal kan ga mungkin mereka aja gaptek autis idiot supaya orang ga tau ukuran manuk mereka sesungguhnya kecil
Merendahkan Intelektual & Sosial,urus negara sndiri arman,Urus saja negaramu sndiri arman
Merendahkan Intelektual & Sosial,jlek kek autis jaman,jlek kali kek autis jaman ini
Merendahkan Intelektual & Sosial,hadeh komen lu aja kek bacot autis antri pas bagi otak udah kalo emang scumbag idiot gaboleh pinter tau loh respon,"Hadeh komen lu aja kek bacotan autis ""ikut antri pas pembagian otak"" udah ya kalo emang scumbag dan idiot gaboleh merasa pinter, ketauan loh dari cara respon nya"
Merendahkan Intelektual & Sosial,selamat malay selamat tinggal ta lolos piala asia,Selamat malay. Selamat tinggal ta jadi lolos piala asia
Merendahkan Intelektual & Sosial,pikir gak sih kalo anak autis lahir ortu darah sadar gw nemu perempuan salome tau tau udah tua anak nikah anak,"kepikiran gak sih kalo anak autis di lahirkan dari ortu yang sedarah tanpa sadar. 
soalnya gw nemu kasus perempuan Salome dan tau tau udah tua anak nya nikah sama anaknya juga"
Merendahkan Intelektual & Sosial,kalo repost nama autis,Kalo repost terus apa namanya? Autis?
Merendahkan Intelektual & Sosial,pikir bangsa indonesia hidup zaman megalitikum,dipikir bangsa indonesia itu masih hidup di zaman megalitikum
Merendahkan Intelektual & Sosial,ih iya bener yg revan autis,"ih iya bener, kata yg tepat untuk revan adalah ""autis"""
Politik / SARA / Labeling,makanyataat patuh atur bongjgn dg masjid al aqso,Makanya...TAAT dan PATUH ATURAN Bong....jgn katakan dg Masjid Al Aqso...
Politik / SARA / Labeling,banget seru sih karna liat liat nanya korea nan no kyodesuka kwkwkkwkwk tp goyang goyangin candy bong,Bisa banget ini dan malah lebih seru sih karna saling liat liatan ke sekitar dan nanya korea nani no kyodesuka? KWKWKKWKWK tp sambil goyang goyangin candy bong
Politik / SARA / Labeling,west bengal vote hoi na vote korate hoi ta suvendu adhikari moto koyekta manus thkle bjp govt asa theke keu atkate prto na,West bengal e vote hoii na vote korate hoii..20 ta suvendu Adhikari r moto koyekta manus thkle bjp ke govt e  asa theke keu atkate prto na.
Politik / SARA / Labeling,abp dekho pc korche hr dhorev,"Abp dekho, pc korche 1 hr dhorev"
Politik / SARA / Labeling,bong bsdk pura article padh le phele,Bong bsdk pura article padh le phele
Politik / SARA / Labeling,north bengal mein zada kanglu,North Bengal mein zada kanglu hai
Politik / SARA / Labeling,jahan kanglu nahi wah shanti,Jahan kanglu nahi wahan shanti
Politik / SARA / Labeling,gujarat danga,Gujarat danga 
Politik / SARA / Labeling,ken yun meimeinya si bong kalo serin cocok cece njun keluarga pureblood dokter,pengen yun jadi meimeinya si bong tapi kalo serin lebih cocok jadi cecenya njun (yang keluarga pureblood dokter semua itu)
Politik / SARA / Labeling,sampahhh provokasi bong,Sampahhh. Provokasi terus bong
Politik / SARA / Labeling,half sikh half bong,"Half Sikh 
Half Bong"
Politik / SARA / Labeling,bong,"@NataliusPigai2
 kerja bong!"
Politik / SARA / Labeling,strong girl do bong soon kak happy end romcom junior kembarr,"strong girl do bong soon kak, ini happy end romcom, malah punya junior kembarr"
Politik / SARA / Labeling,wapres elu bong tukang ngeflywkwkw mantan candu narkoboy,Wapres elu bong tukang ngefly..wkwkw mantan pecandu narkoboy
Politik / SARA / Labeling,bing bong,Bing bong
Politik / SARA / Labeling,ga nyangka binky bong,Ga nyangka bakal naik binky bong 
Politik / SARA / Labeling,bong,Bong
Politik / SARA / Labeling,fungsi nyari info surface level aja referensi jgn pake link wiki,"Masih, fungsinya buat nyari info yang surface level aja. Kalau buat referensi ya jgn pake link wiki"
Politik / SARA / Labeling,si cebong termul panik takut hukum modyar bareng mulyono ijazah palsu fufufafa asam sulfat stress mampuz lu bong,"si cebong termul 
@dimaspram96
 panik, ketakutan ikut dihukum modyar bareng mulyono ijazah palsu & fufufafa asam sulfat stress. 
mampuz lu bong..!!! "
Politik / SARA / Labeling,publik cebong termul kadrun terjal ternis kencing onta dlsb muncul wan yaman istilahistilah rendah muncul kuasa tahun rusa yg lanjut,"publik menjadi cebong, termul, kadrun, terjal, Ternis, kencing onta dlsb. Mulai sejak kemunculan wan Yaman inilah istilah-istilah saling merendahkan itu muncul, yang sebelumnya tidak pernah ada. 

Jadi jelas, dia hanya berkuasa 4 tahun Tapi kerusakan yg dibuatnya berlanjut"
Politik / SARA / Labeling,mau buru cebong,padahal aku maunya berburu cebong 
Politik / SARA / Labeling,wapres pilih cebong,Wapres pilihan Cebong !
Politik / SARA / Labeling,prestasi selamat uang rakyat triliun rupiah batal dana pensiun dpr,"Prestasinya sudah jelas, menyelamatkan uang rakyat Triliunan rupiah. Dengan membatalkan dana pensiun DPR."
Politik / SARA / Labeling,maaf tempat sesuai selangkang yg kasih jabat,"Mohon maaf, mungkin ditempatkan sesuai selangkangan yg kasih jabatan."
Politik / SARA / Labeling,dasar binatang zionis lenyap bumi,"Dasar Binatang...
Kalian para zionis akan segera lenyap dari bumi ini"
Politik / SARA / Labeling,mesti tabrak aja,mestinya ditabrak sekalian aja
Politik / SARA / Labeling,hiu harap makan,"Itu para hiu ada di bawah sambil berharap, dapat makanan."
Politik / SARA / Labeling,bajingaaaan perintah keparat,"Bajingaaaan...
Pemerintah keparat"
Politik / SARA / Labeling,kolam cebong,Kolam cebong?
Politik / SARA / Labeling,cebong termul panik takut hukum modyar bareng mulyono ijazah palsu fufufafa asam sulfat mampuz lu bong,"cebong termul panik, ketakutan ikut dihukum modyar bareng mulyono ijazah palsu & fufufafa asam sulfat.
mampuz lu bong..!!! "
Politik / SARA / Labeling,cebong anjing kenob asu,"@tyonugrh_
 cebong anjing
Kenob asu"
Politik / SARA / Labeling,mantan cebong jokowi,Mantan Cebong Jokowi.
Politik / SARA / Labeling,maksud wabah cebong sarap buzzerp otak ma junjung si jae,"Bukan, maksudnya wabah cebong sarap dan buzzeRp tak berotak, 11-12 ma junjunganmu, si jae"
Politik / SARA / Labeling,gara lo goblok cebong jd presiden ijasah palsu,"Gara2 lo goblok mau jadi cebong, jd ada presiden ijasah palsu"
Politik / SARA / Labeling,banget bahas cebong kadal,2019 banget bahasannya cebong sama kadal
Politik / SARA / Labeling,awokwokwokwok cebong laknat,AWOKWOKWOKWOK Cebong laknat
Politik / SARA / Labeling,kau ngerti polarisasi bangsat cerdas gus dur dukung tpi lengser juta saudara nu sumbang nyawa tpi yg gus dur tpi semenjak jokowi dki kenal cebong kampret termul,"Kau ngerti polarisasi g bangsat? 
Kurang cerdas apa Gus Dur? Kurang banyak apa pendukungnya? Tpi ketika dia lengser, jutaan saudara2 NU menyumbangkan nyawanya. Tpi apa yg d buat Gus Dur? 
Tpi semenjak jokowi masuk DKI kita mengenal cebong dan kampret, dan sekarang Termul."
Politik / SARA / Labeling,awokwokwok biarin mamah qataq ajadeh turn cebonger peri ak maw baju mahal pel netease,"Awokwokwok biarin mamah Qataq ajadeh yang turn para cebonger jadi peri kecil, ak maw baju mahal itu pelis netease "
Politik / SARA / Labeling,dh pensiun mash ja citra cair teh thr cebonger,"Dh pensiun mash ja pencitraan,. Cair teh THR cebonger"
Politik / SARA / Labeling,omdocuma cebonger yg percaya,"Omdo,..cuma cebonger yg percaya"
Politik / SARA / Labeling,ormas tsb benci jokower cebongerdan bubar kuasa ijazah ndobol janji palsu,Ormas tsb paling dibenci jokower dan cebonger.dan dibubarkan oleh penguasa berijazah ndobol dan janji palsu.
Politik / SARA / Labeling,dsini yg dulunya cebonger,Apakah dsini ada yg dulunya cebonger?
Politik / SARA / Labeling,seinget gw koarkoar gak makan infrastruktur tipe kayak dokter tifa deh pundit politik usia an atas narasi gak cebong cebonger termul benerbener nyerang personal,"Seinget gw yang sering koar-koar ""gak makan infrastruktur"" itu tipe orang kayak dokter tifa deh. Pundit politik yang usianya 40an keatas. Dan narasinya pun gak jauh dari cebong, cebonger dan kalau sekarang termul yang bener-bener nyerang personal."
Politik / SARA / Labeling,cebonger beda dgn termul,Cebonger beda dgn termul
Politik / SARA / Labeling,plus kaum cebonger the termuls,Plus kaum cebonger dan The Termuls harusnya...
Politik / SARA / Labeling,cebonger gak nongol yadah pikun jnji bos gitu,"Cebonger kok gak nongol ya,dah pikun sama jnji bosnya gitu?"
Politik / SARA / Labeling,pake kacamata diijazahdulu waktu mulyono berkuasapernah gue obat sembuh minusnyasaya mlh maki habis habis cebongerdibilang informasilahkudet lahsuruh ngaji lg yg benerlahada yg bilang binatang,"Nah soal dia pake kacamata diijazah,dulu waktu mulyono masih berkuasa,pernah gue tanya obat untuk menyembuhkan mata minusnya,saya mlh dimaki habis habisan sama para cebonger,dibilang kurang informasilah,kudet lah,suruh ngaji lg yg benerlah,ada yg bilang binatanglah.."
Politik / SARA / Labeling,cebonger insyaf,Cebonger insyaf kalian kapan?
Politik / SARA / Labeling,aja cebonger alias termul yg nyinyir anies baswedanemang susah ngadepin cebong makan tinja mulyonope nye gk ketulungan otak,Masih ada aja cebonger alias termul yg nyinyir sama p Anies Baswedan...emang susah ngadepin cebong pemakan tinja mulyono...pe@' nye gk ketulungan ...padahal otaknya kecil...
Politik / SARA / Labeling,ciri papar virus cebonger termul hilang sadar tdk beda tembok pematang sawah,"Ciri"" orang terpapar virus cebonger dan termul hilangnya kesadaran, sehingga tdk bisa lagi membedakan mana tembok mana pematang sawah "
Politik / SARA / Labeling,th segitu akurasa indonesian cebonger,Th segitu akurasa 60% indonesian adalah cebonger
Politik / SARA / Labeling,jujur gw dl jg cebonger taon stlh jkw naek br gw nyadar kl tyt nol besarrr citra doank aakhhh gw nyesel bngtt stlh liat dampak stlh taon tambah mslh ijazah manusia,"Jujur gw dl jg cebonger, 2 taon stlh jkw naek br gw nyadar kl tyt nol besarrr,, pencitraan doank. Aakhhh gw nyesel bngtt!!! Apalagi stlh liat dampak stlh 10taon ini, ditambah lagi mslh ijazah kok ada manusia begitu?"
Politik / SARA / Labeling,pilkada dki jujur paham si jokowi pilkada dki anti pati jokowi antek antek kompromtasi cebongercebi,"Sejak pilkada DKI 2012, jujur saya sudah paham siapa si jokowi itu, karena nya saat Pilkada DKI 2012 itu saya sudah anti pati sama jokowi dan antek anteknya, dan saya selalu kompromtasi sama cebonger/cebi"
Politik / SARA / Labeling,yg posting cebonger,Yg posting pasti cebonger
Politik / SARA / Labeling,rata tengah sawah si parah bohong sana serap bangun kmp mbg proyek cuci uang jokowi parah bohong,"RATA² DITENGAH SAWAH
BAGI MEREKA SI PARAH BOHONG
PENTING SANANYA TERSERAP DAN ADA BANGUNAN
KMP & MBG ITU PROYEK PENCUCIAN UANG JOKOWI DAN PARAH BOHONG"
Politik / SARA / Labeling,bohong bpknya,Dia selalu berbohong seperti bpknya
Politik / SARA / Labeling,si parah bohong,SI PARAH BOHONG
Politik / SARA / Labeling,karna uang,Semua karna uang
Politik / SARA / Labeling,kepala isi taik,Kepalanya isinya taik
Politik / SARA / Labeling,syukur,Syukurlah
Politik / SARA / Labeling,iran percaya amerika cs,Iran sudah tidak pernah percaya sama Amerika cs
Politik / SARA / Labeling,amerika hancur,saatnya Amerika hancur
Politik / SARA / Labeling,mah akal akal si oarah bohong dana cair yg dana ladang bancak an,"ITU MAH AKAL AKALAN SI OARAH BOHONG SAJA
SUPAYA DANA DICAIRKAN
YG ADA DANA TERSEBUT JADI LADANG BANCAK AN"
Politik / SARA / Labeling,mbg sarang korupsi,MBG sarang korupsi
Politik / SARA / Labeling,skrg yg pimpin kn gerombol jokowi,lah semua skrg yg jadi pimpinan di kok kn gerombolannya Jokowi
Politik / SARA / Labeling,iran balas dendam indonesia,IRAN BALAS DENDAM KE INDONESIA
Politik / SARA / Labeling,jilid segera,98 jilid 3 segeralah
Politik / SARA / Labeling,pedofil gay si donald trump,PEDOFIL DAN GAY SI DONALD TRUMP
Politik / SARA / Labeling,layak lengser,Sudah selayaknya dilengserkan
Politik / SARA / Labeling,negara teluk bodoh tolol,Negara² teluk bodoh dan tolol
Politik / SARA / Labeling,tunggu jwbn hukum parcok sangka,Lagi menunggu jwbn hukum Parcok jadi tersangka
Politik / SARA / Labeling,hancur aset amerika,Untuk menghancurkan aset Amerika
Politik / SARA / Labeling,dangkal ilmu sanjung ikut,Akan datang suatu masa orang dangkal ilmunya di sanjung dan diikuti 
Politik / SARA / Labeling,hancur iran,DAN DIA HANCUR DI IRAN
Politik / SARA / Labeling,bom cari bokong onta bro huaaaa haasa,Bom nya lagi cari bokong onta bro huaaaa haasa
Politik / SARA / Labeling,basically sandang pangan papan aman fasilitas negara tinggal mikir majuin negara klo fomo pick me kirim aja selat hormuz ajar nunggang onta ngangon kebo moga nalar terbonta buka survive alam,"Basically  Sandang, pangan, papan aman difasilitasi negara, tinggal mikir buat majuin negara

Klo masih juga FOMO & Pick Me
Kirim aja ke selat Hormuz, 
belajar nunggang onta sambil ngangon kebo, semoga nalar para ""Terbonta"" kebuka buat survive dialamnya sendiri "
Politik / SARA / Labeling,nunggang onta,nunggang onta lagi
Politik / SARA / Labeling,yesus kati mesjid yesus sholat yesus aja doa sujud batu tangan lipat yesus bilang ga makan babi yesus ga muncul janji muncul janji ga sok kenal yesus kadrun onta,Kapan Yesus memberkati mesjid? Kapan Yesus melakukan sholat? Yesus Aja berdoa sujud di atas batu dan tangannya dilipat. Kapan Yesus bilang ga makan babi? Yesus ga muncul di perjanjian lama. Dia muncul di perjanjian baru. Jadi ga usah sok kenal Yesus ya kadrun onta.  
Politik / SARA / Labeling,yesus ga makan onta minum pipis onta haram taurat lu halal onta wkwkwkw ngedabrus emang islam mamad abad,Tapi Yesus ga makan onta apalagi minum pipis onta karena itu haram di taurat. Kok lu halal onta? Wkwkwkw ngedabrus emang Islam Mamad abad 7 
Politik / SARA / Labeling,allah ma dakar ma onta,Allah ma dakar ma onta
Politik / SARA / Labeling,wahabi salafikir syiah taik onta belah,Wahabi SALAFIKIR dan syiah bagai taik onta dibelah dua 
Politik / SARA / Labeling,bicara tauhid ngak faham tauhid gaya tauhid tauhid kau pikir murtad tauhid dasar ngopimu kaum onta islam nusantara leluhur tauhid tolol murtad murnitauhid dasar goblok,"Bicara tauhid tapi ngak faham tauhid 

Gayanya saja bertauhid tapi masih jauh dari tauhid 

Kau pikir MURTAD itu tidak bertauhid dasar ngopimu kurang jauh kaum onta  

Sebelum Islam masuk ke Nusantara itu leluhur sudah bertauhid tolol 

MURTAD:  MURNITAUHID 

DASAR GOBLOK"
Politik / SARA / Labeling,rusak grobolan lo grombolan cing onta anak abah pandai ber bicara ngak,Yang rusak itu grobolan lo grombolan kecing onta anak Abah yang hanya pandai ber bicara tapi ngak bisa kerja 
Politik / SARA / Labeling,jarang liat updatean sekalianya beliaw dah punuk aja kek onta,"Jarang liat updatean, sekalianya lewat beliaw dah punya punuk aja kek onta"
Politik / SARA / Labeling,besok lu naek onta aja blok budaya teknologi kembang lu stunting pikir,"besok lu kerja naek onta aja blok. 

budaya dan teknologi berkembang lu masih stunting pemikiran."
Politik / SARA / Labeling,kaum onta otak udang wahabi dajjal jilat oten pesek,"Kaum onta, Otak udang, wahabi dajjal, penjilat Oten Pesek"
Politik / SARA / Labeling,onta um,Sekalian sama onta bisa um?
Politik / SARA / Labeling,onta lubang jarum gw percaya tuh anak lulus murni,Sampai onta masuk lubang jarum pun gw g percaya tuh anak lulus murni.
Politik / SARA / Labeling,air minum kasih botol ukur ml gue yg kaya onta sempet dehidrasi wkwk untung bawa tumbler jafi isi ulang lobby resto wkwk,"Sama air minum cuma dikasih 2 botol seukuran 330 mL

Gue yg kaya onta sempet dehidrasi wkwk
Untungnya selalu bawa tumbler jafi isi ulang di lobby dan resto wkwk"
Politik / SARA / Labeling,agama yg bawa prettt begt laki kadrun,Agama yg dibawa2 prettt selalu begt laki2 kadrun !
Politik / SARA / Labeling,kadrun kalo aslinasibnya kadrun prihatin,Kadrun pasti yakin kalo ini asli...nasibnya kadrun memprihatinkan
Politik / SARA / Labeling,kadrun konoha paham ngak,Kadrun Konoha  ?! Paham ngak ?
Politik / SARA / Labeling,sejarah agama guna jilbab tanda perempuan merdeka budak karna tutup aurat wkwk gatau ide jilbab sbg tutup aurat ayat aja gada kadrun,"dalam sejarah  agamamu penggunaan jilbab hanya digunakan tanda para perempuan merdeka saat itu dengan para budak, bukan karna menutup aurat wkwk, gatau ide siapa itu jilbab dikatakan sbg penutup aurat ayatnya aja gada kadrun"
Politik / SARA / Labeling,sok sok kemanusian ngedukung cmn karna landas agama najis liat netizen indo playing victim yg dukung invasi houthi hizbullah israel dsr kadrun,"sok sok kemanusian ,ngedukung  cmn karna berlandaskan seagama najis liat netizen indo playing victim yg mendukung semua invasi macam houthi hizbullah israel , dsr kadrun"
Politik / SARA / Labeling,yesus doa sujud dengkul tangan lipat atas batu sujud nama sholat lu aja muncul kristen ortodoks muncul duluan doa sujud wkwkwk emang hama lu kadrun,Yesus berdoa bersujud dengan dengkul dan tangan dilipat diatas batu. Nah itu sujud apa namanya? Sholat? Lu aja muncul setelah kristen ortodoks muncul duluan dengan doa bersujud. Wkwkwk emang hama lu kadrun.
Politik / SARA / Labeling,video beirut akibat serang udara israel kadrun klaim israel alami tragedi buruk bwahahahha,Video di Beirut akibat serangan udara Israel  kadrun klaim Israel mengalami tragedi terburuk. Bwahahahha
Politik / SARA / Labeling,kadrun unfaedah,kadrun unfaedah
Politik / SARA / Labeling,iyaa taikpaham,Iyaa TAIK..PAHAM !!!!!!
Politik / SARA / Labeling,syarat utama kadrun dungu,Itulah sebabnya mengapa syarat utama untuk menjadi kadrun harus dungu
Politik / SARA / Labeling,kasihan kadrun konoha dungu no limit,Kasihan kadrun Konoha? Kedunguan no limit
Politik / SARA / Labeling,rakyat kadrun doang,Rakyat kadrun doang 
Politik / SARA / Labeling,hey anak abah yg kadrun dunia luas tipu branding abah abah aja udah aneh kuasa yakin menang wkwkwkwk,"Hey anak abah yg kadrun, dunia ini luas, ketipu branding abah abahan aja udah aneh, kuasailah x yakinlah kalian akan menang wkwkwkwk"
Politik / SARA / Labeling,kalo msh putra pribumi ngapain pilih kadrun,Kalo msh banyak putra pribumi ngapain pilih kadrun
Politik / SARA / Labeling,fetish labeling kadrun kampret topik sembah anies,Kok bisa ya punya fetish labeling yang dulu kadrun kampret sekarang malah jadi topik penyembahan anies?
Politik / SARA / Labeling,kl mrk pergi tuh kadrun dudukin aja trus masjid luas biar nyaman,Kl mrk pergi tuh kadrun dudukin aja trus masjidnya di perluas biar bisa nyaman
Politik / SARA / Labeling,kalo ga panggil kafir tinggal baca syahadat,Kalo ga mau dipanggil kafir ya tinggal baca syahadat.
Politik / SARA / Labeling,tanah kaum nabi musa as yg iman zionis israel yg kafir mustahil allah tuhan nabi musa as tanah tsb kpd bani israel yg kafir kpd nabi musa as,"Tanah itu diberikan bagi kaum nabi musa as yg beriman bukan zionis israel yg kafir, mustahil Allah Tuhannya nabi musa as memberi tanah tsb kpd bani israel yg kafir kpd nabi musa as."
Politik / SARA / Labeling,dompala kafir harbi ragebait ndak heran ana incar sampe bunuh sampe mampus tunggu azab tuhan masih agnostik yah hahahaha,"Dompala + Kafir Harbi + Ragebait. Ndak heran lagi kenapa ana mau incar kamu sampe kubunuh sampe mampus  Tunggu ya Azab Tuhan, Sementara, kita masih² Agnostik yah. HAHAHAHA"
Politik / SARA / Labeling,oooohmungkin anggap kafir muslim sejati aku allah satu tuhan yg hak sembah aku muhammad utus tuhan marah anggap kafir muslim sejati aku islam,"Ooooh...mungkin anda tidak mau dianggap kafir oleh muslim karena sejatinya anda mengakui BAHWA ALLAH SATU² NYA TUHAN YG BERHAK DISEMBAH DAN ANDA MENGAKUI MUHAMMAD ADALAH UTUSAN TUHAN...
Makanya anda marah dianggap kafir oleh muslim karena sejatinya ANDA MENGAKUI ISLAM ITU BENAR."
Politik / SARA / Labeling,tanya legitimasi opini pantes ngatain kafir sila refleks,Itu juga yang ingin kutanyakan apakah dengan melegitimasi opinimu kamu pantes ngatain orang kafir? Sila berefleksi
Politik / SARA / Labeling,saudara dlu murtad gerwani islam ktp gak ngaji pindah ktolk bible bhs indonesia gak hafal mati dlm kafir anak islam cucu alhamdulillah taat islam,"Saudara saya dlu murtad, karena ikut Gerwani, Islam KTP gak bisa ngaji, pindah K*tol*k karena dikira hanya bible saja, bhs Indonesia gak perlu banyak hafalan. Mati dlm keadaan kafir, tapi semua anaknya masuk Islam se cucu2nya, Alhamdulillah taat semuanya di Islam."
Politik / SARA / Labeling,kafir agama,""" Kafir "" adalah bukan suatu agama !"
Politik / SARA / Labeling,poligami salahin zina normalisasi kocak loe kafir,"Poligami di salahin...
Zina di normalisasi, 
Kocak loe kafir..."
Politik / SARA / Labeling,tau si kafir,Tau apa si kafir 
Politik / SARA / Labeling,otak kafir badut minor gak waras yesus aku utus tuhan oten koplok tuhan zeus,"100000% OTAK KAFIR BADUT MINOR GAK BAKAL WARAS

YESUS MENGAKU UTUSAN TUHANNYA... oten koplok MENUHANKAN ZEUS"
Politik / SARA / Labeling,inti apa yg berita org kafir jgn percaya tolong yg islam pintar dikit,Intinya apapun yg diberitakan org kafir kalian jgn percaya ya. Tolong yg islam pintar dikit
Politik / SARA / Labeling,apa yg berita kafir jgn percaya dajjal ygvnyata,Apapun yg diberitakan kafir jgn percaya. Mereka dajjal ygvnyata
Politik / SARA / Labeling,apa yg berita kafir jgn percaya,Apapun yg diberitakan kafir jgn percaya ya
Politik / SARA / Labeling,indonesia mayoritas muslim negara pancasila bhinneka tunggal ika masyarakat islam tunggal agama resmi percaya nonmuslim pluralisme fakta konstitusi label kafir publik diskriminatif rusak rukun,"Indonesia mayoritas Muslim (~87%), tapi tetap negara Pancasila & Bhinneka Tunggal Ika, bukan ""masyarakat Islam"" tunggal. Ada 6 agama resmi + kepercayaan, 13%+ non-Muslim.

Pluralisme itu fakta konstitusi. Label ""kafir"" di publik tetap diskriminatif & merusak kerukunan."
Politik / SARA / Labeling,jgn pancing goblok yg aq mlas liat org islam yg tolol poster berita jd si kafir edit poster pancing islam yg tolol ngamuk hrs santai ngadapin manusia sembah bangke,Jgn terpancinglah goblok. Inilah yg aq mlas liat org islam banyak x yg tolol. Itu poster bukan berita. Jd si kafir ini buat edit poster supaya pancing islam² yg tolol ngamuk2. Kita hrs santai ngadapin manusia penyembah bangke
Politik / SARA / Labeling,gampang utk islam kaum atheis sengaja pindah dunia spy dunia kenal islam dgn damai dgn senjata beda kelas klu kafir hrs pake senjata maksa org jd kristen tp klu islam pindah hidup seorg muslim,Gampang x jawabnya ya JELAS UTK MENGISLAMKAN KAUM ATHEIS. Kami sengaja pindah ke seluruh dunia spy dunia kenal islam dgn perdamaian. Bukan dgn senjata. Kan beda kelas. Klu kafir hrs pake senjata dan maksa org jd Kristen. Tp klu islam cukup pindah dan hidup sebagai seorg muslim.
Politik / SARA / Labeling,islamphobia label murah nutupin kritik tolak kafir lempar nonmuslim publik hina terang bodoh bodoh bela diskriminatif klaim toleran ganggu jiwa mu ketidakmampuan hadap fakta,"""Islamphobia"" cuma label murahan buat nutupin kritik. Aku tolak ""kafir"" dilempar ke non-Muslim di publik karena itu hinaan terang2an, bukan kebodohan. Yang bodoh justru bela kata diskriminatif sambil klaim toleran. Gangguan jiwa mu dari ketidakmampuan hadapi fakta, bukan aku"
Politik / SARA / Labeling,eh kafir minor knl lu keluarin siboti pantat anget diusbol,"EH KAFIR MINOR 
@Bandit_Elon
  ... KNL LU KELUARIN, ITU SIBOTI 
@Cl0pidogrel
  PANTATNYA ANGET MINTA DIUSBOL "
Politik / SARA / Labeling,hati hati kafir kafirin perang iran israel absurd udah suka duluan syiah,"dia berhati hati kok soal kafir kafirin, tapi soal perang iran israel dia sepertinya absurd karena udah tidak suka duluan sama  syiah"
Politik / SARA / Labeling,goblok kau dul berita poster yg edit sensiri kapir hadoh jgn kyk buih laut,Goblok kau dul. Itu bukan berita. Itu poster yg di edit sensiri sama kapir. Hadoh jgn kyk buih di lautan lah
Politik / SARA / Labeling,astagaaaa liarnyaaa gue kapir aja umur hidup gapernah loh,astagaaaa liarnyaaa  gue yang kapir aja seumur hidup gapernah begitu loh
Politik / SARA / Labeling,berani kapir lawan negara kuat jg keroyokan kalo lawan tanding berani sembunyisembunyi liat aja tuh sejarah,"Mana berani orang kapir melawan negara kuat itu jg keroyokan 
Kalo melawan yang bukan tandingan baru berani atau sembunyi-sembunyi 
Liat aja tuh sejarah dari dulu sampai sekarang juga begitu."
Politik / SARA / Labeling,pimpin lgbt musuh islam ratarata islam halang kalo kapir tuju lgbt bagai negara eropa mangkanya pilih dukung,"Pasti pemimpin lgbt, karena yang memusuhi islam rata-rata karena islam  penghalang bagi mereka.
Kalo kapir sudah disetujui LGBT diberbagai negara Eropa, mangkanya mereka lebih memilih dukung mereka."
Politik / SARA / Labeling,iblis sombong istimewapadahal iblis tuhan cipta langit bumi rela sesat manusia tani neraka kelak org kapir uji batas beda dgn muslim tiada iblis henti goda,"Kenapa iblis sombong? Karena dia merasa istimewa,padahal iblis sudah melihat tuhan pencipta langit dan bumi tapi dia rela menyesatkan manusia agar bisa menemani di neraka kelak.

Org kapir ujiannya terbatas, beda dgn muslim sampai tiada baru iblis berhenti menggoda."
Politik / SARA / Labeling,islam gak peduli dgn sejarah agama kristen krn mulut kapir suka cerita yg salah ttg nabi suka fitnah nabi tuhan bhw nama nabi bersih krn amal contoh muslim,"Sebenarnya Islam gak begitu peduli dgn sejarah agama kristen, krn buat apa ya bagi kami ? 

Tapi mulut2 kapir ini suka cerita yg salah ttg para Nabi & suka memfitnah para Nabi. Tuhan menginginkan bhw nama para Nabi itu DIBERSIHKAN, krn sebagian amalnya dicontoh oleh muslim."
Politik / SARA / Labeling,jajah kapir israel,Penjajah kapir israel.
Politik / SARA / Labeling,fola pikir penghianat bangsa utk penting jajah kapir amerika israel yg kuasa sumber daya iran dg kibi tipu muncul org yg pro barat yg boneka,"Itu fola pikir penghianat bangsanya sendiri utk kepentingan penjajah kapir amerika israel yg ingin menguasai sumber daya Iran, dg kibi2 dan tipu2, maka dimunculkanlah org2 yg pro barat yg ingin jadi bonekanya.."
Politik / SARA / Labeling,indonesia rusak jajah bangsa asing kapir rusak jajah bangsa iman agama sistematis harap rakyat sempat akses saing manfaat milu,"Indonesia itu sebenarnya bukan dirusak dan dijajah oleh bangsa asing yang kapir, tapi dirusak dan dijajah oleh bangsa sendiri seiman seagama secara sistematis. Harapannya supaya rakyat bawah tidak punya kesempatan dan akses menyaingi mereka dan bisa dimanfaatkan untuk pemilu."
Politik / SARA / Labeling,napa cape gitu harus ngangkang ama ga pake sempak waktu tidur emang olahraga kapir iman,Mereka napa cape2 gitu? Kan cuma diharuskan ngangkang ama ga pake sempak waktu tidur? Emang olahraga kapir membuat tidak beriman
Politik / SARA / Labeling,kapir jgn debat diemin aja ntr neraka,Kapir jgn di debat percuma diemin aja ntr juga ke neraka
Politik / SARA / Labeling,untung aja ga ganti tanker indonesia sita iran agen mossad lokal indo dul wahab wahabi teriak iran syiah kapir bla bla bla bla,Untung aja cuma ga boleh lewat ! Kalau gantian tanker Indonesia di sita Iran bagaimana? Pasti agen Mossad lokal indo dul wahab wahabi teriak Iran syiah kapir bla bla bla bla....
Politik / SARA / Labeling,kau dukung kapir jajah as israel,Kau pendukung kapir penjajah as israel ya?
Politik / SARA / Labeling,fola jajah kapir a kejam licik tipu,"Fola2 penjajah kapir ýa seperti itu, kejam , licik dan menipu.."
Politik / SARA / Labeling,bani saud yg serang bantai yaman utk penting jajah kapir as israel,Bukannya bani saud yg menyerang dan membantai Yaman utk kepentingan penjajah kapir as israel?..
Politik / SARA / Labeling,propaganda jajah kapir as israel kaum munafik memutarbalikkan faktadan adu domba umat islam waspada umat islam akun isi beda dg sampul,"Propaganda penjajah kapir as israel dan kaum munafik sedang memutarbalikkan fakta,dan adu domba umat Islam.. waspadalah Umat Islam akun ini isi berbeda dg sampulnya.."
Politik / SARA / Labeling,bantu merdeka palestine usir jajah kapir israel amerika palestine timur tengah iran hizbullah hamas yaman indonesia usir jajah kapir belanda,"Membantu kemerdekaan Palestine adalah dengan mengusir penjajah kapir israel amerika dari palestine dan timur tengah sebagaimana dilakukan Iran, hizbullah, hamas ,yaman.. sebagaimana Indonesia mengusir penjajah kapir belanda dulu.."
Politik / SARA / Labeling,emang kalo komunis bwang,Emang kalo komunis kenapa bwang
Politik / SARA / Labeling,ho oh sop komunispki kalah argumen serang pribadi,"ho oh, SOP komunis/pki , kalah argumen serang pribadi"
Politik / SARA / Labeling,dasar kucing komunis koreksi,dasar kucing komunisku koreksi
Politik / SARA / Labeling,salah cina rakyat hasil ev tp populasi cina banget jd yg blm ganti ev jg msh industri cina raksasa jd butuh minyak transportasi bahan baku dll dikit komunis ckckck,"salah besar, Cina rakyatnya baru +/- 50% yang berhasil ke EV, kelihatannya besar tp populasi cina itu besar banget, jd yg blm ganti ke EV itu jg msh banyak, industri cina itu raksasa jd butuh minyak nya besar (transportasi, bahan baku dll). bukan dikit2 komunis... ckckck"
Politik / SARA / Labeling,negara udh konversi listrik aman coba data konsumsi bbm china alas impor bbm iran china tingkat rakyat iya pakai listrik jabat perintah china yg komunis ga tindak mobil mewah bensin,"Jangan mengira negara udh konversi ke listrik itu aman. Coba lihat data konsumsi BBM china per hari, dan alasan impor BBM dari Iran ke China terus meningkat. Rakyat iya pakai listrik sedangkan pejabat pemerintah china yg dekat komunis. Ga ada tindakan. Malah mobil mewah bensin."
Politik / SARA / Labeling,andan og akal kapitalis tp blokees seko negara komunis sih,Andani og akal2an kapitalis (tp blokees seko negara komunis sih)
Politik / SARA / Labeling,haduh nyata komunis indonesia serang agama lo coba baca sejarah kejam lo banyak nonton tiktok doyan nonton video klip pendek bela komunis aduh kasihan,"Haduh.. kenyataan mereka komunis di Indonesia menyerang semua agama.
Lo coba baca sejarah kekejaman mereka. 
Lo kebanyakan nonton tiktok atau doyan nonton video klip pendek bela komunis 

Aduh... Kasihan sekali"
Politik / SARA / Labeling,watak komunisbila kalah gagas nyerang pribadiserahkan yg tdk tidur dng terangdan balas dng keras,Itulah watak komunis...bila kalah gagasan dia nyerang pribadi...serahkan padaNya yg tdk pernah tidur namun melihat dng terang!!!dan membalas dng sangat keras...
Politik / SARA / Labeling,mao anggap tokoh jasa china nanamin basis struktur masyarakat komunis china emang struktur masyarakat beranta coba aja lu china lu katain mao katain deng liat reaksi,"Mao dianggap jadi tokoh paling berjasa untuk china, karena dia yang pertama nanamin basis struktur masyarakat komunis, china bisa seperti sekarang emang bisa kalau struktur masyarakatnya berantakan? Coba aja lu ke china, lu katain mao, terus katain deng.. liat reaksi mereka.."
Politik / SARA / Labeling,tolol indonesia gandeng usaha usa udah percaya teknologi nuklir udah riset teknologi tinggi udah uji layak dihandle usaha usa banding vietnam otoriter tutup komunis salah pikir,"Tolol, makanya Indonesia gandeng perusahaan USA, karena udah terpercaya diteknologi nuklir, udah riset, punya teknologi tinggi, udah uji kelayakan, & semuanya dihandle perusahaan USA tersebut, kok dibandingkan dengan Vietnam yang otoriter tertutup dan komunis, kesalahan berpikir"
Politik / SARA / Labeling,partai islam bubarin munculah isu komunis propaganda amerika komunis hal amerika iran,"Makanya semua partai islam di bubarin dan munculah isu komunis , propaganda amerika dengan komunis sama halnya amerika ke iran"
Politik / SARA / Labeling,kiri gak hubung lgbt mao zedong komunis china menjarain lgbt kayak lo ngoceh asbun,"Kiri gak ada hubungannya sama LGBT, Mao Zedong bapak komunis China menjarain banyak orang LGBT kayak lo, kalau ngoceh jangan asbun."
Politik / SARA / Labeling,kalo bocah komunis hell treat you left,kalo bocahnya komunis he'll treat you left
Politik / SARA / Labeling,dasar gua curiga arsitek reformasi dukung ditunggangin kgb komunispki gaya yg balas dendam kpd harto yg tumpas pki momentum balas dendam luas tahun rezim mulyono yg bina solo basis pki,"Atas dasar itu semua, gua curiga ""arsitek"" Reformasi'98 itu didukung atau ""ditunggangin"" oleh ""KGB"" (Komunis/PKI Gaya Baru) yg balas dendam kpd pak Harto yg menumpas PKI.
Dan dapat momentum balas dendam se-luas2nya 10 tahun rezim ""Mulyono"" yg dibina sejak dari Solo (basis PKI ?)."
Politik / SARA / Labeling,hidup taro buka tolak stalin kaum stalinis spanyol tahap partai komunis antistalinis poum,"Di masa hidupnya, Taro meskipun tidak pernah secara terbuka menolak Stalin dan kaum Stalinis di Spanyol, ia secara bertahap menjadi lebih dekat dengan partai komunis anti-Stalinis POUM."
Politik / SARA / Labeling,as beli jujur nyaman desain komunis vibenya kaya belanja korut,"as pembeli jujur kurang nyaman sama desainnya, terlalu komunis vibenya kaya belanja di korut"
Politik / SARA / Labeling,gue komunis njir,Lah gue bukan komunis njir
Politik / SARA / Labeling,trus situ tuduh komunis koalisi partai yg jatah kurang,trus situ dituduh komunis sama koalisi partai lain yg jatahnya berkurang
Politik / SARA / Labeling,parapara termul goblok pki,Para-para termul goblok itu kan pki
Politik / SARA / Labeling,yg bikin ramai turun pki,Yg bikin ramai itu Turunan PKI ya
Politik / SARA / Labeling,perhatiin deh katolik spt pater beek islamis ex masyumi tradisional kek subchan cs soska spt the sjahrir boys trostkys kek anak murba hindu yg potong leher pki bal ngelawan pki koalisi bubar antem solid,"Perhatiin deh 65. 
Katolik spt Pater Beek, islamis ex masyumi, tradisionalis kek subchan cs, soska spt the Sjahrir boys, Trostkys kek anak2 Murba, hindu2 yg potong leher pki bali, semua jadi satu ngelawan PKI.
setelah itu koalisi bubar & saling berantem lagi, tapi di 65? Solid :)"
Politik / SARA / Labeling,wkwkwkw,wkwkwkw
Politik / SARA / Labeling,dr lgi rhi hllli mjb ki pki agnt kojb chota bchi jhnsi ki rani jise dhmki de rhi mghl kut ko,Dr lgi rhi hllli mjb ki pki agnt ko...jb chota bchi jhnsi ki rani jise dhmki de rhi mghl kut ko...
Politik / SARA / Labeling,suna hi btu ki bp pki mnir ki me irn ne mssl dlke unki shp ko duba hrmuz prglz dna btu idr bhrt pr ro rhe,Suna hi Btu ki bp pki mnir ki g me irn ne mssl dlke unki shp ko duba di hrmuz pr...glz dna btu idr bhrt pr ro rhe...
Politik / SARA / Labeling,list block terimakasih min,"Masuk list block, terimakasih min"
Politik / SARA / Labeling,cenblu nyari engagement skip aja,"biasa cenblu nyari engagement, skip aja"
Politik / SARA / Labeling,polo nek dengkul mas ga kl mslh berontak mah negara lu jg bnyk lu pikir pkifrerilinkkb dll tu syiah dana yg lu bangga ga banding dg nyawa jenderal iran bos bwt mreka dana tp warga palestina gabis bantai kok,"polomu nek dengkul mas? ga perlu jauh2 kl mslh berontak mah di negara lu jg bnyk, lu pikir pki,frerilin,kkb dll tu syiah? dana yg lu banggakan ga sebanding dg nyawa 1 jenderal iran bos, bwt apa mreka beri dana tp warga palestina gabis dibantai? pekok "
Politik / SARA / Labeling,positif thinking aja cahaya pesawat alien yg parkir lapang seberang mesjid tau lampu pesawat alien terang banget,"Positif thinking aja, mungkin itu cahaya dari pesawat alien yg sedang parkir di lapangan seberang mesjid. Setauku lampu pesawat alien itu terang banget kan?"
Politik / SARA / Labeling,pki turun pki,Cara mereka itu adalah cara2 PKI. Mungkin benar mereka itu memang keturunan PKI.
Politik / SARA / Labeling,monyet ijazah palsu coba alih isu ijazah mensummon tokoh tokoh lingkar kerah termul termul pki fitnah,Monyet berijazah palsu sedang coba mengalihkan isu ijazahnya dengan men-summon tokoh tokoh besar masuk ke lingkaran kasus dengan mengerahkan termul termul PKI membuat fitnah.
Politik / SARA / Labeling,ajar paham sejarah dosa bangsa soeharto sisa turun pki hidup sifat watak dahulu lekat jiwa turun sebar fitnah haru habis akar,"Dari sini kita belajar memahami bahwa ada sejarah dan dosa besar bangsa ini ketika Soeharto menyisakan keturunan PKI hidup, yang mana sifat & watak pendahulunya tetap melekat di jiwa keturunannya sebagai penyebar fitnah..
Harunya dulu mereka dihabisi sampai akar2nya.."
Politik / SARA / Labeling,indonesia merdeka dg tumpah darah kerah ktk paksa bayar utang krn belanda gagal ktk agresi militer indonesia sedia perang nyata menang suruh bayar utang yg tdk ambil utang tersebutjelas kelici belanda,"Indonesia merdeka dg pertumpahan darah. Segala macam dikerahkan.
Bahkan ktk dipaksa bayar utang krn Belanda gagal ktk agresi militernya, Indonesia bersedia..

Perang itu kenyataan kita menang.
Disuruh bayar utang, yg kita tdk pernah ambil utang tersebut..jelas kelicikan Belanda."
Politik / SARA / Labeling,mulyono udah pensiuntapi masif akun turun pki narasi adu domba hasil dosa soeharto sisa turun pki biar hidup musnah akar,"Mulyono udah pensiun..tapi masih begitu masifnya akun2 keturunan PKI membuat narasi adu domba..
Sebuah hasil dosa besar Soeharto ketika menyisakan keturunan PKI dibiarkan hidup..
Harusnya dulu dimusnahkan sampai akar2nya.."
Politik / SARA / Labeling,anjinkkk emg mbg anjjjj hrsnya tu duitt byk didik gratis guru nakes sejahtera bangun infrastruktur,"Anjinkkk emg mbg anjjjj hrsnya tu duitt bisa buat byk hal, pendidikan gratis, guru dan nakes sejahtera, pembangunan infrastruktur"
Politik / SARA / Labeling,kalimat tuju bukti jawa ga ras milih pimpin aidit pimpin pki sumatra itu terima jawa kalimat tuju habibi corenya anak baik soeharto mega yg antitesis orba,Kalimat awal setuju. Itu pun jadi bukti kalau orang jawa ga rasis2 amat milih pemimpin. Aidit pemimpin PKI asal sumatra itupun diterima di jawa dengan baik. Kalimat berikutnya kurang setuju. Habibi itu core-nya anak baiknya Soeharto. Justru mega yg antitesis orba.
Politik / SARA / Labeling,loh batai pki tetangga,Loh kan ada pembataian pki di tetangganya
Politik / SARA / Labeling,moga menteri sehat rezim adil makmur skrang,Semoga suatu saat ibu bisa jadi menteri kesehatan tapi di rezim yang adil dan makmur bukan skrang
Politik / SARA / Labeling,keduaduanya hapus rezim goblok emang berita asli paksa hapus,Kedua-duanya dihapus. Rezim goblok emang berita asli kok dipaksa dihapus
Politik / SARA / Labeling,rezim ganti ganti enam mantan presiden suara punggawa terus detik bela puji sang mantan punggawa mantan yg raja halu bunyi detik coba tutup busuk,"Rezim berganti sudah berganti 6 Kali, b dari ke enam mantan presiden tak pernah ada suara para punggawanya yang terus menerus tiap detik membela dan memuji sang Mantan. 
Baru ini ada punggawa mantan yg  Raja Halu benar2 bunyi tiap detik. 
Demi apa coba? Demi menutup kebusukannya"
Politik / SARA / Labeling,jalan ninjanya ganti rezim referemdum kl owo yg mimpin bangsa bener bubar,"jalan ninjanya adalah ganti rezim atau minta referemdum, kl selama masih owo yg mimpin, bangsa ini 2030 akan bener2  bubar"
Politik / SARA / Labeling,segera lengser rezim biadab jabat gak rakyat,"segerakan lengserkan rezim biadab ini, pejabat pada gak ada guna  buat rakyatnya"
Politik / SARA / Labeling,iyaah tema lawan rezim,"Iyaah, temanya melawan rezim. "
Politik / SARA / Labeling,rezim jokowi bakamla ri tangkap super tanker bendera iran mt arman laut natuna utara juli duga cemar,"Sewaktu Rezim Jokowi, Bakamla RI menangkap super tanker berbendera Iran, MT Arman 114, di Laut Natuna Utara pada 7 Juli 2023 karena dugaan pencemaran.
@HumasBakamlaRI"
Politik / SARA / Labeling,ngeselin rezim min,Siapa orang paling ngeselin di rezim kali ini min?? 
Politik / SARA / Labeling,cina ga global reserve currency cina rezim deviza kontrol yuan transalsi yuan terima tukar emas cadang devisa shanghai gold exchange,Cina ga akan jadi global reserve currency cina itu rezim deviza kontrol. Yuan hanya buat transalsi nanti yuan yang diterima akan ditukar dengan emas sebagai cadangan devisa melalui shanghai gold exchange .
Politik / SARA / Labeling,udah beda rezim sabisanya bilang telat dikit,"Udah beda rezim, sabisanya bilang telat dikit."
Politik / SARA / Labeling,jarene menang taktikal hancur milik musuh menang strategis ganti rezim iran hormuz privatisasi,"Jarene ada kemenangan taktikal ( semacam hancurkan semua milik musuh) ada kemenangan strategis (semacam ganti rezim) , pihak iran ( Hormuz diprivatisasi)"
Politik / SARA / Labeling,rezim,6.rezim sekarang
Politik / SARA / Labeling,ngg maamfaat abis in anggar rezimorba ng peduli rakyat sok ngibul stasiun senen abis lebaran trus yg gin fomo,Ngg maamfaat.. abis2 in Anggaran benar2 Rezim.ORBA ..ng peduli Rakyat... Sok2 Ngibul d Stasiun senen abis lebaran.. trus yg Gini.. FOMO..
Politik / SARA / Labeling,negara jago surpay coba cari lembaga independen program mudharatnya manfaat yg diiaksa dana yg ujung ngutang bayar bunga rezim mulyono,"Negara kan jago surpay, coba cari lembaga independen tentang program ini, lebih banyak mudharatnya dari manfaat nya apa cuma dan antara yg diiaksa keluar dana yg ujung nya bakal ngutang lagi, bayar bunga rezim Mulyono"
Politik / SARA / Labeling,rezim bobrok gendut korup tamak lengser th rakyat muak jijik emosi dg rezim botol rakyat paksa miskin emis bodoh lelah cinta,"Bisa tidak rezim bobrok gendut korup tamak ini dilengserkan th 2026 ini ??
Rakyat  sudah muak jijik n emosi dg rezim botol ini. Rakyat dipaksa miskin mengemis n bodoh.
  
Jangan lelah mencintai ."
Politik / SARA / Labeling,yg hasil nego rezim,Yg pasti bukan hasil nego rezim saat ini
Politik / SARA / Labeling,tabiat rezim lawan rakyat semena mena jalan ninjanya,"Sudah tabiat nya rezim ini untuk melakukan perlawanan kepada rakyatnya, semena mena adalah jalan ninjanya,"
Politik / SARA / Labeling,indonesia syukur terjadikonsekwensi antek as,"Apakah termasuk Indonesia ??? Syukurlah bila itu terjadi,,,,,konsekwensi jadi Antek AS."
Politik / SARA / Labeling,bener kakk rame anjg gaada bunnies bantah gitu wkwk gatau beneran bunnies antek antek newllit,bener kakk rame anjg gaada bunnies yang bantah gitu wkwk gatau itu beneran bunnies atau antek antek newllit 
Politik / SARA / Labeling,antek asing nih,antek asing nih
Politik / SARA / Labeling,antek asing,Ternyata antek asing
Politik / SARA / Labeling,hajar antek antek zionist laknat biar tau,Sekaligus saja hajar dengan antek antek zionist laknat nya nanti ..biar tau rasa
Politik / SARA / Labeling,gue perempuan yg ga ngakuin kalo uang adl safety net feminisme adl antek kapitalis mah emang denial aja deep down gak aman dg situasi,"Menurut gue, perempuan yg ga ngakuin kalo uang adl safety net, dan merasa feminisme adl antek kapitalis mah emang denial aja. 

Mungkin deep down mereka juga merasa gak aman dg situasinya"
Politik / SARA / Labeling,haiii antek antek asing yuks goyang gemoy bareng mr omon omon mari goyang gemoy,Haiii.... antek antek Asing.... yuks kita goyang gemoy bareng Mr. omon omon... Mari Bergoyang Gemoy....
Politik / SARA / Labeling,antek antek yujimori,Inilah antek antek yujimori
Politik / SARA / Labeling,org tolol ngerti ginian kak gosah balik baikin mending maki aja org klo udh benci mah ga peduli lu jelasin logis apa antek antek oyensun wkwkwkwk,"org tolol mana ngerti ginian kak, gosah dibalik baikin, mending maki aja. org klo udh benci mah ga peduli mau lu jelasin se logis apapun. antek antek oyensun wkwkwkwk"
Politik / SARA / Labeling,gw doain cetus ielts hidup ga berkah ancrit antekantek kapitalis kontooolll,"gw doain pencetus ielts hidupnya ga berkah ancrit, antek-antek kapitalis kontooolll"
Politik / SARA / Labeling,biasa bnyk antek antek,biasalah bnyk antek antek
Politik / SARA / Labeling,iran syiah sunni wowo antek trump wapres berani iran yg goreng dlm negeri semprot trump wowo gak berani,"Iran itu syiah , disini sunni di tambah wowo antek trump , wapres berani ke iran yg ada ya di goreng dlm negeri sama di semprot trump , wowo gak bakal berani"
Politik / SARA / Labeling,lawak lu antek soros goblok bkn kasur gue poto tolol urusin aja kereta butut mu wkwk fokus aja jd antek soros biar beli mobil wkwk,"Lawak lu antek soros goblok itu bkn kasur gue itu poto lama tolol urusin aja kereta butut mu wkwk, fokus aja jd antek soros biar bisa beli mobil wkwk"
Politik / SARA / Labeling,adminnya antek amerika jelek iran,Adminnya antek amerika tentu saja menjelek2an iran
Politik / SARA / Labeling,negeri syiah perang lawan israel amerika negeri saud antek antek israel amerika fakta,"negeri syiah perang lawan israel & amerika
negeri saud jadi antek antek israel & amerika
ini faktanya"
Politik / SARA / Labeling,indonesia antek amerika bop,Indonesia antek Amerika dengan BOP nya
Politik / SARA / Labeling,si ning nitip jambakin si geonjunim nitip ludahin eh antek antek si byeols alias migo the cepu nyamber wkwk dukung sampe bikin swina klarif,"si ning nitip jambakin, si geonjunim itu nitip ludahin eh antek anteknya si byeols alias migo the cepu langsung nyamber wkwk didukung pula sampe bikin swina klarif "
Politik / SARA / Labeling,antek zionis cocok,Antek zionis memang cocok
Politik / SARA / Labeling,antek asing,Hai antek asing.......
Politik / SARA / Labeling,suara gak asing,Sepertinya suara yang gak asing
Politik / SARA / Labeling,asing abis,asing abis itu..
Politik / SARA / Labeling,skizo harto noh afsel kultural kuat banget segregasi soekarno bodoh manage uang asing iya soekarno niat kuatin borjuis nasional iya baca buku jir,"Malah skizo ke Harto. Lihat noh Afsel secara kultural masih kuat banget segregasinya. 

Soekarno bodoh manage uang asing, IYA. Soekarno punya niat kuatin borjuis nasional, juga IYA. Baca buku jir."
Politik / SARA / Labeling,cantikkkkk btw pantes tempat gak asing inget waktu ramadhan,"CANTIKKKKK!!!! Btw pantes tempatnya gak asing, baru inget waktu ramadhan ke sana"
Politik / SARA / Labeling,babatbabat mafia koruptor asing jahil serta buser buset eh busernya,Saatnya BABAT-BABAT Mafia Koruptor dan Asing Jahil beserta buser busetnya  eh busernya 
Politik / SARA / Labeling,gila banget kalo nabung pake uang negara asing ga diinvest nilai lumayan diinvestasiin sayang bgt duit ilang gitu aja,"Gila banget. Padahal kalo nabung sendiri pake mata uang negara asing dan ga diinvest pun nilainya lumayan, apalagi diinvestasiin. Sayang bgt duitnya ilang gitu aja"
Politik / SARA / Labeling,udh asing,udh asing
Politik / SARA / Labeling,asing bgt bzir kak kak maaci yah finachann,"asing bgt bzir kak kak, maaci yah finachann"
Politik / SARA / Labeling,asing banget pacar jay possesif,"asing banget, soalnya pacar baru jay terlalu possesif."
Politik / SARA / Labeling,gilir udh kenal asing,giliran udh kenal malah asing
Politik / SARA / Labeling,tahun kabinet prabowo subianto jalan jujur sajatidak hafal namanama menteri nama menteri wakil menteri asing telingapadahal suharto hafal nama menteri,"Setahun lebih kabinet Prabowo Subianto berjalan, saya jujur sajatidak hafal nama-nama kementerian, apalagi nama para menterinya. Jangankan wakil menteri, sebagian besar bahkan terasa asing di telinga.Padahal dulu, di masa Suharto, hampir setiap orang hafal. Nama kementerian"
Politik / SARA / Labeling,ngga sulit temu depan identitas jadi point of consent imperialisme zionisme dsb contoh israel negara aman lgbtq talking point atas kait lgbtq ideologi asing paket,"Ngga sulit untuk menemukan pengedepanan identitas ini dijadikan point of consent untuk imperialisme, zionisme, dsb.

Contoh: ""Israel adalah negara yang aman untuk LGBTQ+""

Dengan talking point diatas, banyak kok yang mengaitkan LGBTQ+ sebagai ideologi asing yang sepaket--"
Politik / SARA / Labeling,kalla group jejak kkn warbiasah netizen sontoloyo krn piknik,Kalla group jejak KKN nya warbiasah dan ini tidak diketahui netizen sontoloyo krn kurang piknik.
Politik / SARA / Labeling,klo murtad dosa plg klo mualaf tindak plg mulia bebas versi yg jokowi prabowo gibran sontoloyo,Klo murtad dosa plg besar.. klo mualaf apa.. tindakan plg mulia.. ya bebas.. punya versi sendiri2 kan.. yg jelas jokowi prabowo gibran sontoloyo
Politik / SARA / Labeling,son maksud sontoloyo,Son maksudnya sontoloyo
Politik / SARA / Labeling,kaum sontoloyo,Kaum sontoloyo...
Politik / SARA / Labeling,bapak sontoloyo tolong periksa bupati gowa,"Bapaknya sontoloyo ....tolong 
@KPK_RI
 periksa itu bupati Gowa ...."
Politik / SARA / Labeling,wkwkwkw ormas islam sontoloyo puja ni presiden xixuxixix,Wkwkwkw Ormas islam sontoloyo memuja ni presiden xixuxixix
Politik / SARA / Labeling,sontoloyo tua,Sontoloyo tua
Politik / SARA / Labeling,hah bilang sontoloyo warga sipil diberitain cuman framing ga undang halal bihalal salah partai gilir jabat publik beritain lucu kait libur tengah presiden sibuk luh bela wkkwwk buzzer,"Hah bilang sontoloyo, warga sipil diberitain cuman framing ga diundang halal bihalal salah satu partai, Giliran pejabat publik di beritain lucu terkait liburannya ditengah presiden sibuk sana sini luh bela wkkwwk buzzer"
Politik / SARA / Labeling,vidio hasil ai dishare bodoh borong buzzer zionis sontoloyo,Vidio hasil AI kok dishare. Kebodohan diborong buzzer zionis sontoloyo 
Politik / SARA / Labeling,kritik yg objektif vitamin bikin sehat bikin rapi udah pelintir framing jahat kritik sontoloyo bandingin sila pakai data konteks jgn aktivitas seret narasi negatif,"Kritik yg objektif itu vitamin, bikin sehat & bikin kerja makin rapi.
Tapi kalau udah dipelintir jadi framing jahat ya itu bukan kritik, itu sontoloyo 

Mau bandingin siapa pun silakan, tapi pakai data & konteks.
Jgn tiap ada aktivitas langsung diseret ke narasi negatif."
Politik / SARA / Labeling,kalo nggak ijazah diam yg tau ijazah asli aja nggak tipu nggak makan sekolah mau jabat sontoloyo,"Kalo nggak punya ijazah diam...

Apa yg kamu tau? Ijazah asli aja nggak punya....

Penipu2 begini nggak makan sekolahan maunya jadi pejabat....

Sontoloyo..."
Politik / SARA / Labeling,bener bener gak abis pikir gegara gerombol ba judol gagalin timnas indonesia yg jarak menit piala dunia sontoloyo,"Bener bener gak abis pikir.... Gegara gerombolan BA judol ini... Gagalin timnas Indonesia  yg hanya berjarak 90 menit ke Piala Dunia 

Sontoloyo"
Politik / SARA / Labeling,pusat budaya puisi sontoloyo,"Pusat budaya puisi ""Sontoloyo"""
Politik / SARA / Labeling,tolong bacain sajak sontoloyo bro,"Tolong bacain lagi dong sajak Sontoloyo nya bro 
@fadlizon"
Politik / SARA / Labeling,tapir sakit abang,tapir mana yang menyakiti abang?
Politik / SARA / Labeling,deact raa sumpahh reread tajir tapir tp nggak udh ku bookmark pas search akun nggak gimana yaa sumpah kemarin yg fitnah banget,"deact raa sumpahh tadi mau reread tajir tapir, tp kok nggak ada, udh ku bookmark. pas search, akunnya nggak ada ini gimana yaa, sumpah kemarin yg fitnah dia, kebangetan."
Politik / SARA / Labeling,mas tapir,halo mas tapir
Politik / SARA / Labeling,tapir bule kah wkwk,Tapir bule kah? wkwk
Politik / SARA / Labeling,au marhoon tajir tapir mana oyyy,AU MARHOON TAJIR TAPIR KEMANA OYYY
Politik / SARA / Labeling,semangat ka tapir,SEMANGAT KA TAPIR
Politik / SARA / Labeling,surup jin binatang tapir,Ibu ini juga pernah kesurupan jin binatang tapir
Politik / SARA / Labeling,last updated tajir tapir sempet baca nungguin klandestin tp kak fiey deact,"last updated tajir tapir belum sempet kubaca semuanya nungguin klandestin juga, tp kak fiey deact"
Politik / SARA / Labeling,tapir,Tapir #UnAñoDeErrewayTour
Politik / SARA / Labeling,woy tapirelo dukung zionis untung anjing kecut kah,"Woy Tapir,elo dukung Zionis apa untungnya?
Apa karena sama2 anjing pengecut kah ?"
Politik / SARA / Labeling,tapir,Tapir
Politik / SARA / Labeling,mas tapir dah,Mas tapir dah balik dari luar?
Politik / SARA / Labeling,akun min fiey ocol gada buset mana gua kangen radun tajir tapir,akun min fiey sama ocol gada buset.. kemana.. gua kangen radun sama tajir tapir
Politik / SARA / Labeling,waow,Waow
Politik / SARA / Labeling,pov tapir sultan,pov tapir sultan
Politik / SARA / Labeling,anjayyy otak seks mulu tapir wkwkw,"anjayyy, otaknya seks mulu ya tapir wkwkw"
Politik / SARA / Labeling,gw kutuk tapir lu,Gw kutuk jadi tapir lu 
Politik / SARA / Labeling,banget mbak ngerusuhin tuyul,BANGET MBAK  Masih mau ngerusuhin semua tuyul 
Politik / SARA / Labeling,gue bang ane tuyul,"buat gue mana bang
(ane bukan tuyul)"
Politik / SARA / Labeling,cup cup yuk moga ganti yaa sana melihara tuyul,"cup cup sini aku peyuk, semoga nanti ada gantinya yaa, jangan jangan disana ada yang melihara tuyul"
Politik / SARA / Labeling,kalo keluarga kalo hujan panas tuyul,Kalo di keluarga aku kalo hujan panas katanya ada tuyul 
Politik / SARA / Labeling,bisaa nambang pake akun tuyul,Bisaa tadi aku nambang pake akun tuyul
Politik / SARA / Labeling,mending tuyul ga si kasih main kepiting sodara kasih ketupat kosong,Mendingan tuyul ga si dikasih mainan kepiting. Ini sodara sendiri malah dikasih ketupat kosong 
Politik / SARA / Labeling,tuyul nyuri mall tuyul nyuri negara,"Tuyul nyuri di mall
Tuyul nyuri di negara"
Politik / SARA / Labeling,disamaain tuyul sih,KENAPA DISAMAAIN SAMA TUYUL SIH
Politik / SARA / Labeling,welcome tuyul lebah,welcome tuyul lebah
Politik / SARA / Labeling,ketawain ga duit aja gue ketawa skin kuntilanak nih bos,"Yang artinya semua aku ketawain, ga punya duit aja gue ketawa, skin nya kuntilanak nih bos"
Politik / SARA / Labeling,belakang kuntilanak merah,dibelakang ada kuntilanak merah
Politik / SARA / Labeling,atas kuntilanak,di atasnya ada kuntilanak
Politik / SARA / Labeling,tuju rumah kuntilanak merah ktna liat parah ganggu,"setuju, dirumah lama aku ada kuntilanak merah (ini ktna aku bisa liat) dan lebih parah ganggunya"
Politik / SARA / Labeling,digital shop rumah pensiun buku produkproduk gue btw when kuntilanak rockstar gets retired ill also put up digital version kek gue nambah artbook susucoklat kemaren,"Digital shop ini bakal jadi 'rumah pensiunan' buat buku atau produk-produk gue btw --- when kuntilanak rockstar gets retired i'll also put up a digital version!

Keknya gue bakal nambah artbook susucoklat kemaren juga"
Politik / SARA / Labeling,gue tau kuntilanak varian warna warna merah jahat,Gue baru tau kalau kuntilanak ada varian warnanya dan warna merah yang paling jahat 
Politik / SARA / Labeling,kuntilanak rambut kek maksud ga cewe rambut gitu loh ga kunti yg rambut bobmulletwolfcut gitu,"Kenapa ya kuntilanak itu rambutnya panjang?? Kek maksudku kan ga semua cewe rambutnya panjang gitu loh  

Kenapa ga ada kunti yg rambutnya bob/mullet/wolfcut gitu?? "
Politik / SARA / Labeling,creeps will be always creeps pake foto kuntilanak jg liat sm yg lain kek gitu bikin bahan gitu jg gak pilih pilih korban jgn batas hak ekspres grgr kek gitu dunia yg normal gak tentu sma lain,"creeps will be always creeps. Mau pake foto kuntilanak jg kalau diliat sm orang yg punya kelainan kek gitu ya bakal dibikin bahan gitu jg. Mereka gak pilih pilih korban. Jgn membatasi hak berekspresi grgr orang kek gitu, dunia kita yg normal gak ditentukan sma kelainan mereka"
Politik / SARA / Labeling,lu byngin klau lg comeback bcw jd adila kuntilanak yg hinggp punggung tri,Lu byngin klau dia mau lg comeback ke bcw jd apa adila kuntilanak yg hinggp di punggung trian
Politik / SARA / Labeling,serius nanya mah kuntilanak mati kubur pae kain kafan kuntilanak dapet daster darimana dalem kubur tukang jahit kah,"serius nanya ini mah, katakanlah kuntilanak itu ada ya..
nah orang mati kan dikubur pae kain kafan kan, terus itu kuntilanak dapet daster darimana ??
didalem kubur ada tukang jahit kah ?"
Politik / SARA / Labeling,dgn konsep jd kuntilanak kak,Dgn konsep dia jd kuntilanak ya kak
Politik / SARA / Labeling,yah lu gua bangkitin adila dri kubur pke paku kuntilanak,Yah mau lu gua bangkitin adila dri kubur pke paku kuntilanak
Politik / SARA / Labeling,gagal manusia mending pindah alam nemenin kuntilanak kasi eh kela boa boa kunti na ge embungeun hahahaha,"Gagal jadi manusia berarti, mending pindah alam nemenin kuntilanak kasian sendirian terus, eh kela boa boa Kunti na ge embungeun hahahaha"
Politik / SARA / Labeling,sperti kuntilanak,Sperti kuntilanak y
Politik / SARA / Labeling,gapernah surup surup batin kebukaa the real hantu so far hantu seram kuntilanak merahh kuyang tahun obat udah gapernah ketemu tp bulan mlh ketemu kunti karna pulang magrib,"gapernah kesurupan, pertama kesurupan mata batin langsung kebukaa, the real hampir setiap hari melihat hantu, so far hantu terseram kuntilanak merahh, sama kuyang bertahun2 berobat akhirnya udah gapernah ketemu mereka. tp sebulan yang lalu mlh  ketemu kunti karna pulang magrib"
Politik / SARA / Labeling,waktu pas pacar doi ngambek kabur pulang eh pas dtengah jalan nelpon digangguin kuntilanak pas kubur wkwkwk,Dulu waktu pas pacaran doi pernah ngambek kabur lah pulang sendirian.. Eh pas dtengah jalan nelpon digangguin kuntilanak pas lewat kuburan.. Wkwkwk
Politik / SARA / Labeling,monyet babi israeliyat berani indonesia cari bunuh satu seitan iblis benyamin otak tumpul hrs hukum mati tembak kepala babi lu,Para monyet para babi israeliyat berani masuk indonesia cari dan bunuh satu persatu seitan iblis benyamin otak tumpul hrs dihukum mati tembak dikepalanya babi lu
Politik / SARA / Labeling,pancing jiwa iblis gw,jangan memancing jiwa iblis gw
Politik / SARA / Labeling,zionis israel bangsa iblis biadab layak musnah iran,Zionis Israel bangsa iblis biadab .... Layak dimusnahkan Iran.
Politik / SARA / Labeling,gue butuh seger rewatch weightlifting fairy kimbookjoo aja deh bye agz set iblis kalo mantan asing,"Gue butuh yang seger2 rewatch weightlifting fairy kimbookjoo aja deh, bye agz sinet iblis.. Kembali kalo mantan itu asing"
Politik / SARA / Labeling,emang diharepin anak raja iblis tu apaaaa gaby mah cuman dapet hikmah doang udah nurun raymon,Ya tapi emang apa yang diharepin dari anaknya raja iblis tu apaaaa...? gaby mah cuman dapet hikmahnya doang... semuanya udah nurun dari raymon 
Politik / SARA / Labeling,runtuh rezim iblis dunia allah,Kapan runtuhnya rezim2 iblis di dunia ini ya Allah
Politik / SARA / Labeling,juang lelah berat tekan bathin emosional uji kuat hadap iblis antek menghadang benar utk ditegakkantp percaya bhw iblis lemah dukung tim horeetermul iblisbaca si jack kuat,"Perjuangan melelahkan dan berat, tekanan bathin dan emosional diuji, seberapa kuat menghadapi iblis dan antek2nya menghadang kebenaran itu utk ditegakkan..tp percayalah bhw sebenarnya Iblis itu lemah hanya pendukung2nya dan tim horee(termul) membuat Iblis(baca: si Jack) jadi kuat"
Politik / SARA / Labeling,kpk tolol gimana iblis rela tolol,"KPK TOLOL apa gimana? 
Demi iblis rela jadi TOLOL"
Politik / SARA / Labeling,menjadijadi iblis,MAKIN menjadi-jadi... Ini orang apa iblis
Politik / SARA / Labeling,gue kalo liat hynlx tuh gue towewewww hmmmm apkh ak ubah raja iblis guling rezim hynlx dpt hanimun bojongsoang ketemu wajah bahlil,kenapa ya gue kalo liat hynlx tuh MATA gue langsung TOWEWEWWW hmmmm apkh sudah saatnya ak berubah menjadi RAJA IBLIS dan MENGGULINGKAN REZIM agar hynlx dpt HANIMUN ke bojongsoang tanpa ketemu wajah bahlil???
Politik / SARA / Labeling,her gue dkung bgt lu jdi karakter iblis,her gue dkung bgt lu jdi karakter iblis
Politik / SARA / Labeling,fisik gorila hati iblis,"Fisik mirip gorila, hati iblis"
Politik / SARA / Labeling,keti kayak lg lomba cocok jd raja iblis,Ketikannya kayak lg lomba siapa paling cocok jd raja iblis
Politik / SARA / Labeling,anime ayam sih wwk seru rooster fight ayam lawan iblis wkkw,"Anime ayam nya ini apaan sih wwk 

Seru juga Rooster Fight. Ayam lawan Iblis wkkw"
Politik / SARA / Labeling,kayak iblis malu laku,Kayaknya iblis malu melihat kelakuan dia
Politik / SARA / Labeling,iblis ubah apa emas spoilernya air spoilernya bagi epilog eps kemaren liat yg mvp partynya frieren,Iblis yang bisa ubah apapun jadi emas. Tapi bukan ini bagian spoilernya. Justru Air mata spoilernya. Dibagian epilog eps terakhir kemaren keliatan yg bakalan jadi MVP siapa selain partynya frieren
Politik / SARA / Labeling,raja ama setan aja tunduk dewa si vampir doang mah sadar canda ges canda,Raja ama setan aja tunduk ke dewa. Si  vampir doang mah g sadar diri (canda ges canda--)
Politik / SARA / Labeling,sumbu club merah gambar setanyg ikut sulut tp dkasi fakta pd diem jiper ngebanter,"Sumbu nya di club merah bergambar setan,yg lain ikutan tersulut, tp dkasi fakta pd diem jiper mau ngebanter"
Politik / SARA / Labeling,ditengahtengah kosong setan gk dua,"itu ditengah-tengah kosong ada setan pasti, gk baik berduaan"
Politik / SARA / Labeling,wkwkwkwk tiga setan,wkwkwkwk yang ketiga biasanya setan .g
Politik / SARA / Labeling,halal is my way laku kayak setan neraka jahanam sori gak maafin kek gitu gak sesal ngefitnah akun angus bikin fix laku buzzer sih,"Halal is my way, tapi kelakuan kayak setan yang keluar dari neraka Jahanam, sori amat, aku gak akan maafin orang kek gitu, masa gak ada penyesalannya, setiap hari ngefitnah terus, akun angus bisa bikin lagi, fix kelakuan buzzer, sih"
Politik / SARA / Labeling,gw ga nyangka sih bang kemarin pas nanya ga sadar sih drama bgt setan,"""gw masih ga nyangka sih bang""
""harusnya kemarin pas nanya kita ga jawab dia sadar sih""

DRAMA BGT SETAN "
Politik / SARA / Labeling,yg kadruuun luu golong setan kaum sumbu pendek lu,Yg kadruuun luu.. golongan setan.. kaum sumbu pendek lu
Politik / SARA / Labeling,yg khawatir hilang harga bangsa gara jabat tangan setan nyaho,Yg di khawatirkan hilang harga diri bangsa gara2 berjabat tangan sama setan nyaho
Politik / SARA / Labeling,yah emang setan udah kandang puasa gitu kak dimaafin ngelunjak dibiarin kayak gitu bounty no wonder sih inget akun kloning afif silitonga,"Yah emang setan udah keluar dari kandang setelah puasa ya gitu, kak, dimaafin malah makin ngelunjak, dibiarin malah makin menjadi, rasanya kayak ada gitu yang mau bounty dia, tapi no wonder sih, baru inget itu akun kloningan Afif Silitonga"
Politik / SARA / Labeling,kasi lu kek setan rak,Mau kasian juga lu dulu kek setan lagi rak
Politik / SARA / Labeling,plis jgn varian gil kalo koleb sq gw rip lingkar setan farming,"plis jgn ada varian baru Gil dulu kalo semisal koleb 
sq gw rip
balik ke lingkaran setan farming 24/7"
Politik / SARA / Labeling,kayak hati buat dr setan,Kayaknya hatimu terbuat dr setan ya
Politik / SARA / Labeling,lepas banyak bencana yg gua syukur hujan panas kaya setan,"terlepas dari banyaknya bencana yg terjadi. Gua cuma mau bersyukur akhirnya hujan, soalnya hari hari panas nya kaya setan."
Politik / SARA / Labeling,setan godzilla wkwkk jngn buto ijo,setan apa godzilla itu wkwkk apa jngn2 buto ijo
Politik / SARA / Labeling,mana setan,Dimana ada setan ?
Politik / SARA / Labeling,sebut kulit putih bangsa eropa maksud amerikajadi bingung setan teroris zionis israel belindung agama yahudi rana yahudi sungguh hidup damping,"sebutan orang kulit putih disini adalah mereka dari bangsa eropa termaksud amerika,jadi kamu tidak perlu bingung lagi.

mereka adalah setan (teroris zionis israel) yang belindung di balik agama yahudi.
kerana yahudi sesungguhnya selalu bisa hidup berdampingan."
Degradasi Moral & Pelecehan Seksual,lonte abis kaum,"Kapan lonte nya abis???, kaum kamu itu "
Degradasi Moral & Pelecehan Seksual,lonte habis kaum,Kapan lonte nya habis?? Kan kaum kamu itu 
Degradasi Moral & Pelecehan Seksual,habis lonte kalo udah gada kontol gatal yg mes bodoh wokwowkwok lonte demand mending tu lonte lesbi kagak ngabrut banget deh lu bloon stafsusss,"Kapan bisa habis lontenya kalo udah gada kontol gatal yg memesan bodoh WOKWOWKWOK lonte ada karena demand ada, mending tu lonte lesbi kagak kan  ngabrut banget deh kok lu bloon amat stafsusss "
Degradasi Moral & Pelecehan Seksual,aduhai bahas bahas harass keinget gw dikatain lonte perkara fiksi lol,Aduhai bahas bahas harass jadi keinget gw dikatain lonte 15k perkara fiksi lol 
Degradasi Moral & Pelecehan Seksual,pahamin definisi lonte bang kalo ga perawan korban ks kondisi medis nama lonte sederhana bawa mana,"Pahamin definisi lonte dulu bang

Kalo ga perawan karena korban ks, kondisi medis namanya bukan lonte.

Sesederhana itu kok padahal, malah dibawa kemana2."
Degradasi Moral & Pelecehan Seksual,yawda ajarin kaum lu koncil mesen lonte michat kalo gada yg mesen lonte pensiun sampe tuh demandnya kaum lu yg gabisa jaga kontol woqkqokwoqkqik,Yawda ajarin kaum lu juga koncil jangan mesen lonte di michat kalo gada yg mesen itu juga lonte bakal pensiun tapi sampe saat ini masih besar juga tuh demandnya artinya apa? Kaum lu itu yg gabisa jaga kontolnya WOQKQOKWOQKQIK 
Degradasi Moral & Pelecehan Seksual,ngajarin bloon keluarga sekolah dll yaudah kau kampanye lonte jual memek melulu michat,"Semua tempat sudah ngajarin itu bloon

Mulai dari keluarga, sekolah dll

Yaudah, kau kampanye juga sama lonte sana, jangan jualan memek melulu di michat"
Degradasi Moral & Pelecehan Seksual,ngapain iri lonte udah turun mesin wkwk,ngapain iri sama lonte yang udah turun mesin tiga kali wkwk
Degradasi Moral & Pelecehan Seksual,lgsg sewa lonte tawar cocok lgsg bungkus knp pake deketin anak org dlu dh,"Padahal dia bisa lgsg sewa lonte sekali tawar cocok lgsg bungkus, knp pake deketin anak org dlu dh"
Degradasi Moral & Pelecehan Seksual,brrti gw yg anjay yg nanya duit cowo ga peroko ga doyan lonte mana liat aset gamenya liat daerah aja yg udh injek liat koleksi inner child ga melulu duit cowo abis roko ama pepek doang,"brrti gw bagian yg sedikitnya anjay, yg nanya duit cowo ga peroko ga doyan lonte kemana, liat aset gamenya, liat daerah apa aja yg udh dia injek, liat koleksi inner child dia, ga melulu ya duit semua cowo abis buat roko ama pepek doang"
Degradasi Moral & Pelecehan Seksual,laki laki ngajarin perempuan mulu gak berkhutbah kaum kek ayo man prinsip perjaka coblos beli lonte gitu lohhh yg bikin gue muak tu laki ngajarin perempuan while kaum lu gak bener,"Makanya kalian laki laki daripada ngajarin perempuan mulu kenapa gak berkhutbah ke kaum kalian kek ""Ayo man kita punya prinsip harus jadi perjaka jangan coblos sana sini atau beli lonte"" gitu lohhh, yg bikin gue muak tu laki terus ngajarin perempuan while kaum lu juga gak bener."
Degradasi Moral & Pelecehan Seksual,gua tau ngebesarin anak tuh susah bgt pls kalo bioskop perhatiin ank kaliankemarin pas nonton tibatiba anak ngomong lonte berkalikali gak diem jalan depan layar bioskop bolak anak satu ngangkat kaki kursi dpn,"gua tau kok ngebesarin anak tuh susah bgt, tapi pls kalo kalian lagi di bioskop perhatiin ank kaliankemarin pas nonton tiba-tiba anaknya ngomong lonte berkali-kali, mana dia gak bisa diem jalan kedepan layar bioskop bolak balik. terus anak satunya ngangkat kaki ke kursi dpn dia"
Degradasi Moral & Pelecehan Seksual,mending lonte bayar dapet uang,mending lonte dibayar dapet uang
Degradasi Moral & Pelecehan Seksual,knpa kaya lonte laku kaya lonte,knpa aku kaya lonte ya dan diperlakukan kaya lonte
Degradasi Moral & Pelecehan Seksual,lonte tingkah,Lonte banyak tingkah
